ticker,fund_name,initial_date,1999,2000,2001,2002,2003,2004,2005,2006,2007,2008,2009,2010,2011,2012,2013,2014,2015,2016,2017,2018,2019,2020,2021,2022,2023,2024
FCG,First Trust Natural Gas ETF,2007-05-11,NA,NA,NA,NA,NA,NA,NA,NA,0.12784672521823337,-0.46440708810451636,0.5006956637046762,0.12193217678647983,-0.07205127349561768,-0.13434914951998356,0.24865995991215528,-0.4198589459426979,-0.5906064636290319,0.19524911144293244,-0.11379588231464521,-0.3481168179440113,-0.15756977356703905,-0.23185899083130201,0.9848964884182603,0.47240078333052526,0.025475525152380385,-0.020996303403011396
FCOM,Fidelity MSCI Communication Services Index ETF,2013-10-24,NA,NA,NA,NA,NA,NA,NA,NA,NA,NA,NA,NA,NA,NA,0.02001583686729047,0.06344377956257552,0.03291082070953344,0.22590200699078444,0.03673538797602327,-0.053257880234383714,0.266927201215859,0.2833135948473522,0.1348439709186493,-0.38967203395289385,0.4466707384229791,0.008978710050036254
FCPI,Fidelity Stocks for Inflation ETF,2019-11-07,NA,NA,NA,NA,NA,NA,NA,NA,NA,NA,NA,NA,NA,NA,NA,NA,NA,NA,NA,NA,0.04429545831165038,0.02185452722606085,0.34191119724563923,-0.0710545061307436,0.15393827985214315,0.011657169886997831
FCTR,First Trust Lunt U.S. Factor Rotation ETF,2018-08-02,NA,NA,NA,NA,NA,NA,NA,NA,NA,NA,NA,NA,NA,NA,NA,NA,NA,NA,NA,-0.12086687839883292,0.30904385075626606,0.301755843512866,0.21041384821371367,-0.20414891129847568,0.0042623702235815575,-0.024469243712613165
FCUS,Tidal ETF Trust II Pinnacle Focused Opportunities ETF,2022-12-30,NA,NA,NA,NA,NA,NA,NA,NA,NA,NA,NA,NA,NA,NA,NA,NA,NA,NA,NA,NA,NA,NA,NA,0,0.2112450854541994,-0.011234519275132193
FDCE,Affinity World Leaders Equity ETF Foundations Dynamic Core ETF,2023-10-16,NA,NA,NA,NA,NA,NA,NA,NA,NA,NA,NA,NA,NA,NA,NA,NA,NA,NA,NA,NA,NA,NA,NA,NA,0.11902413693179126,-0.016136204017059286
FDEC,FT Vest U.S. Equity Buffer ETF - December,2020-12-21,NA,NA,NA,NA,NA,NA,NA,NA,NA,NA,NA,NA,NA,NA,NA,NA,NA,NA,NA,NA,NA,0.01372811517735939,0.1411649583619794,-0.0918189465802769,0.22764488027333707,0.00410361222170641
FDG,American Century Focused Dynamic Growth ETF,2020-04-02,NA,NA,NA,NA,NA,NA,NA,NA,NA,NA,NA,NA,NA,NA,NA,NA,NA,NA,NA,NA,NA,0.9361229636127153,0.08522958120009938,-0.35744361604206387,0.3722051074736521,0.005099016012832802
FDGR,Affinity World Leaders Equity ETF Foundations Dynamic Growth E,2023-10-16,NA,NA,NA,NA,NA,NA,NA,NA,NA,NA,NA,NA,NA,NA,NA,NA,NA,NA,NA,NA,NA,NA,NA,NA,0.09100710509309007,-0.007460690616221899
FDIF,Fidelity Disruptors ETF,2023-06-20,NA,NA,NA,NA,NA,NA,NA,NA,NA,NA,NA,NA,NA,NA,NA,NA,NA,NA,NA,NA,NA,NA,NA,NA,0.0648585327316229,-0.00755568042232313
FDIS,Fidelity MSCI Consumer Discretionary Index ETF,2013-10-24,NA,NA,NA,NA,NA,NA,NA,NA,NA,NA,NA,NA,NA,NA,0.06479882687991112,0.09386067631102657,0.063014802960764,0.061820367766966866,0.22941059146329668,-0.008774212211988264,0.27438248279598976,0.49504843107618934,0.24246010870034307,-0.35231993117036586,0.40480343143364617,-0.025462402762432168
FDIV,MarketDesk Focused U.S. Dividend ETF,2023-09-20,NA,NA,NA,NA,NA,NA,NA,NA,NA,NA,NA,NA,NA,NA,NA,NA,NA,NA,NA,NA,NA,NA,NA,NA,0.07398488250518476,-0.0034674753272890824
FDL,First Trust Morningstar ETF,2006-03-15,NA,NA,NA,NA,NA,NA,NA,0.182998137245169,-0.10963860235865652,-0.3107761016010312,0.1343295715597126,0.16127579093306754,0.1440708406076423,0.09087702275824094,0.2267449437765252,0.13203715610009636,0.02628985009251683,0.2073147640328996,0.11999405502807714,-0.05995060822101872,0.24410292709462245,-0.04298205646821274,0.2610052561934326,0.06653989532785243,0.029389789220686913,0.003065791724552458
FDLO,Fidelity Low Volatility Factor ETF,2016-09-15,NA,NA,NA,NA,NA,NA,NA,NA,NA,NA,NA,NA,NA,NA,NA,NA,NA,0.03549789707361084,0.20440923384170828,-0.0026121326407434475,0.31098325455236253,0.12186251850128893,0.23673910902953366,-0.10383923829478581,0.1637994168333834,0.007551400829972188
FDLS,Northern Lights Fund Trust IV Inspire Fidelis Multi Factor ETF,2022-08-24,NA,NA,NA,NA,NA,NA,NA,NA,NA,NA,NA,NA,NA,NA,NA,NA,NA,NA,NA,NA,NA,NA,NA,-0.01679409887422445,0.20330708767370886,-0.02791697334841603
FDM,First Trust DJ Select MicroCap ETF,2005-09-30,NA,NA,NA,NA,NA,NA,0.02510142297170037,0.15892914728163743,-0.073574997471743675,-0.31918223639238086,0.2004613243497846,0.25573369208939023,-0.08635863518459996,0.15724532646567346,0.4412158762894822,0.03258583527509207,-6.406832560046372e-4,0.35902192606877903,0.08721870338037307,-0.13524053682125525,0.27446298443218553,-0.04039826772629074,0.3507920464132266,-0.11618488711520747,0.12772303982195354,-0.04678837503660627
FDMO,Fidelity Momentum Factor ETF,2016-09-15,NA,NA,NA,NA,NA,NA,NA,NA,NA,NA,NA,NA,NA,NA,NA,NA,NA,0.01880011703970763,0.23930982028310965,-0.04131487983954707,0.25293075863542946,0.21706224114413608,0.22233629116173192,-0.1932128273400503,0.24788341264763947,0.007804271134735474
FDN,First Trust DJ Internet Index Fund,2006-06-23,NA,NA,NA,NA,NA,NA,NA,0.1003897169686001,0.11293188788380526,-0.44029381551902824,0.791161658600974,0.36723205596668995,-0.05823132254014851,0.20650161427835312,0.5360533419370399,0.024390228359272292,0.21673191424769533,0.06996382761024789,0.37642483694236284,0.06170373660507633,0.19252520786927607,0.5255175616471772,0.06549502631625304,-0.4554017650612133,0.5148193320367596,0.008255123349987459
FDRR,Fidelity Dividend ETF for Rising Rates,2016-09-15,NA,NA,NA,NA,NA,NA,NA,NA,NA,NA,NA,NA,NA,NA,NA,NA,NA,0.055454188582689135,0.19292961582595303,-0.03595042706068452,0.2686252147831725,0.08234829805347421,0.26056982508068405,-0.10469200843110593,0.1365616533961711,-2.960847226277652e-4
FDTB,Affinity World Leaders Equity ETF Foundations Dynamic Income E,2023-10-03,NA,NA,NA,NA,NA,NA,NA,NA,NA,NA,NA,NA,NA,NA,NA,NA,NA,NA,NA,NA,NA,NA,NA,NA,0.026528919053615097,-0.01212934111153241
FDV,Federated Hermes ETF Trust Federated Hermes U.S. Strategic Div,2022-11-16,NA,NA,NA,NA,NA,NA,NA,NA,NA,NA,NA,NA,NA,NA,NA,NA,NA,NA,NA,NA,NA,NA,NA,0.01919124652393056,-0.021517717089338695,0.00583087831377993
FDVL,Affinity World Leaders Equity ETF Foundations Dynamic Value ET,2023-10-16,NA,NA,NA,NA,NA,NA,NA,NA,NA,NA,NA,NA,NA,NA,NA,NA,NA,NA,NA,NA,NA,NA,NA,NA,0.08244535722787694,-0.0037594320277515303
FDVV,Fidelity High Dividend ETF,2016-09-15,NA,NA,NA,NA,NA,NA,NA,NA,NA,NA,NA,NA,NA,NA,NA,NA,NA,0.050550138228856234,0.13959302738552304,-0.012583302244341676,0.24070784454606375,0.02798602927402971,0.2924121404540132,-0.04210103567311718,0.1800084853266133,0.0028382864249465456
FDWM,Fidelity Women's Leadership ETF,2021-06-17,NA,NA,NA,NA,NA,NA,NA,NA,NA,NA,NA,NA,NA,NA,NA,NA,NA,NA,NA,NA,NA,NA,0.053744528306785444,-0.1896266844660922,0.22791904874248337,-0.008247956442077098
FEBT,AIM ETF Products Trust AllianzIM U.S. Large Cap Buffer10 Feb E,2023-02-01,NA,NA,NA,NA,NA,NA,NA,NA,NA,NA,NA,NA,NA,NA,NA,NA,NA,NA,NA,NA,NA,NA,NA,NA,0.14734123934363597,0.004911292423465996
FEBW,AIM ETF Products Trust AllianzIM U.S. Large Cap Buffer20 Feb E,2023-02-01,NA,NA,NA,NA,NA,NA,NA,NA,NA,NA,NA,NA,NA,NA,NA,NA,NA,NA,NA,NA,NA,NA,NA,NA,0.10625796511560526,0.003589320600514867
FEBZ,TrueShares Structured Outcome (February) ETF,2021-02-01,NA,NA,NA,NA,NA,NA,NA,NA,NA,NA,NA,NA,NA,NA,NA,NA,NA,NA,NA,NA,NA,NA,0.20526256491078665,-0.10325150041511377,0.2065157124810435,0.0011463708117873672
FEDL,ETRACS 2x Leveraged IFED Invest with the Fed TR Index ETN,2021-09-17,NA,NA,NA,NA,NA,NA,NA,NA,NA,NA,NA,NA,NA,NA,NA,NA,NA,NA,NA,NA,NA,NA,0.191543389324643,-0.1106192330325344,0.340158010743177,0.012232920586750629
FEIG,FlexShares ESG & Climate Investment Grade Corporate Core Index,2021-09-21,NA,NA,NA,NA,NA,NA,NA,NA,NA,NA,NA,NA,NA,NA,NA,NA,NA,NA,NA,NA,NA,NA,-0.014612208728807197,-0.1590783386549186,0.0780130119021809,-0.0015139622130945218
FELC,Fidelity Covington Trust Fidelity Enhanced Large Cap Core ETF,2023-11-20,NA,NA,NA,NA,NA,NA,NA,NA,NA,NA,NA,NA,NA,NA,NA,NA,NA,NA,NA,NA,NA,NA,NA,NA,0.056751708856632055,0.006734418924227992
FELG,Fidelity Covington Trust Fidelity Enhanced Large Cap Growth ET,2023-11-20,NA,NA,NA,NA,NA,NA,NA,NA,NA,NA,NA,NA,NA,NA,NA,NA,NA,NA,NA,NA,NA,NA,NA,NA,0.04201932438382561,0.009531071458748652
FELV,Fidelity Covington Trust Fidelity Enhanced Large Cap Value ETF,2023-11-20,NA,NA,NA,NA,NA,NA,NA,NA,NA,NA,NA,NA,NA,NA,NA,NA,NA,NA,NA,NA,NA,NA,NA,NA,0.07190718256309725,-0.002495323444056452
FENY,Fidelity MSCI Energy Index ETF,2013-10-24,NA,NA,NA,NA,NA,NA,NA,NA,NA,NA,NA,NA,NA,NA,0.03670666687052648,-0.09872893242817737,-0.23139043999886855,0.2711061495263887,-0.022965597992298026,-0.19991629371184672,0.09112222765703848,-0.3315382773606239,0.5561834296494828,0.6293970004241305,-3.790080515212457e-4,-0.014756950480794173
FEPI,REX FANG & Innovation Equity Premium Income ETF,2023-10-11,NA,NA,NA,NA,NA,NA,NA,NA,NA,NA,NA,NA,NA,NA,NA,NA,NA,NA,NA,NA,NA,NA,NA,NA,0.11700316093679519,0.007046128547375741
FESM,Fidelity Covington Trust Fidelity Enhanced Small Cap ETF,2023-11-20,NA,NA,NA,NA,NA,NA,NA,NA,NA,NA,NA,NA,NA,NA,NA,NA,NA,NA,NA,NA,NA,NA,NA,NA,0.12190735790931129,-0.03214915778191141
FEUS,FlexShares ESG & Climate US Large Cap Core Index Fund,2021-09-21,NA,NA,NA,NA,NA,NA,NA,NA,NA,NA,NA,NA,NA,NA,NA,NA,NA,NA,NA,NA,NA,NA,0.09973654548021682,-0.19100839677349413,0.2553962093522739,0.003554593074941881
FEX,First Trust Large Cap Core AlphaDEX Fund,2007-05-10,NA,NA,NA,NA,NA,NA,NA,NA,-0.05380281818237409,-0.387142412528227,0.36854779066292953,0.20632557229698278,-0.0041715453857438245,0.14462193756652764,0.3596947360827665,0.12245499502011392,-0.03962124676611545,0.1427378843823892,0.21409779517600214,-0.0988781064807771,0.2692663983968111,0.1428560837272539,0.2681938273217388,-0.11857390887711328,0.14302776347610302,-0.006765756273010459
FFEB,FT Vest U.S. Equity Buffer ETF - February,2020-02-24,NA,NA,NA,NA,NA,NA,NA,NA,NA,NA,NA,NA,NA,NA,NA,NA,NA,NA,NA,NA,NA,0.09827360256795492,0.16263594182656171,-0.07506493217952126,0.19950512849576452,0.002812344779273168
FFND,The Future Fund Active ETF,2021-08-25,NA,NA,NA,NA,NA,NA,NA,NA,NA,NA,NA,NA,NA,NA,NA,NA,NA,NA,NA,NA,NA,NA,-0.04887263294585831,-0.39837530480927774,0.4004798047209688,-0.012137282424529161
FFOG,Franklin Templeton ETF Trust Franklin Focused Growth ETF,2023-11-06,NA,NA,NA,NA,NA,NA,NA,NA,NA,NA,NA,NA,NA,NA,NA,NA,NA,NA,NA,NA,NA,NA,NA,NA,0.12413018879956339,0.014386511306627492
FGRO,Fidelity Growth Opportunities ETF,2021-02-04,NA,NA,NA,NA,NA,NA,NA,NA,NA,NA,NA,NA,NA,NA,NA,NA,NA,NA,NA,NA,NA,NA,0.011730330174978265,-0.3785967762983419,0.4971586226082685,0.0037430045532431677
FHLC,Fidelity MSCI Health Care Index ETF,2013-10-24,NA,NA,NA,NA,NA,NA,NA,NA,NA,NA,NA,NA,NA,NA,0.057735092786889375,0.2506987692927636,0.0706376412291514,-0.03759711848215963,0.23345101588064288,0.05528141492705596,0.21938080789074021,0.1813468763536248,0.19993403151798628,-0.05880303939025444,0.025837182570279227,0.025351666838069553
FIDU,Fidelity MSCI Industrials Index ETF,2013-10-24,NA,NA,NA,NA,NA,NA,NA,NA,NA,NA,NA,NA,NA,NA,0.07909822534103195,0.06675403827215654,-0.036437007971854785,0.20089052250367145,0.22237163217186762,-0.13849906854694405,0.3069011492011151,0.13717365864732445,0.20627231334020335,-0.08364193712946277,0.22623588261745065,-0.01959824876548777
FITE,SPDR S&P Kensho Future Security ETF ,2017-12-27,NA,NA,NA,NA,NA,NA,NA,NA,NA,NA,NA,NA,NA,NA,NA,NA,NA,NA,-0.0034954346690410087,-0.00531270299474107,0.3396111245402411,0.20375690436817306,0.14454889402862325,-0.17979079516514818,0.28481043879639123,-0.010173679349026243
FIVG,Defiance Next Gen Connectivity ETF,2019-03-05,NA,NA,NA,NA,NA,NA,NA,NA,NA,NA,NA,NA,NA,NA,NA,NA,NA,NA,NA,NA,0.06811380571805015,0.2978296894375163,0.25677741479974614,-0.27263901327171725,0.21828591267993058,-0.005077111220554098
FJAN,FT Vest U.S. Equity Buffer ETF - January,2021-01-19,NA,NA,NA,NA,NA,NA,NA,NA,NA,NA,NA,NA,NA,NA,NA,NA,NA,NA,NA,NA,NA,NA,0.12582560698628775,-0.039601011090597216,0.21655466674123613,0.0055234093872005285
FJUL,FT Vest U.S. Equity Buffer ETF - July,2020-07-20,NA,NA,NA,NA,NA,NA,NA,NA,NA,NA,NA,NA,NA,NA,NA,NA,NA,NA,NA,NA,NA,0.08272127245293293,0.10801567002792378,-0.06247606691890162,0.2132695281936634,0.0022825858515422848
FJUN,FT Vest U.S. Equity Buffer ETF - June,2020-06-22,NA,NA,NA,NA,NA,NA,NA,NA,NA,NA,NA,NA,NA,NA,NA,NA,NA,NA,NA,NA,NA,0.11668303635646526,0.11473438308607786,-0.04947475217625774,0.22299178371236206,0.002264971022990281
FLCA,Franklin FTSE Canada ETF,2017-11-06,NA,NA,NA,NA,NA,NA,NA,NA,NA,NA,NA,NA,NA,NA,NA,NA,NA,NA,0.024864890590462485,-0.15551826781233602,0.2842002540925479,0.06306526979075167,0.2867265349282455,-0.11929973861066556,0.14712424025127646,-0.013237136558007068
FLDZ,RiverNorth Patriot ETF,2022-01-03,NA,NA,NA,NA,NA,NA,NA,NA,NA,NA,NA,NA,NA,NA,NA,NA,NA,NA,NA,NA,NA,NA,NA,-0.11728680955478943,0.12156579135386547,-0.013834437714033254
FLLV,Franklin U.S. Low Volatility ETF,2016-09-22,NA,NA,NA,NA,NA,NA,NA,NA,NA,NA,NA,NA,NA,NA,NA,NA,NA,0.00863418573051189,0.19656227525762082,-0.010299955501449132,0.3272332362994048,0.1233260860902583,0.233599180964442,-0.08538482895470001,0.1386657323064786,-1.7416046387663808e-4
FLMX,Franklin FTSE Mexico ETF,2017-11-06,NA,NA,NA,NA,NA,NA,NA,NA,NA,NA,NA,NA,NA,NA,NA,NA,NA,NA,-0.00921365588290246,-0.13321511468862823,0.12130759936782587,-0.03498112655228125,0.1958336360191546,0.02397045344747406,0.3934553792254749,-0.023407365062795393
FLOW,Global X Funds Global X U.S. Cash Flow Kings 100 ETF,2023-07-19,NA,NA,NA,NA,NA,NA,NA,NA,NA,NA,NA,NA,NA,NA,NA,NA,NA,NA,NA,NA,NA,NA,NA,NA,0.07922965376999613,-0.0033841184180570805
FLQL,Franklin U.S. Large Cap Multifactor Index ETF,2017-04-28,NA,NA,NA,NA,NA,NA,NA,NA,NA,NA,NA,NA,NA,NA,NA,NA,NA,NA,0.15039069063200872,-0.02795268387621397,0.2908827902521085,0.10671832307540519,0.2657933845868419,-0.14829565686230295,0.23580675891156644,0.008591781997571157
FLQM,Franklin U.S. Mid Cap Multifactor Index ETF,2017-04-28,NA,NA,NA,NA,NA,NA,NA,NA,NA,NA,NA,NA,NA,NA,NA,NA,NA,NA,0.10316656756207787,-0.04243278344166257,0.2856021740846586,0.15494846191425515,0.28758215358376527,-0.12953097110461453,0.174701636557836,-0.009765244343916901
FLQS,Franklin U.S. Small Cap Multifactor Index ETF,2017-04-28,NA,NA,NA,NA,NA,NA,NA,NA,NA,NA,NA,NA,NA,NA,NA,NA,NA,NA,0.07412435930739925,-0.058573100133122113,0.1833164924687185,0.10510463973190443,0.26586214715068635,-0.16875486748764912,0.20861194787114945,-0.035714271712313006
FLRG,Fidelity U.S. Multifactor ETF,2020-09-18,NA,NA,NA,NA,NA,NA,NA,NA,NA,NA,NA,NA,NA,NA,NA,NA,NA,NA,NA,NA,NA,0.10294480342805601,0.2935610863570397,-0.1098012303266056,0.18311390051915843,0.007189100112630964
FLV,American Century Focused Large Cap Value ETF,2020-04-02,NA,NA,NA,NA,NA,NA,NA,NA,NA,NA,NA,NA,NA,NA,NA,NA,NA,NA,NA,NA,NA,0.39272288298428104,0.1730482225314769,0.00941224615754388,0.062240349513286164,0.009340887801200237
FLYD,Bank of Montreal MicroSectors Travel -3x Inverse Leveraged ETN,2022-06-22,NA,NA,NA,NA,NA,NA,NA,NA,NA,NA,NA,NA,NA,NA,NA,NA,NA,NA,NA,NA,NA,NA,NA,-0.4622652754270653,-0.751385230062463,0.06744868424760098
FLYU,Bank of Montreal MicroSectors Travel 3x Leveraged ETN,2022-06-22,NA,NA,NA,NA,NA,NA,NA,NA,NA,NA,NA,NA,NA,NA,NA,NA,NA,NA,NA,NA,NA,NA,NA,-0.17795818552230835,1.1115907821889937,-0.07878846496191938
FMAG,Fidelity Magellan ETF,2021-02-04,NA,NA,NA,NA,NA,NA,NA,NA,NA,NA,NA,NA,NA,NA,NA,NA,NA,NA,NA,NA,NA,NA,0.2536898855189669,-0.2692196062371769,0.31251064937929107,0.010783916312727237
FMAR,FT Vest U.S. Equity Buffer ETF - March,2021-03-22,NA,NA,NA,NA,NA,NA,NA,NA,NA,NA,NA,NA,NA,NA,NA,NA,NA,NA,NA,NA,NA,NA,0.11375837169259029,-0.055137031999897945,0.20385834238756262,0.00474136789939128
FMAT,Fidelity MSCI Materials Index ETF,2013-10-24,NA,NA,NA,NA,NA,NA,NA,NA,NA,NA,NA,NA,NA,NA,0.051263904668678695,0.05755186614965302,-0.09969041355156139,0.2038005934589482,0.23513055323847643,-0.1739680043261428,0.23348942468243172,0.19571439011076186,0.27451158875031,-0.12098735841353536,0.13705769467628182,-0.029134221065690524
FMAY,FT Vest U.S. Equity Buffer ETF - May,2020-05-19,NA,NA,NA,NA,NA,NA,NA,NA,NA,NA,NA,NA,NA,NA,NA,NA,NA,NA,NA,NA,NA,0.11723334861124513,0.10997969921550266,-0.08081343248760808,0.178310447752128,0.0036197280610483773
FMCX,Northern Lights Fund Trust IV FMC Excelsior Focus Equity ETF,2022-04-25,NA,NA,NA,NA,NA,NA,NA,NA,NA,NA,NA,NA,NA,NA,NA,NA,NA,NA,NA,NA,NA,NA,NA,-0.11154048288388108,0.2176455878174821,-0.007779642737713366
FMDE,Fidelity Covington Trust Fidelity Enhanced Mid Cap ETF,2023-11-20,NA,NA,NA,NA,NA,NA,NA,NA,NA,NA,NA,NA,NA,NA,NA,NA,NA,NA,NA,NA,NA,NA,NA,NA,0.08911158692374754,-0.0036629478723699815
FNCL,Fidelity MSCI Financials Index ETF,2013-10-24,NA,NA,NA,NA,NA,NA,NA,NA,NA,NA,NA,NA,NA,NA,0.04831289743367839,0.14010109226414835,-0.007453966046296778,0.23997397717501667,0.1998689109715306,-0.13439336620991416,0.3159095400137384,-0.021862643398325665,0.34922514492610723,-0.12283051226286057,0.14096653309424578,-0.00784310317327963
FNGD,Bank Of Montreal,2018-01-23,NA,NA,NA,NA,NA,NA,NA,NA,NA,NA,NA,NA,NA,NA,NA,NA,NA,NA,NA,-0.13729706483173854,-0.7245762711864407,-0.9560181009283972,-0.6004115085181565,0.5221420880438805,-0.9013870089811216,-0.015437419170784228
FNGG,Direxion Daily NYSE FANG+ Bull 2X Shares,2021-09-30,NA,NA,NA,NA,NA,NA,NA,NA,NA,NA,NA,NA,NA,NA,NA,NA,NA,NA,NA,NA,NA,NA,-0.03076092338360048,-0.8715239627661966,2.0423131818196807,0.004994052158914686
FNGO,Bank Of Montreal,2018-08-23,NA,NA,NA,NA,NA,NA,NA,NA,NA,NA,NA,NA,NA,NA,NA,NA,NA,NA,NA,-0.4028939839167689,0.7960439038090052,2.3799506504301133,0.2837837712696323,-0.7155163438474013,2.4010339266469494,0.0017372819192209565
FNGS,MicroSectors FANG  ETNs due January 8 2038,2019-11-13,NA,NA,NA,NA,NA,NA,NA,NA,NA,NA,NA,NA,NA,NA,NA,NA,NA,NA,NA,NA,0.10908872507979495,1.0198759360842051,0.1696307798588661,-0.4032108586614005,0.9524056817084081,0.003974501974312927
FNGU,Bank Of Montreal,2018-01-23,NA,NA,NA,NA,NA,NA,NA,NA,NA,NA,NA,NA,NA,NA,NA,NA,NA,NA,NA,-0.48590100693049654,1.1725390440075132,3.7933455251420813,0.30907943980248365,-0.8846789230295101,4.381007531383113,0.004079165918381644
FNK,First Trust Mid Cap Value AlphaDEX Fund,2011-04-20,NA,NA,NA,NA,NA,NA,NA,NA,NA,NA,NA,NA,-0.0737953416149767,0.16557084608316863,0.3854993205654853,0.05655746998191358,-0.13481680897300974,0.25998146785266263,0.11812094477329316,-0.14721580028957082,0.2056383269312263,0.012386942588719085,0.3358431239697326,-0.07235427088015756,0.21024367193454774,-0.030392141903147984
FNOV,FT Vest U.S. Equity Buffer ETF - November,2019-11-18,NA,NA,NA,NA,NA,NA,NA,NA,NA,NA,NA,NA,NA,NA,NA,NA,NA,NA,NA,NA,0.022682016835785745,0.12298947312294684,0.10770108165479608,-0.08876344600065,0.19690313600974285,0.004139781907061435
FNX,First Trust Mid Cap Core AlphaDEX Fund,2007-05-10,NA,NA,NA,NA,NA,NA,NA,NA,-0.0539618695017533,-0.3645409174273745,0.4680629232091771,0.26620949411355777,0.008448425137084214,0.14043672150195508,0.3788873860241626,0.05512617395239916,-0.08111529553379149,0.1868242962316915,0.17662436348676702,-0.11226685608994258,0.26967894060538433,0.1604438058723754,0.2504841057259912,-0.1356787047668676,0.2038957397008232,-0.029009084421499076
FNY,First Trust Mid Cap Growth AlphaDEX Fund,2011-04-20,NA,NA,NA,NA,NA,NA,NA,NA,NA,NA,NA,NA,-0.08532467540003996,0.11061725737196904,0.36617112547109176,0.04934381266875443,-0.014426886408542061,0.09399711173927505,0.25123891307155777,-0.07525325073619682,0.3253757111458524,0.369734433484985,0.13459790806914418,-0.23800432222659285,0.21132153621123706,-0.02598362009827937
FOCT,FT Vest U.S. Equity Buffer ETF - October,2020-10-19,NA,NA,NA,NA,NA,NA,NA,NA,NA,NA,NA,NA,NA,NA,NA,NA,NA,NA,NA,NA,NA,0.06384772366168767,0.13127475400186794,-0.07586793971326122,0.1781278814631011,0.004628447107245082
FOVL,iShares Focused Value Factor ETF,2019-03-21,NA,NA,NA,NA,NA,NA,NA,NA,NA,NA,NA,NA,NA,NA,NA,NA,NA,NA,NA,NA,0.062175486030549454,-0.13204584405530306,0.40138910952704343,-0.09388689777558612,0.1771336941456314,-0.02231236471909337
FPX,First Trust US Equity Opportunities ETF,2006-05-24,NA,NA,NA,NA,NA,NA,NA,0.1796915633000742,0.14811890221470092,-0.4377169891335285,0.44588027521287166,0.18142115224111688,0.03039307143516745,0.3044228206299755,0.4776940425620355,0.11710764457159062,0.0228350141160083,0.06717997026179101,0.2702927254626257,-0.08344775981462271,0.3037660059322105,0.4788553864548326,0.03693518293974063,-0.3511020452735695,0.22262459205700735,-0.03139015700687764
FQAL,Fidelity Quality Factor ETF,2016-09-16,NA,NA,NA,NA,NA,NA,NA,NA,NA,NA,NA,NA,NA,NA,NA,NA,NA,0.04665890432453135,0.23033949864659942,-0.04390257103699513,0.28120589695600895,0.16168727795266924,0.31776478507700756,-0.2003426406476554,0.24195632835678538,-0.0018402369127769047
FREL,Fidelity MSCI Real Estate Index ETF,2015-02-05,NA,NA,NA,NA,NA,NA,NA,NA,NA,NA,NA,NA,NA,NA,NA,NA,-0.04725294363852317,0.06598623755620281,0.08860329095340469,-0.04516993654519763,0.28781101414239374,-0.049867964284746935,0.4045814258025966,-0.2686191204786197,0.11744176133250939,-0.013883637417671735
FRI,First Trust S&P REIT Index Fund,2007-05-10,NA,NA,NA,NA,NA,NA,NA,NA,-0.19209129682537784,-0.39204784857973574,0.2855589067714017,0.27704686323555117,0.08066818756565963,0.17257353602974335,0.01837843398793071,0.29768013773728974,0.018759909168456268,0.07878739012663094,0.03859695455517276,-0.04274608674949931,0.2366909223232827,-0.07876675520639087,0.42526448971641906,-0.2466275125665175,0.13328909129147082,-0.004954236352916808
FRTY,Alger Mid Cap 40 ETF,2021-03-02,NA,NA,NA,NA,NA,NA,NA,NA,NA,NA,NA,NA,NA,NA,NA,NA,NA,NA,NA,NA,NA,NA,0.029162653298227204,-0.42230676517736687,0.16811088273797425,-0.014836781606593186
FSEP,FT Vest U.S. Equity Buffer ETF - September,2020-09-21,NA,NA,NA,NA,NA,NA,NA,NA,NA,NA,NA,NA,NA,NA,NA,NA,NA,NA,NA,NA,NA,0.09354023835845715,0.11603544336960758,-0.07053588501033659,0.20227069647000895,0.0032305479124155045
FSMD,Fidelity Small-Mid Multifactor ETF,2019-02-28,NA,NA,NA,NA,NA,NA,NA,NA,NA,NA,NA,NA,NA,NA,NA,NA,NA,NA,NA,NA,0.08805319871370476,0.08936447140407378,0.2639795930989195,-0.1152206406550006,0.1737055701624599,-0.018768984647185794
FSST,Fidelity Sustainable U.S. Equity ETF,2021-06-17,NA,NA,NA,NA,NA,NA,NA,NA,NA,NA,NA,NA,NA,NA,NA,NA,NA,NA,NA,NA,NA,NA,0.12496370800851908,-0.18301485101832415,0.2549415613581847,0.0012421204044505973
FSTA,Fidelity MSCI Consumer Staples Index ETF,2013-10-24,NA,NA,NA,NA,NA,NA,NA,NA,NA,NA,NA,NA,NA,NA,0.03269857096216633,0.1581960189406486,0.05847233281108255,0.050014480235224035,0.12711247028980388,-0.08487554396677544,0.26841167237154906,0.10955899764625454,0.17435989651274597,-0.023201054857365344,0.02286447133423386,0.009634781422467542
FTA,First Trust Large Cap Value AlphaDEX Fund,2007-05-24,NA,NA,NA,NA,NA,NA,NA,NA,-0.13034046678957512,-0.35853757974616995,0.40478980016426114,0.18636169250375878,0.014237552425684585,0.1706939015940776,0.3417331478672472,0.1072470040265947,-0.10346390895908897,0.24029092683174347,0.18472560534187754,-0.13624134623061257,0.24729019157920074,-0.0037595549258631067,0.29321512250992887,-0.037324905764467564,0.10074817739122222,-0.007905104284911202
FTC,First Trust Large Cap Growth AlphaDEX Fund,2007-05-11,NA,NA,NA,NA,NA,NA,NA,NA,0.025861938224706726,-0.4062331514216908,0.288414038529351,0.23601771672545824,-0.02844040206422016,0.100285602399665,0.37796771666296713,0.14324441549596623,0.043086000918718836,0.02592616848374818,0.2531632718528989,-0.060288882106963704,0.2807520546325819,0.3335425142569606,0.2443087032542468,-0.2328364234743876,0.2072253036106595,-0.005567731142247734
FTDS,First Trust Dividend Strength ETF,2014-12-23,NA,NA,NA,NA,NA,NA,NA,NA,NA,NA,NA,NA,NA,NA,NA,NA,Inf,0.14416809229816185,0.20066847348399364,-0.10347887512988985,0.2429337231626274,0.1416090417410305,0.24792061280881694,-0.1353487888372329,0.11750670375442374,-0.024101304370259924
FTEC,Fidelity MSCI Information Technology Index ETF,2013-10-24,NA,NA,NA,NA,NA,NA,NA,NA,NA,NA,NA,NA,NA,NA,0.08302338939878484,0.1833947584395006,0.049658212138172786,0.13483352766195345,0.3683208327755445,-0.003852131182695673,0.4893029813552785,0.45829523776380854,0.3048814953934367,-0.29591205064202597,0.5329632772251018,-0.00403788522360915
FTGS,First Trust Growth Strength ETF,2022-10-26,NA,NA,NA,NA,NA,NA,NA,NA,NA,NA,NA,NA,NA,NA,NA,NA,NA,NA,NA,NA,NA,NA,NA,0.010859394235541497,0.3369058792869031,-0.006977547921522276
FTHI,First Trust BuyWrite Income ETF,2014-01-07,NA,NA,NA,NA,NA,NA,NA,NA,NA,NA,NA,NA,NA,NA,NA,0.06687126856386971,0.021456433066532554,0.1060215817884731,0.14441189852349967,-0.09716737319302737,0.18158796712834935,-0.07125145005510014,0.13954759214738788,-0.043703685988657925,0.20716534225266048,0.008895066539319707
FTIF,First Trust Exchange-Traded Fund First Trust Bloomberg Inflati,2023-03-15,NA,NA,NA,NA,NA,NA,NA,NA,NA,NA,NA,NA,NA,NA,NA,NA,NA,NA,NA,NA,NA,NA,NA,NA,0.18269427631518687,-0.027606727096064265
FTLS,First Trust Long/Short Equity,2014-09-09,NA,NA,NA,NA,NA,NA,NA,NA,NA,NA,NA,NA,NA,NA,NA,0.05627578712685266,0.04711027251145494,0.06550220612333923,0.14412516422998323,-0.04816141809206986,0.1616652581574778,0.025637187457242305,0.1964921714718988,-0.05565012063912156,0.16942500563968732,0.0296836479464202
TDV,ProShares S&P Technology Dividend Aristocrats ETF,2019-11-07,NA,NA,NA,NA,NA,NA,NA,NA,NA,NA,NA,NA,NA,NA,NA,NA,NA,NA,NA,NA,0.036666810120540294,0.290007159951418,0.2787905270252682,-0.15940759028901774,0.27287105453155847,-0.02628632268237141
TDVG,T. Rowe Price Dividend Growth ETF,2020-08-05,NA,NA,NA,NA,NA,NA,NA,NA,NA,NA,NA,NA,NA,NA,NA,NA,NA,NA,NA,NA,NA,0.12976841863952115,0.26204368611738404,-0.10152852366067455,0.13949245622986495,-0.003402294593913169
TDVI,FT Vest Technology Dividend Target Income ETF,2023-08-10,NA,NA,NA,NA,NA,NA,NA,NA,NA,NA,NA,NA,NA,NA,NA,NA,NA,NA,NA,NA,NA,NA,NA,NA,0.10028781583575119,-0.008509226488572108
TECB,iShares U.S. Tech Breakthrough Multisector ETF,2020-01-13,NA,NA,NA,NA,NA,NA,NA,NA,NA,NA,NA,NA,NA,NA,NA,NA,NA,NA,NA,NA,NA,0.38667425404145783,0.1959824138588373,-0.34385137603149074,0.5752893720310328,0.017707413062761246
TECL,Direxion Technology Bull 3X Shares,2008-12-30,NA,NA,NA,NA,NA,NA,NA,NA,NA,0.034690472428430486,2.3866845450141327,0.20850076154861008,-0.18362709036765412,0.3368999091355429,0.8735891638796658,0.5246440367677936,0.04683895200329746,0.3708482793910879,1.248209527609761,-0.24025170213766545,1.855754323667818,0.6946391484265564,1.1279931132565548,-0.7431598745886108,2.0314398130271667,-0.013191384582447063
TECS,Direxion Technology Bear 3X Shares,2008-12-30,NA,NA,NA,NA,NA,NA,NA,NA,NA,-0.030321314337906413,-0.864705875507721,-0.45286045650082385,-0.3182769180067123,-0.42576685183986074,-0.5523503773608245,-0.4610977835940284,-0.31133754182215956,-0.4337621349499643,-0.6081771328997002,-0.19146857755516644,-0.7376648000311304,-0.8778746629358813,-0.6792431310942528,0.4504828083746808,-0.7445533425070384,0.004044485385688912
TEQI,T. Rowe Price Equity Income ETF,2020-08-05,NA,NA,NA,NA,NA,NA,NA,NA,NA,NA,NA,NA,NA,NA,NA,NA,NA,NA,NA,NA,NA,0.18072499574314183,0.26252763795044753,-0.033301441952336974,0.09642348986902971,-0.005474868735980798
TGLR,ETF Opportunities Trust LAFFER TENGLER Equity Income ETF,2023-08-08,NA,NA,NA,NA,NA,NA,NA,NA,NA,NA,NA,NA,NA,NA,NA,NA,NA,NA,NA,NA,NA,NA,NA,NA,0.03860883012288774,-0.0071225193787742835
TGRT,T. Rowe Price Exchange-Traded Funds Inc. T. Rowe Price Growth,2023-06-16,NA,NA,NA,NA,NA,NA,NA,NA,NA,NA,NA,NA,NA,NA,NA,NA,NA,NA,NA,NA,NA,NA,NA,NA,0.1364720395018011,0.01437083202048517
TGRW,T. Rowe Price Growth Stock ETF,2020-08-05,NA,NA,NA,NA,NA,NA,NA,NA,NA,NA,NA,NA,NA,NA,NA,NA,NA,NA,NA,NA,NA,0.15747641270040003,0.14964634816417233,-0.38419632234461176,0.4887235765686706,0.011232282010088745
THCX,Investment Managers Series Trust II AXS Cannabis ETF,2019-07-09,NA,NA,NA,NA,NA,NA,NA,NA,NA,NA,NA,NA,NA,NA,NA,NA,NA,NA,NA,NA,-0.48822650039379845,0.0010354314145473165,-0.31678819809425707,-0.6963867313035883,-0.32944712379932894,0.0015403422900004404
THLV,THOR Financial Technologies Trust THOR Low Volatility ETF,2022-09-13,NA,NA,NA,NA,NA,NA,NA,NA,NA,NA,NA,NA,NA,NA,NA,NA,NA,NA,NA,NA,NA,NA,NA,0.025451624950384222,0.05884404118427433,-0.006176222955998734
TILT,FlexShares Mornigstar US Market Factors Tilt Index Fund ETF,2011-09-22,NA,NA,NA,NA,NA,NA,NA,NA,NA,NA,NA,NA,0.1374018341825216,0.1589892594280573,0.35770374789107007,0.10524069522401258,-0.025153474628366812,0.16799656215704317,0.1833319209860067,-0.08930594699896666,0.29005765218515167,0.16046361582364188,0.2760593152215709,-0.17245974053274515,0.24706719402375898,-0.007836435276534992
TIME,Clockwise Core Equity & Innovation ETF,2022-01-28,NA,NA,NA,NA,NA,NA,NA,NA,NA,NA,NA,NA,NA,NA,NA,NA,NA,NA,NA,NA,NA,NA,NA,-0.36871260524002425,0.5805830028921959,0.010047640119280166
TINT,ProShares Smart Materials ETF,2021-10-27,NA,NA,NA,NA,NA,NA,NA,NA,NA,NA,NA,NA,NA,NA,NA,NA,NA,NA,NA,NA,NA,NA,0.044259793231778755,-0.3001449025130706,0.2004508772551341,-0.03297029069804558
TINY,ProShares Nanotechnology ETF,2021-10-27,NA,NA,NA,NA,NA,NA,NA,NA,NA,NA,NA,NA,NA,NA,NA,NA,NA,NA,NA,NA,NA,NA,0.08652735358534125,-0.34136844318887394,0.47961978690350815,-0.031243282213568202
TJUL,Innovator ETFs Trust Innovator Equity Defined Protection ETF -,2023-07-18,NA,NA,NA,NA,NA,NA,NA,NA,NA,NA,NA,NA,NA,NA,NA,NA,NA,NA,NA,NA,NA,NA,NA,NA,0.030509844782708573,0.00233733797288882
TMDV,ProShares Russell US Dividend Growers ETF,2019-11-07,NA,NA,NA,NA,NA,NA,NA,NA,NA,NA,NA,NA,NA,NA,NA,NA,NA,NA,NA,NA,0.03256760933346503,0.04818648032858097,0.22711337232295326,-0.050967295405520585,0.02253254240473579,-0.012973666671116546
TMET,iShares Transition-Enabling Metals ETF,2023-09-26,NA,NA,NA,NA,NA,NA,NA,NA,NA,NA,NA,NA,NA,NA,NA,NA,NA,NA,NA,NA,NA,NA,NA,NA,0.03987818638753082,-0.04897008361051536
TMFC,Motley Fool 100 Index ETF ETF,2018-01-30,NA,NA,NA,NA,NA,NA,NA,NA,NA,NA,NA,NA,NA,NA,NA,NA,NA,NA,NA,-0.05654722653624278,0.34699714479702193,0.42003897040005245,0.25295697766192204,-0.3085485048487694,0.47038697647027483,0.01050363810586119
TMFE,The RBB Fund Inc. Motley Fool Capital Efficiency 100 Index ET,2021-12-31,NA,NA,NA,NA,NA,NA,NA,NA,NA,NA,NA,NA,NA,NA,NA,NA,NA,NA,NA,NA,NA,NA,0,-0.25844411020176683,0.4112145141593253,0.018471059136016432
TMFM,Motley Fool Mid-Cap Growth ETF,2021-12-13,NA,NA,NA,NA,NA,NA,NA,NA,NA,NA,NA,NA,NA,NA,NA,NA,NA,NA,NA,NA,NA,NA,0.02081960856407905,-0.2735785683353008,0.21812450177216514,-0.017105857435841587
TMFS,Motley Fool Small-Cap Growth ETF,2018-11-05,NA,NA,NA,NA,NA,NA,NA,NA,NA,NA,NA,NA,NA,NA,NA,NA,NA,NA,NA,-0.1055636191768956,0.38307987401039023,0.585239931972015,-0.02383195831214613,-0.3314552935791797,0.2539876846910196,-0.03033269112211945
TMFX,The RBB Fund Inc. Motley Fool Next Index ETF,2021-12-31,NA,NA,NA,NA,NA,NA,NA,NA,NA,NA,NA,NA,NA,NA,NA,NA,NA,NA,NA,NA,NA,NA,0,-0.2816367915813921,0.1795316159938909,-0.027909697689774915
TMSL,T. Rowe Price Exchange-Traded Funds Inc. T. Rowe Price Small-,2023-06-16,NA,NA,NA,NA,NA,NA,NA,NA,NA,NA,NA,NA,NA,NA,NA,NA,NA,NA,NA,NA,NA,NA,NA,NA,0.11399862729429189,-0.010513539487585932
TNA,Direxion Small Cap Bull 3X Shares,2008-11-19,NA,NA,NA,NA,NA,NA,NA,NA,NA,0.40879195955529135,0.4236284135470816,0.6980031933063169,-0.3809195931408417,0.42640542434994977,1.4649094321615315,0.05207800672701257,-0.21500048167645525,0.5921612570502317,0.3914623168637168,-0.3989116241437741,0.7188298033366443,-0.07824906905352946,0.278763262453805,-0.6247529734570432,0.26241751518407885,-0.1166033510736898
TOLL,Tema ETF Trust Tema Monopolies and Oligopolies ETF,2023-05-11,NA,NA,NA,NA,NA,NA,NA,NA,NA,NA,NA,NA,NA,NA,NA,NA,NA,NA,NA,NA,NA,NA,NA,NA,0.15371660059470527,0.0014996431163361024
TPHD,Timothy Plan High Dividend Stock ETF,2019-05-01,NA,NA,NA,NA,NA,NA,NA,NA,NA,NA,NA,NA,NA,NA,NA,NA,NA,NA,NA,NA,0.10341236100248441,-0.013901537312407286,0.2798115911549164,-0.019108977391376847,0.0886719748408975,-0.005617425345372351
TPHE,Timothy Plan High Dividend Stock Enhanced ETF,2021-07-30,NA,NA,NA,NA,NA,NA,NA,NA,NA,NA,NA,NA,NA,NA,NA,NA,NA,NA,NA,NA,NA,NA,0.07600874615524789,-0.10635080221023996,-0.012192463513439389,-0.00729593759340097
TPLC,Timothy Plan US Large/Mid Cap Core ETF,2019-05-01,NA,NA,NA,NA,NA,NA,NA,NA,NA,NA,NA,NA,NA,NA,NA,NA,NA,NA,NA,NA,0.09824936593021416,0.1452497811565696,0.2635089462690412,-0.12579723046757085,0.1517439348122105,-0.010180253016746632
TPLE,Timothy Plan US Large/Mid Cap Core Enhanced ETF,2021-07-30,NA,NA,NA,NA,NA,NA,NA,NA,NA,NA,NA,NA,NA,NA,NA,NA,NA,NA,NA,NA,NA,NA,0.07982309290812384,-0.11717972370419061,-0.024860560149206012,-0.010223759619614636
TPOR,Direxion Daily Transportation Bull 3X Shares,2017-05-03,NA,NA,NA,NA,NA,NA,NA,NA,NA,NA,NA,NA,NA,NA,NA,NA,NA,NA,0.5232655394876571,-0.44945848354668694,0.47923049744059965,-0.07295775549921313,1.0517645530187143,-0.5869839457639011,0.5459855743317479,-0.05767474124490901
TPSC,Timothy Plan US Small Cap Core ETF,2019-12-03,NA,NA,NA,NA,NA,NA,NA,NA,NA,NA,NA,NA,NA,NA,NA,NA,NA,NA,NA,NA,0.03392708175993597,0.10690154748027081,0.2974352680437493,-0.13527768561957276,0.17633827090359522,-0.03942906771195265
TPYP,Tortoise North American Pipeline ETF,2015-06-30,NA,NA,NA,NA,NA,NA,NA,NA,NA,NA,NA,NA,NA,NA,NA,NA,-0.29085169621194995,0.3892333388724243,0.02272194335936506,-0.11134397781772298,0.23350066361029698,-0.20976782923422743,0.3496876643988851,0.16091983840314672,0.10507796794826163,0.003238227912862879
TQQQ,ProShares UltraPro QQQ,2010-02-11,NA,NA,NA,NA,NA,NA,NA,NA,NA,NA,NA,0.7806134492463239,-0.08047053176602559,0.5228716910161761,1.3973339196435561,0.570908399508181,0.17230783853467968,0.1138054200475811,1.1806181603907238,-0.19787977145862834,1.33833759354475,1.1005195392931046,0.829813044153862,-0.7909001644949705,1.980487024913225,-0.007100603647617998
TRPL,Pacer Metaurus US Large Cap Dividend Multiplier 300 ETF,2021-07-27,NA,NA,NA,NA,NA,NA,NA,NA,NA,NA,NA,NA,NA,NA,NA,NA,NA,NA,NA,NA,NA,NA,0.07532354866440061,-0.1734212066494656,0.2449309182370294,0.0033133187316449764
TSDD,GraniteShares 1.5x Short TSLA Daily ETF,2023-08-28,NA,NA,NA,NA,NA,NA,NA,NA,NA,NA,NA,NA,NA,NA,NA,NA,NA,NA,NA,NA,NA,NA,NA,NA,-0.172685194240756,0.20488122007594112
TSL,GraniteShares 1.25x Long TSLA Daily ETF,2022-08-09,NA,NA,NA,NA,NA,NA,NA,NA,NA,NA,NA,NA,NA,NA,NA,NA,NA,NA,NA,NA,NA,NA,NA,-0.6657896888401346,1.1379693940656868,-0.14986380907388608
TSLH,Innovator ETFs Trust Innovator Hedged TSLA Strategy ETF,2022-07-26,NA,NA,NA,NA,NA,NA,NA,NA,NA,NA,NA,NA,NA,NA,NA,NA,NA,NA,NA,NA,NA,NA,NA,-0.0864328424588644,0.1721625643985334,-0.043557265839870185
TSLL,Direxion Daily TSLA Bull 1.5X Shares,2022-08-09,NA,NA,NA,NA,NA,NA,NA,NA,NA,NA,NA,NA,NA,NA,NA,NA,NA,NA,NA,NA,NA,NA,NA,-0.7385203907387792,1.3983839653582621,-0.17757655278736895
TSLP,NEOS ETF Trust Kurv Yield Premium Strategy Tesla (TSLA) ETF,2023-10-27,NA,NA,NA,NA,NA,NA,NA,NA,NA,NA,NA,NA,NA,NA,NA,NA,NA,NA,NA,NA,NA,NA,NA,NA,0.18420884511529123,-0.103896991467751
TSLQ,AXS TSLA Bear Daily ETF,2022-07-14,NA,NA,NA,NA,NA,NA,NA,NA,NA,NA,NA,NA,NA,NA,NA,NA,NA,NA,NA,NA,NA,NA,NA,0.635198482445235,-0.5996807515675682,0.13447783805436253
TSLR,GraniteShares 1.75x Long TSLA Daily ETF,2023-08-28,NA,NA,NA,NA,NA,NA,NA,NA,NA,NA,NA,NA,NA,NA,NA,NA,NA,NA,NA,NA,NA,NA,NA,NA,-0.021607267360036375,-0.20650910631514208
TSLS,Direxion Daily TSLA Bear 1X Shares,2022-08-10,NA,NA,NA,NA,NA,NA,NA,NA,NA,NA,NA,NA,NA,NA,NA,NA,NA,NA,NA,NA,NA,NA,NA,1.0851131402019298,-0.6011451449900078,0.13343967571219095
TSLT,T-REX 2X Long Tesla Daily Target ETF,2023-10-19,NA,NA,NA,NA,NA,NA,NA,NA,NA,NA,NA,NA,NA,NA,NA,NA,NA,NA,NA,NA,NA,NA,NA,NA,0.2011146092224263,-0.23158325619581677
TSLY,Tidal ETF Trust II YieldMax TSLA Option Income Strategy ETF,2022-11-23,NA,NA,NA,NA,NA,NA,NA,NA,NA,NA,NA,NA,NA,NA,NA,NA,NA,NA,NA,NA,NA,NA,NA,-0.27015965402658115,0.5069618528480997,-0.10149361336924845
TSLZ,T-REX 2X Inverse Tesla Daily Target ETF,2023-10-19,NA,NA,NA,NA,NA,NA,NA,NA,NA,NA,NA,NA,NA,NA,NA,NA,NA,NA,NA,NA,NA,NA,NA,NA,-0.2807090386785863,0.27772894207712784
TSME,Thrivent ETF Trust Thrivent Small-Mid Cap ESG ETF,2022-10-05,NA,NA,NA,NA,NA,NA,NA,NA,NA,NA,NA,NA,NA,NA,NA,NA,NA,NA,NA,NA,NA,NA,NA,0.02410698595651528,0.17821576449855425,-0.02687491954018595
TSPA,T. Rowe Price U.S. Equity Research ETF,2021-06-14,NA,NA,NA,NA,NA,NA,NA,NA,NA,NA,NA,NA,NA,NA,NA,NA,NA,NA,NA,NA,NA,NA,0.12943277799020647,-0.18694295159422647,0.299517939449337,0.005782315595228793
TTAC,TrimTabs ETF Trust FCF US Quality ETF,2016-09-28,NA,NA,NA,NA,NA,NA,NA,NA,NA,NA,NA,NA,NA,NA,NA,NA,NA,0.07840395683065493,0.25109767988665443,-0.06256715850137629,0.2603135870707898,0.18302595864962012,0.30658171572505166,-0.1459979783403692,0.22638442551301963,0.002578638085890983
TVAL,T. Rowe Price Exchange-Traded Funds Inc. T. Rowe Price Value ,2023-06-16,NA,NA,NA,NA,NA,NA,NA,NA,NA,NA,NA,NA,NA,NA,NA,NA,NA,NA,NA,NA,NA,NA,NA,NA,0.08297405819904302,-0.004886271385320606
TWM,ProShares UltraShort Russell2000,2007-01-25,NA,NA,NA,NA,NA,NA,NA,NA,0.018103157049754515,0.23888820512559228,-0.6026814484711884,-0.5013893647648977,-0.2314887759786327,-0.3434344025883116,-0.5254437435710226,-0.17726518252986212,-0.007577683943577496,-0.3962840637512992,-0.2635717944111372,0.19151523265025117,-0.38406457017241924,-0.6001000654656162,-0.35429147972129227,0.28434646467319236,-0.268386286980947,0.07982835498951779
TXS,Texas Capital Funds Trust Texas Capital Texas Equity Index ETF,2023-07-13,NA,NA,NA,NA,NA,NA,NA,NA,NA,NA,NA,NA,NA,NA,NA,NA,NA,NA,NA,NA,NA,NA,NA,NA,0.05640498244825953,-0.025726478845615075
TYLG,Global X Funds Global X Information Technology Covered Call & ,2022-11-22,NA,NA,NA,NA,NA,NA,NA,NA,NA,NA,NA,NA,NA,NA,NA,NA,NA,NA,NA,NA,NA,NA,NA,-0.036365572085556686,0.41571166024061235,0.003605307215112541
TZA,Direxion Small Cap Bear 3X Shares,2008-11-19,NA,NA,NA,NA,NA,NA,NA,NA,NA,-0.5910682488136964,-0.7941114515242051,-0.6833671745978993,-0.43455057253564,-0.49018128374795944,-0.6857407381652002,-0.29286980247239525,-0.06249985247189327,-0.5588889036760424,-0.3818640102265779,0.25059904136233113,-0.5324258324421927,-0.8042788646513507,-0.5080057904863995,0.3021448588917872,-0.4119278796628525,0.11979946357136351
UAPR,Innovator U.S. Equity Ultra Buffer ETF - April,2019-04-01,NA,NA,NA,NA,NA,NA,NA,NA,NA,NA,NA,NA,NA,NA,NA,NA,NA,NA,NA,NA,0.06744110379043411,-0.050494264392178745,0.053179525408401096,-0.05665398533618726,0.1060056882196041,0.00583089811581905
UAUG,Innovator U.S. Equity Ultra Buffer ETF - August,2019-08-06,NA,NA,NA,NA,NA,NA,NA,NA,NA,NA,NA,NA,NA,NA,NA,NA,NA,NA,NA,NA,0.051799401640528764,0.07954500507406248,0.049385380261186995,-0.10812473451597504,0.17710128433985317,0.0016265824587338162
UCC,ProShares Ultra Consumer Discretionary,2007-02-02,NA,NA,NA,NA,NA,NA,NA,NA,-0.2584382998959043,-0.6070736997126325,0.6467697020712091,0.4610801332559138,0.07581343061475332,0.48521991895569516,0.976692654627842,0.27459914790028006,0.08515224943324218,0.07891987121820576,0.420505790140989,-0.0493406633108302,0.5375100801540309,0.4655396179227571,0.2091631727488945,-0.575880497164172,0.6166779928347175,-0.055137832098292816
UCYB,ProShares Ultra Nasdaq Cybersecurity,2021-01-21,NA,NA,NA,NA,NA,NA,NA,NA,NA,NA,NA,NA,NA,NA,NA,NA,NA,NA,NA,NA,NA,NA,0.28880684503597,-0.5514512225990087,0.6884520075152498,0.056540754859082165
UDEC,Innovator U.S. Equity Ultra Buffer ETF - December,2019-12-02,NA,NA,NA,NA,NA,NA,NA,NA,NA,NA,NA,NA,NA,NA,NA,NA,NA,NA,NA,NA,0.011570572766072207,0.06716663781621635,0.06438012274032712,-0.09436079607623227,0.16802774729821257,0.0025280896200805536
UDI,USCF ETF Trust USCF Dividend Income Fund,2022-06-08,NA,NA,NA,NA,NA,NA,NA,NA,NA,NA,NA,NA,NA,NA,NA,NA,NA,NA,NA,NA,NA,NA,NA,0.03810631577393342,0.06353444644139827,0.004980238193882824
UDIV,Franklin U.S. Core Dividend Tilt Index ETF,2016-06-03,NA,NA,NA,NA,NA,NA,NA,NA,NA,NA,NA,NA,NA,NA,NA,NA,NA,0.0095860642219745,0.1744118682587863,-0.08834077623549086,0.2459401935242027,0.05539227028129101,0.1966461795310317,-0.1499600667295119,0.2521155830953552,0.0032492012819151928
UFEB,Innovator U.S. Equity Ultra Buffer ETF - February,2020-02-03,NA,NA,NA,NA,NA,NA,NA,NA,NA,NA,NA,NA,NA,NA,NA,NA,NA,NA,NA,NA,NA,0.05781096898916882,0.07307335532903969,-0.05847633673354391,0.11912629016825393,0.003699781089649523
UGE,ProShares Ultra Consumer Staples,2007-02-01,NA,NA,NA,NA,NA,NA,NA,NA,0.06871806025733362,-0.5139698381501971,0.46962537295032325,0.36607042845312643,0.12594709083183053,0.20934578592212327,0.6963511315829645,0.2532055763604284,0.0744236264051279,0.0686192735483615,0.3237729176008166,-0.30149754987594135,0.5829938824861771,0.5664418367256061,0.42338950449602986,-0.46765271028521127,0.02344996304821989,0.019059793441653206
UJAN,Innovator U.S. Equity Ultra Buffer ETF - January,2019-01-03,NA,NA,NA,NA,NA,NA,NA,NA,NA,NA,NA,NA,NA,NA,NA,NA,NA,NA,NA,NA,0.11151074968557717,0.0737145337568137,0.05790355178202322,-0.059482781211194435,0.1588691136368947,0.0031949058779132677
UJUL,Innovator U.S. Equity Ultra Buffer ETF - July,2018-08-08,NA,NA,NA,NA,NA,NA,NA,NA,NA,NA,NA,NA,NA,NA,NA,NA,NA,NA,NA,-0.05620652774478718,0.12992693641246889,0.04958350041233839,0.04610737955085753,-0.06954483826538216,0.176470596947931,0.0026402615749312464
UJUN,Innovator U.S. Equity Ultra Buffer ETF - June,2019-06-03,NA,NA,NA,NA,NA,NA,NA,NA,NA,NA,NA,NA,NA,NA,NA,NA,NA,NA,NA,NA,0.06797729851165224,0.07146683945545229,0.0509007647598112,-0.0886054277563475,0.12170179773391743,0.0034602106866352678
ULVM,VictoryShares US Value Momentum ETF,2017-10-27,NA,NA,NA,NA,NA,NA,NA,NA,NA,NA,NA,NA,NA,NA,NA,NA,NA,NA,0.037487374034463894,-0.12063658150789747,0.2207856051857371,0.035166872799743176,0.31059472233162655,-0.09038780626255916,0.10159537097266136,0.0015527104848989115
UMAR,Innovator U.S. Equity Ultra Buffer ETF - March,2020-03-02,NA,NA,NA,NA,NA,NA,NA,NA,NA,NA,NA,NA,NA,NA,NA,NA,NA,NA,NA,NA,NA,0.05158502889882777,0.07311365860869956,-0.054874986564699024,0.12215911053613704,0.004272159090257466
UMAY,Innovator U.S. Equity Ultra Buffer ETF - May,2020-05-01,NA,NA,NA,NA,NA,NA,NA,NA,NA,NA,NA,NA,NA,NA,NA,NA,NA,NA,NA,NA,NA,0.07381237215540515,0.052504530040112796,-0.0920933486366492,0.1252726282446548,0.004454436296087216
UMI,USCF Midstream Energy Income Fund ETF,2017-11-30,NA,NA,NA,NA,NA,NA,NA,NA,NA,NA,NA,NA,NA,NA,NA,NA,NA,NA,0.027635532912672733,-0.10636712797869308,0.21063595621577225,-0.08246218151980811,0.21402409446113357,0.21292198935335604,0.14600459207542227,0.00783259293897598
UNOV,Innovator U.S. Equity Ultra Buffer ETF - November,2019-11-01,NA,NA,NA,NA,NA,NA,NA,NA,NA,NA,NA,NA,NA,NA,NA,NA,NA,NA,NA,NA,0.01872080581167057,0.08307810132358462,0.044538645484512474,-0.062267350256991816,0.14175393481011178,0.0048043626303879705
UOCT,Innovator U.S. Equity Ultra Buffer ETF - October,2018-10-01,NA,NA,NA,NA,NA,NA,NA,NA,NA,NA,NA,NA,NA,NA,NA,NA,NA,NA,NA,-0.06191436460112365,0.10886420090697912,0.0801603181900814,0.058256016711629055,-0.04347825214640255,0.18658350869217477,0.004324973564040935
UPGR,Xtrackers US Green Infrastructure Select Equity ETF,2023-06-29,NA,NA,NA,NA,NA,NA,NA,NA,NA,NA,NA,NA,NA,NA,NA,NA,NA,NA,NA,NA,NA,NA,NA,NA,-0.14489306673611946,-0.08730006219576192
UPRO,ProShares UltraPro S&P 500,2009-06-25,NA,NA,NA,NA,NA,NA,NA,NA,NA,NA,0.7377779918829437,0.3633130548429073,-0.1188294997349647,0.4679521227025858,1.1849367182657882,0.38008533458089633,-0.05244018494063252,0.30784841692727616,0.7137440957321579,-0.25112868664161025,1.0229797468442379,0.10088201718389112,0.9855626142355884,-0.5684377512678191,0.6852930444164849,0.0023748127408096398
UPW,ProShares Ultra Utilities,2007-02-01,NA,NA,NA,NA,NA,NA,NA,NA,0.26268518388958806,-0.5887182761726464,0.19151726901019828,0.11427270296673542,0.352008691284184,-0.011099322949435941,0.29989579615051,0.5993159116290019,-0.12526506620933942,0.29234536100732456,0.2252895617106414,0.023637065586443073,0.48588255148271076,-0.17137435458365735,0.31853829653025234,-0.045938663367766974,-0.22368213282863325,-0.004339614004459036
URE,ProShares Ultra Real Estate,2007-02-02,NA,NA,NA,NA,NA,NA,NA,NA,-0.5004387917746507,-0.8084162461398176,0.11407853359267772,0.4825525472993666,0.01937112402346375,0.367521164434246,-0.006903919139968573,0.5789663576822703,-0.0021010727929198225,0.10060301625513812,0.16560896777610834,-0.13797657260566976,0.578622807187412,-0.2806058805249183,0.8744964180394348,-0.49645297143954525,0.11587738543901072,-0.028764508756385254
URNJ,Sprott Junior Uranium Miners ETF,2023-02-02,NA,NA,NA,NA,NA,NA,NA,NA,NA,NA,NA,NA,NA,NA,NA,NA,NA,NA,NA,NA,NA,NA,NA,NA,0.19922593013804235,0.19118271300168166
USAI,Pacer American Energy Independence ETF,2017-12-13,NA,NA,NA,NA,NA,NA,NA,NA,NA,NA,NA,NA,NA,NA,NA,NA,NA,NA,0.03690053928007808,-0.173121698851321,0.21633124209956822,-0.15095214742152974,0.3709785761680926,0.198174786299955,0.1420783651575317,0.004507978052328276
USCA,DBX ETF Trust Xtrackers MSCI USA Climate Action Equity ETF,2023-04-06,NA,NA,NA,NA,NA,NA,NA,NA,NA,NA,NA,NA,NA,NA,NA,NA,NA,NA,NA,NA,NA,NA,NA,NA,0.19153435860670998,4.4058997169127423e-4
USCF,Themes US Cash Flow Champions ETF,2023-12-13,NA,NA,NA,NA,NA,NA,NA,NA,NA,NA,NA,NA,NA,NA,NA,NA,NA,NA,NA,NA,NA,NA,NA,NA,0.021396001217565797,0.0035940773521583314
USCL,iShares Climate Conscious & Transition MSCI USA ETF,2023-06-22,NA,NA,NA,NA,NA,NA,NA,NA,NA,NA,NA,NA,NA,NA,NA,NA,NA,NA,NA,NA,NA,NA,NA,NA,0.10237805933345467,0.004636203870257871
USD,ProShares Ultra Semiconductors,2007-02-01,NA,NA,NA,NA,NA,NA,NA,NA,0.06214459494348734,-0.7977240121603951,1.3746500721430497,0.1941490013328071,-0.14864765399700286,-0.10201023276549137,0.7774116485045905,0.7806064312780896,-0.07516960126034722,0.5680114452763183,0.817234561850984,-0.2688256726140906,1.1036804161053664,0.6816426803324005,1.0427341453093244,-0.6856574158910798,2.287875398902657,0.025358344626015272
USE,USCF ETF Trust USCF Energy Commodity Strategy Absolute Return ,2023-05-04,NA,NA,NA,NA,NA,NA,NA,NA,NA,NA,NA,NA,NA,NA,NA,NA,NA,NA,NA,NA,NA,NA,NA,NA,0.09985757364294168,-0.021595045478183472
USEP,Innovator U.S. Equity Ultra Buffer ETF - September,2019-09-03,NA,NA,NA,NA,NA,NA,NA,NA,NA,NA,NA,NA,NA,NA,NA,NA,NA,NA,NA,NA,0.035943538558902643,0.07125938849634594,0.05734290557341537,-0.07985083710673602,0.18621213777444057,0.0034806249959269397
USMC,Principal U.S. Mega-Cap ETF,2017-10-12,NA,NA,NA,NA,NA,NA,NA,NA,NA,NA,NA,NA,NA,NA,NA,NA,NA,NA,0.05228376940205792,-0.023017375048535405,0.2672048660346804,0.16054866276950497,0.2630126422906456,-0.17174358645090015,0.31068099130500615,0.010265256077063523
USMF,WisdomTree U.S. Multifactor Fund,2017-06-29,NA,NA,NA,NA,NA,NA,NA,NA,NA,NA,NA,NA,NA,NA,NA,NA,NA,NA,0.12840608478151383,-0.04721792175620154,0.23519912607383708,0.12009908507897848,0.2125656861642906,-0.08817291573515096,0.12996419642866286,0.011342766498590118
USML,ETRACS 2x Leveraged MSCI US Minimum Volatility Factor TR ETN,2021-02-09,NA,NA,NA,NA,NA,NA,NA,NA,NA,NA,NA,NA,NA,NA,NA,NA,NA,NA,NA,NA,NA,NA,0.4136970390732502,-0.2286998968196453,0.11370256566289272,0.01861548135650204
USMV,iShares MSCI USA Min Vol Factor ETF,2011-10-20,NA,NA,NA,NA,NA,NA,NA,NA,NA,NA,NA,NA,0.056743739858508446,0.10822062897475004,0.2509137439543949,0.16334241346787937,0.05441220179250861,0.10567752310401524,0.1890735536152075,0.01335102237147967,0.2768528872645408,0.05638954376665395,0.20849514439877592,-0.09429500478049302,0.10327108227607495,0.009996139837231688
USNZ,DBX ETF Trust Xtrackers Net Zero Pathway Paris Aligned US Equi,2022-06-29,NA,NA,NA,NA,NA,NA,NA,NA,NA,NA,NA,NA,NA,NA,NA,NA,NA,NA,NA,NA,NA,NA,NA,0.0013347663881915217,0.2776078699574671,0.007035891575124298
USPX,Franklin U.S. Equity Index ETF,2016-06-03,NA,NA,NA,NA,NA,NA,NA,NA,NA,NA,NA,NA,NA,NA,NA,NA,NA,0.015416498851279048,0.23797693190443092,-0.07784884656937541,0.2659647524492803,0.09716158449700774,0.19532320210072163,-0.18876250398935346,0.27065258406238635,0.003604073275552011
USRD,Themes US R&D Champions ETF,2023-12-13,NA,NA,NA,NA,NA,NA,NA,NA,NA,NA,NA,NA,NA,NA,NA,NA,NA,NA,NA,NA,NA,NA,NA,NA,0.036575054027927933,-0.004477924691159152
USRT,iShares Core U.S. REIT ETF,2007-05-04,NA,NA,NA,NA,NA,NA,NA,NA,-0.18611593750603994,-0.37156765004927905,0.2690741307332185,0.2618234327368967,0.09179093931636362,0.16706099447718525,-0.009762737917084263,0.2911933882984581,0.03871666568236365,0.07177340468009619,0.05267387776024868,-0.04673244276342836,0.2597655520582305,-0.08064527666181642,0.43261976706761285,-0.24427310386826961,0.13639296630481557,-0.005341700324864029
USSE,Segall Bryant & Hamill Trust Segall Bryant & Hamill Select Equ,2023-08-30,NA,NA,NA,NA,NA,NA,NA,NA,NA,NA,NA,NA,NA,NA,NA,NA,NA,NA,NA,NA,NA,NA,NA,NA,0.05005765941744267,0.0032247427532290374
USSG,Xtrackers MSCI USA ESG Leaders Equity ETF,2019-03-08,NA,NA,NA,NA,NA,NA,NA,NA,NA,NA,NA,NA,NA,NA,NA,NA,NA,NA,NA,NA,0.19533701745865062,0.18708233931435414,0.31828765389408,-0.20327561706325858,0.29166924226421376,0.008363447510103983
USVM,VictoryShares US Small Mid Cap Value Momentum ETF,2017-10-27,NA,NA,NA,NA,NA,NA,NA,NA,NA,NA,NA,NA,NA,NA,NA,NA,NA,NA,0.011211482062920552,-0.09392611386929228,0.2165052363722939,0.1156541466691543,0.24441231971631727,-0.1332275405703347,0.18898377813193412,-0.01969868168954869
USVT,US Value ETF,2021-09-14,NA,NA,NA,NA,NA,NA,NA,NA,NA,NA,NA,NA,NA,NA,NA,NA,NA,NA,NA,NA,NA,NA,0.08012995921460053,-0.015276643332826856,0.16530257527588654,-0.01910915155033288
USXF,iShares ESG Advanced MSCI USA ETF,2020-06-18,NA,NA,NA,NA,NA,NA,NA,NA,NA,NA,NA,NA,NA,NA,NA,NA,NA,NA,NA,NA,NA,0.24041312139447157,0.27136374312628586,-0.21202485855942788,0.3165018365754624,0.0037669896290430938
UTRN,Vesper US Large Cap Short-Term Reversal Strategy ETF,2018-09-21,NA,NA,NA,NA,NA,NA,NA,NA,NA,NA,NA,NA,NA,NA,NA,NA,NA,NA,NA,-0.14561271457300828,0.3180152217803798,0.1921342508465924,0.305422050743404,-0.2035550277831607,-0.01977748385590916,-0.008827279686409173
UTSL,Direxion Daily Utilities Bull 3X Shares,2017-05-03,NA,NA,NA,NA,NA,NA,NA,NA,NA,NA,NA,NA,NA,NA,NA,NA,NA,NA,0.11262633472341621,-0.022657035611934107,0.81066159404401406,-0.38578269924354325,0.4815732818192333,-0.14057857995020484,-0.3555074063207485,-0.009456210836788603
UVIX,VS TR 2x Long VIX Futures ETF,2022-03-30,NA,NA,NA,NA,NA,NA,NA,NA,NA,NA,NA,NA,NA,NA,NA,NA,NA,NA,NA,NA,NA,NA,NA,-0.6208469055374592,-0.9528178709888786,-0.09905314654189212
UWM,ProShares Ultra Russell2000,2007-01-25,NA,NA,NA,NA,NA,NA,NA,NA,-0.12742440309375325,-0.6690322787728304,0.42882711717372146,0.506235567448077,-0.1834153458033404,0.3061234100461392,0.8695072832361785,0.06381683273953875,-0.12291156439980211,0.41171604877978996,0.2692425532581051,-0.2589164636898098,0.4861638347238697,0.1656708857620628,0.2391473981658938,-0.4368989557602643,0.2261889110103934,-0.07700395174573282
UXI,ProShares Ultra Industrials,2007-02-02,NA,NA,NA,NA,NA,NA,NA,NA,0.10570173558821483,-0.7033354153976108,0.4117086683772673,0.4918563672730736,-0.10402460408206438,0.32242286692185873,0.9177390641365859,0.1313417684386049,-0.08935299807265429,0.3604920953777766,0.5180392337591011,-0.2812740562070376,0.6742760081886949,0.16368296900271528,0.3464210103906764,-0.32904250982838934,0.2732440339719524,-0.03265024328466226
UYG,ProShares Ultra Financials,2007-02-01,NA,NA,NA,NA,NA,NA,NA,NA,-0.40734846049262685,-0.8523415085723444,-0.05616351482331128,0.180344594152559,-0.3295120822745695,0.5423763765567002,0.7423319942769941,0.2741923053642561,-0.04076517059072937,0.31353993011408043,0.3928434866020365,-0.22607648377984635,0.661475934169077,-0.2032400268345781,0.6796056157350228,-0.321094570264825,0.22140840101069736,-0.005797095840604838
UYM,ProShares Ultra Materials,2007-02-01,NA,NA,NA,NA,NA,NA,NA,NA,0.4047000749296208,-0.8354536262775318,1.2681147922013434,0.5736493985811331,-0.3658439059030508,0.14816238535481907,0.38698782973833556,0.02945499056821732,-0.2708956879905795,0.3651856304614183,0.5151062089659812,-0.3568353152034699,0.3509573973189435,0.16568330833666245,0.5423510948773673,-0.2310532956744693,0.17472067493323573,-0.04170011600870405
VALQ,American Century U.S. Quality Value ETF,2018-01-16,NA,NA,NA,NA,NA,NA,NA,NA,NA,NA,NA,NA,NA,NA,NA,NA,NA,NA,NA,-0.10443775349321882,0.24524010997775036,0.006410401147243228,0.2704683126973082,-0.07726180739324895,0.13868445271594343,0.006928754968759554
VAMO,Cambria ETF Trust Cambria Value and Momentum ETF,2015-09-09,NA,NA,NA,NA,NA,NA,NA,NA,NA,NA,NA,NA,NA,NA,NA,NA,-0.07276912345657727,0.049998194397913975,0.038230391136138575,-0.11427694548557843,-0.04625141661823484,-0.04919835147129048,0.3216155165970047,0.08551618724638566,0.055799655978391316,-0.014522943787131815
VAW,Vanguard Materials ETF,2004-01-30,NA,NA,NA,NA,NA,0.2162923670040735,0.034332715683401904,0.19501876428534137,0.26516634667955463,-0.4653497769013526,0.5144862710032831,0.24478165092538573,-0.0954097453005538,0.1733115899447677,0.24936900948220786,0.04009699998227356,-0.10199731868424844,0.21502567111991033,0.23758138566678144,-0.17486279661533222,0.23528901298802984,0.19442346442337066,0.2743267109391343,-0.11796876648711507,0.13675206494438208,-0.02837737875312063
VBK,Vanguard Small-Cap Growth ETF,2004-01-30,NA,NA,NA,NA,NA,0.10264400056519318,0.0865769404960377,0.12184373131560244,0.09905888430304977,-0.4031821410524753,0.42791193800673577,0.30948722286411523,-0.016180609795425016,0.17803859740042416,0.3826654191754546,0.040169852476397816,-0.02631029500512727,0.10868062118234634,0.2187317404290956,-0.056965956563254205,0.32751593372155363,0.3544277675975882,0.05660200655406178,-0.28440994966195576,0.21446573940535574,-0.03151760036943729
VBR,Vanguard Small-Cap Value ETF,2004-01-30,NA,NA,NA,NA,NA,0.20469386618363328,0.062353954676426904,0.1948079217388119,-0.06920789939680527,-0.32195981869382373,0.3094833543793345,0.25111029274454677,-0.04216012459249363,0.1896044368478338,0.36557601854879884,0.10566627891180613,-0.04754726044779489,0.24886677173737848,0.1181297759655513,-0.12279871653793617,0.22780279068994225,0.05897457874739609,0.2808380493051701,-0.09377560195111379,0.15999822968813016,-0.02422626315929588
VCLN,Virtus Duff & Phelps Clean Energy ETF,2021-08-04,NA,NA,NA,NA,NA,NA,NA,NA,NA,NA,NA,NA,NA,NA,NA,NA,NA,NA,NA,NA,NA,NA,-0.04998422960008808,-0.07874660148629398,-0.17547671326665237,-0.05042289899611185
VCR,Vanguard Consumer Discretion ETF,2004-01-30,NA,NA,NA,NA,NA,0.14419169374850416,-0.04103315048940237,0.16503392304033104,-0.11798287660344675,-0.37883071445690664,0.46420138425894764,0.3056610501814072,0.036458481093226025,0.24604094036720836,0.43660709397577846,0.08162115854513141,0.06258597628775808,0.06714063990178154,0.22815541726040078,-0.02306910063444001,0.27449369433006554,0.48358720419869106,0.2485550838099797,-0.35148827130283433,0.40375840908691285,-0.026826410236831633
VDC,Vanguard Consumer Staples ETF,2004-01-30,NA,NA,NA,NA,NA,0.09915384407292227,0.037597090054966475,0.15861801968331357,0.12669553567523129,-0.1657941519514774,0.1656479952513923,0.146282380609974,0.13623886330964385,0.11033177594813504,0.28037639063404174,0.16009637724624914,0.05826345363106711,0.06293079385643519,0.11845363118929564,-0.07792796747164121,0.2610698106452243,0.10856471165653425,0.17639190728104248,-0.01787969647759713,0.023851670399864577,0.010473397201942847
VDE,Vanguard Energy ETF,2004-09-29,NA,NA,NA,NA,NA,0.0530959581240813,0.3904834930545562,0.18992440305323588,0.3464073080663179,-0.3957757639874677,0.2554276513093958,0.21070387260075774,0.028078550550203474,0.03391239129994128,0.2583498728977234,-0.11714006357115969,-0.23224149794283488,0.29174053015922974,-0.024992458637507986,-0.19945369487681808,0.09281510265607218,-0.3302519974282716,0.5631187340639852,0.6288620411949648,3.058417598160723e-4,-0.014921555407697684
LGRO,Level Four Large Cap Growth Active ETF,2023-08-23,NA,NA,NA,NA,NA,NA,NA,NA,NA,NA,NA,NA,NA,NA,NA,NA,NA,NA,NA,NA,NA,NA,NA,NA,0.11737369275829201,-0.0026597901645935007
LITP,Sprott Lithium Miners ETF,2023-02-02,NA,NA,NA,NA,NA,NA,NA,NA,NA,NA,NA,NA,NA,NA,NA,NA,NA,NA,NA,NA,NA,NA,NA,NA,-0.36138957562626484,-0.1322012644773729
LOCT,Innovator ETFs Trust Innovator Premium Income 15 Buffer ETF - ,2023-10-02,NA,NA,NA,NA,NA,NA,NA,NA,NA,NA,NA,NA,NA,NA,NA,NA,NA,NA,NA,NA,NA,NA,NA,NA,0.023762759372767173,0.0033222559783854244
LOPP,Gabelli Love Our Planet & People ETF Gabelli Love Our Planet &,2021-02-04,NA,NA,NA,NA,NA,NA,NA,NA,NA,NA,NA,NA,NA,NA,NA,NA,NA,NA,NA,NA,NA,NA,0.17199744508605064,-0.15042785763550826,0.0473518803469164,-0.02592297991605097
LOWV,AB Active ETFs Inc. AB US Low Volatility Equity ETF,2023-03-28,NA,NA,NA,NA,NA,NA,NA,NA,NA,NA,NA,NA,NA,NA,NA,NA,NA,NA,NA,NA,NA,NA,NA,NA,0.1948478400949447,0.015483939677776393
LQAI,Exchange Listed Funds Trust LG QRAFT AI-Powered U.S. Large Cap,2023-11-07,NA,NA,NA,NA,NA,NA,NA,NA,NA,NA,NA,NA,NA,NA,NA,NA,NA,NA,NA,NA,NA,NA,NA,NA,0.09122048536962701,0.001459178725423227
LRGC,AB Active ETFs Inc. AB US Large Cap Strategic Equities ETF,2023-09-20,NA,NA,NA,NA,NA,NA,NA,NA,NA,NA,NA,NA,NA,NA,NA,NA,NA,NA,NA,NA,NA,NA,NA,NA,0.09298221302992582,0.006569511939121586
LRGE,ClearBridge Large Cap Growth ESG ETF,2017-05-31,NA,NA,NA,NA,NA,NA,NA,NA,NA,NA,NA,NA,NA,NA,NA,NA,NA,NA,0.16554871163058782,-0.003455638495640123,0.3338131116792511,0.31893985728424146,0.22932845428967252,-0.31450298809897215,0.4636036874973162,0.015583114953421351
LRGF,iShares U.S. Equity Factor ETF,2015-04-30,NA,NA,NA,NA,NA,NA,NA,NA,NA,NA,NA,NA,NA,NA,NA,NA,-0.017051771827494178,0.12518825120558907,0.21127468335543775,-0.0965853546015567,0.26116504609359037,0.11111965136311053,0.25014573998038303,-0.14767031334102532,0.2585430054310802,0.0028991382686724965
LRND,IQ U.S. Large Cap R&D Leaders ETF,2022-02-08,NA,NA,NA,NA,NA,NA,NA,NA,NA,NA,NA,NA,NA,NA,NA,NA,NA,NA,NA,NA,NA,NA,NA,-0.1932776331559134,0.44128306784637883,0.011468253909495907
LRNZ,TrueShares Technology AI & Deep Learning ETF,2020-03-02,NA,NA,NA,NA,NA,NA,NA,NA,NA,NA,NA,NA,NA,NA,NA,NA,NA,NA,NA,NA,NA,0.8781546127977369,-0.009599811761792365,-0.5146465829997464,0.6711567425171079,-0.025673210084194653
LSAF,LeaderShares AlphaFactor US Core Equity ETF,2018-10-02,NA,NA,NA,NA,NA,NA,NA,NA,NA,NA,NA,NA,NA,NA,NA,NA,NA,NA,NA,-0.15465343675396537,0.2835754527664258,0.06916576145384679,0.2719787171009551,-0.13121931617427052,0.15486866291165802,-0.0023214747093092125
LSEQ,Harbor ETF Trust Harbor Long-Short Equity ETF,2023-12-06,NA,NA,NA,NA,NA,NA,NA,NA,NA,NA,NA,NA,NA,NA,NA,NA,NA,NA,NA,NA,NA,NA,NA,NA,0.0027996550641335993,0.03183465650558537
LSGR,Natixis ETF Trust II Natixis Loomis Sayles Focused Growth ETF,2023-06-29,NA,NA,NA,NA,NA,NA,NA,NA,NA,NA,NA,NA,NA,NA,NA,NA,NA,NA,NA,NA,NA,NA,NA,NA,0.12342930763769178,0.013791351658362094
LTL,ProShares Ultra Communication Services,2008-05-22,NA,NA,NA,NA,NA,NA,NA,NA,NA,-0.6596030893215401,0.4570445018586051,0.40295112268064526,-0.1990618658097273,0.3479866486538499,0.5746857162906882,-0.008960116966260423,-0.061538532949720004,0.4555610741297942,-0.2684811121451647,-0.234383907902037,0.30159310004674356,-0.03252422159072477,0.3994326014180045,-0.4114572379888076,0.62042583644355,0.029968462562718345
LUX,Tema ETF Trust Tema Luxury ETF,2023-05-11,NA,NA,NA,NA,NA,NA,NA,NA,NA,NA,NA,NA,NA,NA,NA,NA,NA,NA,NA,NA,NA,NA,NA,NA,-0.04703836645433024,-0.040446371123922464
LVHD,Franklin U.S. Low Volatility High Dividend Index ETF,2015-12-29,NA,NA,NA,NA,NA,NA,NA,NA,NA,NA,NA,NA,NA,NA,NA,NA,-0.015451865824407607,0.17388442452721198,0.14251013134124313,-0.055851884694874454,0.2291498074334386,-0.01278239842460216,0.2690661760948836,-0.01818856525425261,-0.009463643041031089,-0.00497936075535832
LVOL,American Century Low Volatility ETF,2021-01-19,NA,NA,NA,NA,NA,NA,NA,NA,NA,NA,NA,NA,NA,NA,NA,NA,NA,NA,NA,NA,NA,NA,0.2571495197428362,-0.12896014349382123,0.14906329774966776,0.007435779513887297
MAGA,Point Bridge America First ETF,2017-09-14,NA,NA,NA,NA,NA,NA,NA,NA,NA,NA,NA,NA,NA,NA,NA,NA,NA,NA,0.09666799167854823,-0.14823309021588504,0.26078474594461243,0.059271278203583355,0.33602616962587906,-0.01011488662332205,0.10371425871498041,-0.008623181969863225
MAGS,Roundhill Magnificent Seven ETF,2023-04-11,NA,NA,NA,NA,NA,NA,NA,NA,NA,NA,NA,NA,NA,NA,NA,NA,NA,NA,NA,NA,NA,NA,NA,NA,0.37313840684339517,0.010164428844037232
MAMB,Monarch Ambassador Income ETF,2021-03-29,NA,NA,NA,NA,NA,NA,NA,NA,NA,NA,NA,NA,NA,NA,NA,NA,NA,NA,NA,NA,NA,NA,0.017638623216965188,-0.13012961523070965,0.04898773489239394,-0.003180822912315806
MARB,First Trust Merger Arbitrage ETF,2020-02-05,NA,NA,NA,NA,NA,NA,NA,NA,NA,NA,NA,NA,NA,NA,NA,NA,NA,NA,NA,NA,NA,-0.023516013381266854,0.0026588571776609005,0.038858788472579286,0.021603621270469775,-0.006299236436121625
MART,AIM ETF Products Trust AllianzIM U.S. Large Cap Buffer10 Mar E,2023-03-01,NA,NA,NA,NA,NA,NA,NA,NA,NA,NA,NA,NA,NA,NA,NA,NA,NA,NA,NA,NA,NA,NA,NA,NA,0.16936090777825452,0.005625929473441316
MARW,AIM ETF Products Trust AllianzIM U.S. Large Cap Buffer20 Mar E,2023-03-01,NA,NA,NA,NA,NA,NA,NA,NA,NA,NA,NA,NA,NA,NA,NA,NA,NA,NA,NA,NA,NA,NA,NA,NA,0.11829202194904931,0.003041724557149683
MARZ,TrueShares Structured Outcome (March) ETF,2021-03-02,NA,NA,NA,NA,NA,NA,NA,NA,NA,NA,NA,NA,NA,NA,NA,NA,NA,NA,NA,NA,NA,NA,0.17799063724377584,-0.12694417138627134,0.20373268231202935,0.005184112665750584
MAYT,AIM ETF Products Trust AllianzIM U.S. Large Cap Buffer10 May E,2023-05-01,NA,NA,NA,NA,NA,NA,NA,NA,NA,NA,NA,NA,NA,NA,NA,NA,NA,NA,NA,NA,NA,NA,NA,NA,0.11984821649198385,0.00442211574826068
MAYW,AIM ETF Products Trust AllianzIM U.S. Large Cap Buffer20 May E,2023-05-01,NA,NA,NA,NA,NA,NA,NA,NA,NA,NA,NA,NA,NA,NA,NA,NA,NA,NA,NA,NA,NA,NA,NA,NA,0.08175950596492942,0.0030939092069721674
MBCC,Monarch Blue Chips Core ETF,2021-03-29,NA,NA,NA,NA,NA,NA,NA,NA,NA,NA,NA,NA,NA,NA,NA,NA,NA,NA,NA,NA,NA,NA,0.18653803245706424,-0.20284984807519124,0.22335327234540325,0.016838001397177838
MBOX,Freedom Day Dividend ETF,2021-05-05,NA,NA,NA,NA,NA,NA,NA,NA,NA,NA,NA,NA,NA,NA,NA,NA,NA,NA,NA,NA,NA,NA,0.09480337453074306,-0.04321530231674042,0.1584367049695199,-0.0034904147574594813
MDCP,VictoryShares THB Mid Cap ESG ETF,2021-10-05,NA,NA,NA,NA,NA,NA,NA,NA,NA,NA,NA,NA,NA,NA,NA,NA,NA,NA,NA,NA,NA,NA,0.13680069576002984,-0.19380992786184403,0.20924615519528023,-0.019503678271959757
MDY,SPDR MidCap Trust Series I,1999-12-31,0,0.1731602318034664,-0.008492946415726621,-0.14526993529946486,0.3528898184694851,0.15891661208296126,0.12529018746600618,0.09984322214206665,0.07224618704258323,-0.3643754844935334,0.37563932285463886,0.2628015566929296,-0.021249846972503983,0.1781861943114984,0.33059800507695636,0.09397836089579914,-0.025123094619246,0.20462897590651075,0.15930805500821799,-0.11288384561635811,0.2578095360579602,0.13502769232449952,0.24204615950316843,-0.13283709787194986,0.1607445346316454,-0.01830976478284274
MDYG,SPDR S&P 400 Mid Cap Growth ETF (based on S&P MidCap 400 Growt,2005-11-15,NA,NA,NA,NA,NA,NA,0.029787729427167786,0.11254400874085424,0.08963827455466578,-0.41613937326208417,0.5607410773101444,0.2732503655671883,-0.013019857987289662,0.1679984890400661,0.32514574839643573,0.07633686516913807,0.018065706923133806,0.14442829321827833,0.1960588095762572,-0.10460739155010879,0.2610082711768227,0.22571354557795242,0.18461937443869636,-0.1891888315380278,0.1729951188958998,-0.012818834996367268
MDYV,SPDR S&P 400 Mid Cap Value ETF (based on S&P MidCap 400 Value ,2005-11-15,NA,NA,NA,NA,NA,NA,0.02321711960995021,0.16284239202704343,-0.019396118075408753,-0.35565814873150425,0.34658326699524844,0.21091339405033938,-0.02852250482777763,0.1778750660806978,0.34153247947892207,0.12339732278197002,-0.07183052349667396,0.261358134506009,0.12311345703620913,-0.11951086330447569,0.2589230941592626,0.03680073703523257,0.30037625891569486,-0.07191507005607267,0.15354939594969852,-0.024666089211517916
MEDI,Harbor ETF Trust Harbor Health Care ETF,2022-11-17,NA,NA,NA,NA,NA,NA,NA,NA,NA,NA,NA,NA,NA,NA,NA,NA,NA,NA,NA,NA,NA,NA,NA,0.025997127951539634,0.23341492907013395,0.00274144830534806
MEDX,Horizon Kinetics Medical ETF,2023-01-31,NA,NA,NA,NA,NA,NA,NA,NA,NA,NA,NA,NA,NA,NA,NA,NA,NA,NA,NA,NA,NA,NA,NA,NA,-0.06213317352269787,0.03329754010075825
MEXX,Direxion Daily MSCI Mexico Bull 3X Shares,2017-05-03,NA,NA,NA,NA,NA,NA,NA,NA,NA,NA,NA,NA,NA,NA,NA,NA,NA,NA,-0.1291994593762158,-0.4539766216386494,0.29539140257922414,-0.5331508416508719,0.5735909185122141,-0.08044618539554349,1.2394401787938962,-0.07838554244640361
MFUS,PIMCO Equitiy Series PIMCO RAFI Dynamic Multi-Factor U.S. Equi,2017-09-07,NA,NA,NA,NA,NA,NA,NA,NA,NA,NA,NA,NA,NA,NA,NA,NA,NA,NA,0.11525653238912525,-0.06960735125358963,0.26167241624618787,0.10636323300631756,0.24101468197561648,-0.05820817251476329,0.11007368478314294,0.004178587215791119
MGC,Vanguard Mega Cap ETF,2007-12-27,NA,NA,NA,NA,NA,NA,NA,NA,-0.007326948092661434,-0.3607625410768378,0.25250149782808884,0.13743533554734855,0.023432305184207358,0.16142843371277604,0.3203024400347543,0.12731542661294215,0.013992884575057873,0.11903098072496565,0.22609125170294075,-0.03455099709777398,0.31144630819405994,0.21569627209144837,0.27580295867085236,-0.19952281242916137,0.2976639336879725,0.006439014329812975
MGK,Vanguard Mega Cap Growth ETF,2007-12-27,NA,NA,NA,NA,NA,NA,NA,NA,-0.011278438335001306,-0.3625384134495021,0.35015436786116827,0.14514558967651725,0.030845793684931344,0.17231983509005278,0.3259214051979529,0.13151352600995314,0.03638039858960829,0.06548720103964478,0.29491734428855554,-0.02907842369917424,0.37384220027885373,0.4101076175955316,0.2858235256801336,-0.33587418056196194,0.5167183498573287,0.007514090463077938
MGMT,Ballast Small/Mid Cap ETF,2020-12-07,NA,NA,NA,NA,NA,NA,NA,NA,NA,NA,NA,NA,NA,NA,NA,NA,NA,NA,NA,NA,NA,0.03567267915355443,0.4040808914721348,-0.15318776045345428,0.17875363497213148,-0.035099565673475164
MGV,Vanguard Mega Cap Value ETF,2007-12-27,NA,NA,NA,NA,NA,NA,NA,NA,-0.0045666825638210895,-0.35653573399169947,0.15745106864519154,0.13134911283024708,0.013732435241256447,0.1500708377304465,0.32176550942417714,0.12179246992333903,-0.0020195065138274293,0.16762769138410283,0.16849892407921963,-0.04129071774441517,0.25541193774094895,0.025034839659884067,0.2592986910728927,-0.012154929616665866,0.09162483093929175,0.0020114618797106854
MID,American Century Mid Cap Growth Impact ETF,2020-07-27,NA,NA,NA,NA,NA,NA,NA,NA,NA,NA,NA,NA,NA,NA,NA,NA,NA,NA,NA,NA,NA,0.2734817596732877,0.10392372375235182,-0.2743802648305559,0.2219874036190046,-0.02730901468175284
MIDE,Xtrackers S&P MidCap 400 ESG ETF,2021-02-26,NA,NA,NA,NA,NA,NA,NA,NA,NA,NA,NA,NA,NA,NA,NA,NA,NA,NA,NA,NA,NA,NA,0.15176798090433774,-0.11624591557202801,0.15196824255492913,-0.023011584447537148
MIDU,Direxion Mid Cap Bull 3X Shares,2009-01-08,NA,NA,NA,NA,NA,NA,NA,NA,NA,NA,0.8628404681056256,0.697300051738277,-0.25054325861078564,0.49117934624272763,1.2172587339059278,0.226197817899219,-0.15069880173801542,0.5893589796303553,0.46868435478825665,-0.3920586180984975,0.7737863779424208,-0.18312708058074256,0.7288976934990234,-0.49267855168083785,0.2779378527317993,-0.06242958134878651
MILN,Global X Millennial Consumer ETF,2016-05-06,NA,NA,NA,NA,NA,NA,NA,NA,NA,NA,NA,NA,NA,NA,NA,NA,NA,0.051675246817834086,0.24479628048442525,0.02571784973797775,0.3224250157633084,0.44769422223596855,0.13993452825616948,-0.3855451318225388,0.36274468039709773,-0.01636112323193628
MISL,First Trust Exchange-Traded Fund First Trust Indxx Aerospace &,2022-10-26,NA,NA,NA,NA,NA,NA,NA,NA,NA,NA,NA,NA,NA,NA,NA,NA,NA,NA,NA,NA,NA,NA,NA,0.08226207057805568,0.14780733402883084,-0.01830680041909971
MKAM,MKAM ETF,2023-04-12,NA,NA,NA,NA,NA,NA,NA,NA,NA,NA,NA,NA,NA,NA,NA,NA,NA,NA,NA,NA,NA,NA,NA,NA,0.08229408568116625,0.001469574095189996
MLPA,Global X MLP ETF,2012-04-19,NA,NA,NA,NA,NA,NA,NA,NA,NA,NA,NA,NA,NA,-0.009289580741687065,0.17882661794603072,0.04187082125562558,-0.30057892209461956,0.20600200727741314,-0.08296093394966098,-0.15690467492050608,0.11936568994250596,-0.339618359696611,0.39641240004519385,0.24596923402230808,0.15929811075894085,0.01918741091325482
MLPR,ETRACS Quarterly Pay 1.5X Leveraged Alerian MLP Index ETN,2020-06-03,NA,NA,NA,NA,NA,NA,NA,NA,NA,NA,NA,NA,NA,NA,NA,NA,NA,NA,NA,NA,NA,-0.14212928666436098,0.5732910617299589,0.4560899317932594,0.35869413577122566,0.022298354776135954
MLPX,Global X MLP & Energy Infrastructure ETF,2013-08-07,NA,NA,NA,NA,NA,NA,NA,NA,NA,NA,NA,NA,NA,NA,0.1008055621124011,0.16214789839782617,-0.35265308066846246,0.361626072268727,-0.045202617659368616,-0.15465775481503607,0.19047846587245232,-0.2031498623593052,0.39627878038242814,0.19895987786723346,0.15770322964031602,0.004034072377513187
MMLG,First Trust Multi-Manager Large Growth ETF,2020-07-22,NA,NA,NA,NA,NA,NA,NA,NA,NA,NA,NA,NA,NA,NA,NA,NA,NA,NA,NA,NA,NA,0.20609123658002804,0.13232718161845836,-0.3918262245269586,0.45205237437658696,0.00829682717712088
MMTM,SPDR S&P 1500 Momentum Tilt ETF,2012-10-25,NA,NA,NA,NA,NA,NA,NA,NA,NA,NA,NA,NA,NA,0.01625957568230274,0.32295433361887493,0.1416154404474126,0.03762333231632309,0.06259189356314465,0.24407583023604262,-0.0461573470899852,0.29983062017773787,0.19271637310533873,0.2598319157227087,-0.16118368712637687,0.22495738488833128,0.009104385365273915
MOAT,VanEck Morningstar Wide Moat ETF,2012-04-25,NA,NA,NA,NA,NA,NA,NA,NA,NA,NA,NA,NA,NA,0.09642707761908542,0.30905478844958756,0.09194548283163417,-0.04931750081078756,0.21881690374052787,0.23182187352739647,-0.012798353342157398,0.3479507052509978,0.1483840152377296,0.24119339050614097,-0.13658074285905564,0.3188714981068925,-0.012607513375711643
MODL,VictoryShares WestEnd U.S. Sector ETF,2022-10-12,NA,NA,NA,NA,NA,NA,NA,NA,NA,NA,NA,NA,NA,NA,NA,NA,NA,NA,NA,NA,NA,NA,NA,0.07131358269009458,0.23743219852190078,0.021207074129714787
MOON,Direxion Moonshot Innovators ETF,2020-11-12,NA,NA,NA,NA,NA,NA,NA,NA,NA,NA,NA,NA,NA,NA,NA,NA,NA,NA,NA,NA,NA,0.2469572336261927,-0.13781825271582748,-0.6106785566802624,0.09850370756123561,-0.11257693455185569
MOTE,VanEck Morningstar ESG Moat ETF,2021-10-07,NA,NA,NA,NA,NA,NA,NA,NA,NA,NA,NA,NA,NA,NA,NA,NA,NA,NA,NA,NA,NA,NA,0.06876896859680537,-0.18661443747624062,0.18260486591263692,-0.006188592111356694
MRNY,Tidal Trust II YieldMax MRNA Option Income Strategy ETF,2023-10-24,NA,NA,NA,NA,NA,NA,NA,NA,NA,NA,NA,NA,NA,NA,NA,NA,NA,NA,NA,NA,NA,NA,NA,NA,0.1960859234308081,0.015684118807380854
MSFD,Direxion Daily MSFT Bear 1X Shares,2022-09-08,NA,NA,NA,NA,NA,NA,NA,NA,NA,NA,NA,NA,NA,NA,NA,NA,NA,NA,NA,NA,NA,NA,NA,0.03845275324681663,-0.3590711450683959,-0.02913241337376493
MSFO,Tidal ETF Trust II YieldMax MSFT Option Income Strategy ETF,2023-08-25,NA,NA,NA,NA,NA,NA,NA,NA,NA,NA,NA,NA,NA,NA,NA,NA,NA,NA,NA,NA,NA,NA,NA,NA,0.18385472423363702,0.011968758915273714
MSFU,Direxion Daily MSFT Bull 1.5X Shares,2022-09-07,NA,NA,NA,NA,NA,NA,NA,NA,NA,NA,NA,NA,NA,NA,NA,NA,NA,NA,NA,NA,NA,NA,NA,-0.13274828138539185,0.8303396211522518,0.046934154938694794
MSFY,NEOS ETF Trust Kurv Yield Premium Strategy Microsoft (MSFT) ET,2023-10-31,NA,NA,NA,NA,NA,NA,NA,NA,NA,NA,NA,NA,NA,NA,NA,NA,NA,NA,NA,NA,NA,NA,NA,NA,0.06435807608522648,0.025141334878723942
MSOS,AdvisorShares Trust AdvisorShares Pure US Cannabis ETF,2020-09-02,NA,NA,NA,NA,NA,NA,NA,NA,NA,NA,NA,NA,NA,NA,NA,NA,NA,NA,NA,NA,NA,0.4795297886956156,-0.29890410540855095,-0.7268464349574741,0.0028612959110974057,0.16975742389856063
MSOX,AdvisorShares Trust AdvisorShares MSOS 2x Daily ETF,2022-08-24,NA,NA,NA,NA,NA,NA,NA,NA,NA,NA,NA,NA,NA,NA,NA,NA,NA,NA,NA,NA,NA,NA,NA,-0.7925080126369479,-0.3926174727534769,0.3259669454363916
MSTQ,ETF Series Solutions LHA Market State Tactical Q ETF,2022-03-16,NA,NA,NA,NA,NA,NA,NA,NA,NA,NA,NA,NA,NA,NA,NA,NA,NA,NA,NA,NA,NA,NA,NA,-0.2352375782451509,0.4309969066944126,-2.124303060123678e-4
MSVX,LHA Market State Alpha Seeker ETF,2020-05-15,NA,NA,NA,NA,NA,NA,NA,NA,NA,NA,NA,NA,NA,NA,NA,NA,NA,NA,NA,NA,NA,-0.03955015452143251,0.06211524002010771,-0.0060868049486667575,-0.0050262654606305635,0.0059593840707725665
MTUL,ETRACS 2x Leveraged MSCI US Momentum Factor TR ETN,2021-02-05,NA,NA,NA,NA,NA,NA,NA,NA,NA,NA,NA,NA,NA,NA,NA,NA,NA,NA,NA,NA,NA,NA,0.06999286792644588,-0.3797421587772567,0.10659145249580648,0.03278776783099713
MVRL,ETRACS Monthly Pay 1.5X Leveraged Mortgage REIT ETN,2020-06-08,NA,NA,NA,NA,NA,NA,NA,NA,NA,NA,NA,NA,NA,NA,NA,NA,NA,NA,NA,NA,NA,0.26886753877072933,0.2244464547410403,-0.4240457946477353,0.12307025619132905,-0.0073719724824489186
MVV,ProShares Ultra MidCap400,2006-06-21,NA,NA,NA,NA,NA,NA,NA,0.14206314110391638,0.04978959029455243,-0.67751786817905435,0.6812879764149178,0.5288046724510793,-0.13065317802284548,0.3383848445798472,0.713707389524388,0.15996832810574269,-0.07643019661473005,0.3938983599648227,0.30810171391635444,-0.25438999043191124,0.4949567722876662,0.06200497959915929,0.48426891615708656,-0.31957478185469623,0.22506698083285426,-0.040766982816268005
MYY,ProShares Short MidCap400,2006-06-21,NA,NA,NA,NA,NA,NA,NA,-0.04633668342540831,-0.01419779882845329,0.33975296924744036,-0.35057725155541697,-0.2540501917008978,-0.06938178712510823,-0.1782819994101421,-0.27100584908831005,-0.11309525719803126,-0.007931638205149194,-0.19311200738794276,-0.14634148242377443,0.12792172458623652,-0.19975551756956422,-0.25936682907783704,-0.23053376722736196,0.10250630990258691,-0.09478044036128042,0.021445178000526033
MZZ,ProShares UltraShort MidCap400,2006-07-13,NA,NA,NA,NA,NA,NA,NA,-0.14253964871927838,-0.0868272582276075,0.4721820891418156,-0.6207546282178029,-0.46223431790485425,-0.20037851127429573,-0.3344728221645291,-0.4721454308498936,-0.21837563338472465,-0.029686659647836566,-0.35998005512569453,-0.27717794992133415,0.22831075720401572,-0.38028731938270444,-0.5311694382886142,-0.4211127907536374,0.13050698066957978,-0.23675615052151266,0.04295942521584761
NACP,Impact Shares Trust I Impact Shares NAACP Minority Empowerment,2018-07-19,NA,NA,NA,NA,NA,NA,NA,NA,NA,NA,NA,NA,NA,NA,NA,NA,NA,NA,NA,-0.08761436819300938,0.30742747923390823,0.26028036936738985,0.27602489582103407,-0.23047890042561203,0.2967623003025954,0.010600724972226638
NAIL,Direxion Daily Homebuilders & Supplies Bull 3X Shares,2015-08-19,NA,NA,NA,NA,NA,NA,NA,NA,NA,NA,NA,NA,NA,NA,NA,NA,-0.27372522039741687,-0.12233262564567537,2.6871500302392217,-0.7396070250067015,1.8463029279994334,-0.3207746559907295,1.6819759554063296,-0.7523425191328075,2.596095916345601,-0.023332095608022074
NANC,Series Portfolios Trust Unusual Whales Subversive Democratic T,2023-02-07,NA,NA,NA,NA,NA,NA,NA,NA,NA,NA,NA,NA,NA,NA,NA,NA,NA,NA,NA,NA,NA,NA,NA,NA,0.20784893674239702,0.008070875774657038
NAPR,Innovator Growth-100 Power Buffer ETF - April,2020-04-01,NA,NA,NA,NA,NA,NA,NA,NA,NA,NA,NA,NA,NA,NA,NA,NA,NA,NA,NA,NA,NA,0.15900195773847914,0.09089628693136342,-0.12134654042919846,0.30598046542643,0.003304618696655215
NDIV,Amplify ETF Trust Amplify Natural Resources Dividend Income ET,2022-08-24,NA,NA,NA,NA,NA,NA,NA,NA,NA,NA,NA,NA,NA,NA,NA,NA,NA,NA,NA,NA,NA,NA,NA,0.018183037657825585,0.15511437498957004,-0.019497702271544126
NDJI,ETF Series Solutions Nationwide Dow Jones Risk-Managed Income ,2021-12-17,NA,NA,NA,NA,NA,NA,NA,NA,NA,NA,NA,NA,NA,NA,NA,NA,NA,NA,NA,NA,NA,NA,0.015289024011138519,-0.1451820804815107,0.12238221108358815,-0.003044770788783957
NDVG,Nuveen Dividend Growth ETF,2021-08-05,NA,NA,NA,NA,NA,NA,NA,NA,NA,NA,NA,NA,NA,NA,NA,NA,NA,NA,NA,NA,NA,NA,0.11075328800458606,-0.09545021674639464,0.15148471461516233,-9.268830631380398e-4
NETZ,TCW Transform Systems ETF,2022-02-03,NA,NA,NA,NA,NA,NA,NA,NA,NA,NA,NA,NA,NA,NA,NA,NA,NA,NA,NA,NA,NA,NA,NA,-0.026099337279982593,0.20827569524330003,-6.344159457358778e-4
NFLP,NEOS ETF Trust Kurv Yield Premium Strategy Netflix (NFLX) ETF,2023-10-27,NA,NA,NA,NA,NA,NA,NA,NA,NA,NA,NA,NA,NA,NA,NA,NA,NA,NA,NA,NA,NA,NA,NA,NA,0.13957217381497977,0.007536238414153074
NFLY,Tidal ETF Trust II YieldMax NFLX Option Income Strategy ETF,2023-08-08,NA,NA,NA,NA,NA,NA,NA,NA,NA,NA,NA,NA,NA,NA,NA,NA,NA,NA,NA,NA,NA,NA,NA,NA,0.034489548784102375,0.0021005041864921026
NJAN,Innovator Growth-100 Power Buffer ETF - January,2020-01-02,NA,NA,NA,NA,NA,NA,NA,NA,NA,NA,NA,NA,NA,NA,NA,NA,NA,NA,NA,NA,NA,0.08294730360938796,0.11545519917904423,-0.18915541917207157,0.20949248559237765,0.0035980218474462866
NJUL,Innovator Growth-100 Power Buffer ETF - July,2020-07-02,NA,NA,NA,NA,NA,NA,NA,NA,NA,NA,NA,NA,NA,NA,NA,NA,NA,NA,NA,NA,NA,0.08314731580054291,0.07857852975260671,-0.11668229294625143,0.29521687422374554,0.003121329941722095
NOCT,Innovator Growth-100 Power Buffer ETF- October,2019-10-01,NA,NA,NA,NA,NA,NA,NA,NA,NA,NA,NA,NA,NA,NA,NA,NA,NA,NA,NA,NA,0.05535921714708536,0.1164213827770686,0.12100578552937402,-0.13420122310777016,0.3066674546159187,0.004628860350843977
NOVZ,TrueShares Structured Outcome (November) ETF,2020-11-02,NA,NA,NA,NA,NA,NA,NA,NA,NA,NA,NA,NA,NA,NA,NA,NA,NA,NA,NA,NA,NA,0.10299874233055051,0.2146222734690404,-0.09579480536851326,0.18064954464814953,0.00334210522845102
NRGD,Bank Of Montreal,2019-04-10,NA,NA,NA,NA,NA,NA,NA,NA,NA,NA,NA,NA,NA,NA,NA,NA,NA,NA,NA,NA,-0.21560778325733032,-0.839269742726364,-0.8787234042553191,-0.9129797560965967,-0.28721195078227735,0.021191397976259907
NRGU,Bank Of Montreal,2019-04-16,NA,NA,NA,NA,NA,NA,NA,NA,NA,NA,NA,NA,NA,NA,NA,NA,NA,NA,NA,NA,-0.17494093811390954,-0.935129807474787,1.6545693925694658,2.0267888622683365,-0.15715475751101637,-0.03560651780325885
NSCS,Nuveen Small Cap Select ETF,2021-08-05,NA,NA,NA,NA,NA,NA,NA,NA,NA,NA,NA,NA,NA,NA,NA,NA,NA,NA,NA,NA,NA,NA,0.03085471328590006,-0.1947124035824509,0.1771877565166633,-0.023763062951802194
NSPI,ETF Series Solutions Nationwide S&P 500 Risk-Managed Income ET,2021-12-17,NA,NA,NA,NA,NA,NA,NA,NA,NA,NA,NA,NA,NA,NA,NA,NA,NA,NA,NA,NA,NA,NA,0.01902725426377594,-0.17597611728818185,0.18672383619549748,0.006144391877356492
NTKI,ETF Series Solutions Nationwide Russell 2000 Risk-Managed Inco,2021-12-17,NA,NA,NA,NA,NA,NA,NA,NA,NA,NA,NA,NA,NA,NA,NA,NA,NA,NA,NA,NA,NA,NA,0.013700651728938418,-0.1685093263840739,0.054192343904354345,-0.01609644118411102
NTZG,Nuveen Global Net Zero Transition ETF,2022-06-24,NA,NA,NA,NA,NA,NA,NA,NA,NA,NA,NA,NA,NA,NA,NA,NA,NA,NA,NA,NA,NA,NA,NA,0.0025730475923664287,0.16477298846834443,-0.004334877402078496
NUDV,Nuveen ESG Dividend ETF,2021-09-28,NA,NA,NA,NA,NA,NA,NA,NA,NA,NA,NA,NA,NA,NA,NA,NA,NA,NA,NA,NA,NA,NA,0.08925076956949263,-0.07820280414958736,0.10133950953001225,-0.006149571523975439
NUGO,Nuveen Growth Opportunities ETF,2021-09-28,NA,NA,NA,NA,NA,NA,NA,NA,NA,NA,NA,NA,NA,NA,NA,NA,NA,NA,NA,NA,NA,NA,0.07775742498325178,-0.3273597842997168,0.45372486811685464,0.020432162468626114
NULC,Nuveen ESG Large-Cap ETF,2019-06-04,NA,NA,NA,NA,NA,NA,NA,NA,NA,NA,NA,NA,NA,NA,NA,NA,NA,NA,NA,NA,0.1688819666450898,0.22513118269420795,0.2569325529131594,-0.2017933010941121,0.22537319593170357,0.0016170775926998004
NULG,Nuveen ESG Large-Cap Growth ETF,2016-12-22,NA,NA,NA,NA,NA,NA,NA,NA,NA,NA,NA,NA,NA,NA,NA,NA,NA,-6.345659332830378e-4,0.24568681636850487,0.0031123804792549947,0.3923046005413453,0.3958123595075318,0.2805930564394936,-0.2842958030151579,0.4271320491466819,-0.007197351248224737
NULV,Nuveen ESG Large-Cap Value ETF,2017-01-10,NA,NA,NA,NA,NA,NA,NA,NA,NA,NA,NA,NA,NA,NA,NA,NA,NA,NA,0.15671775004535027,-0.048990060400365354,0.2725823183316811,0.01868444395613622,0.23462742230885514,-0.10089725549006812,0.07603893020577313,-0.003063230599247402
NUMG,Nuveen ESG Mid-Cap Growth ETF,2016-12-20,NA,NA,NA,NA,NA,NA,NA,NA,NA,NA,NA,NA,NA,NA,NA,NA,NA,-0.0012079146971063492,0.19004582476146803,-0.05792252366049011,0.34870194876424043,0.4573196801541124,0.12272726120902067,-0.2831442873361142,0.20474033316523266,-0.02291521801899621
NUMV,Nuveen ESG Mid-Cap Value ETF,2016-12-20,NA,NA,NA,NA,NA,NA,NA,NA,NA,NA,NA,NA,NA,NA,NA,NA,NA,-0.005615696620737576,0.1470324238372296,-0.11910794562284521,0.29808469029917006,0.009097646244768498,0.31150048839724764,-0.14972127880471187,0.0842541808686692,-0.02092586352576231
NURE,Nuveen Short-Term REIT ETF,2016-12-20,NA,NA,NA,NA,NA,NA,NA,NA,NA,NA,NA,NA,NA,NA,NA,NA,NA,8.021787334799857e-4,0.08407768581496344,2.366304458112367e-4,0.25098536036036045,-0.08236954259030049,0.5340929252525162,-0.28480606290715804,0.13091176841627905,-0.005731866923145756
NUSC,Nuveen ESG Small-Cap ETF,2016-12-16,NA,NA,NA,NA,NA,NA,NA,NA,NA,NA,NA,NA,NA,NA,NA,NA,NA,-0.015968159196887544,0.16496970016349888,-0.09396945328423678,0.2708615655405695,0.23688903832213493,0.17509704820222605,-0.17727602506034879,0.15718084394768006,-0.027749338281708114
NVBT,AIM ETF Products Trust AllianzIM U.S. Large Cap Buffer10 Nov E,2022-11-01,NA,NA,NA,NA,NA,NA,NA,NA,NA,NA,NA,NA,NA,NA,NA,NA,NA,NA,NA,NA,NA,NA,NA,0.0023990190081284446,0.1627443148532779,0.00531734781042581
NVBW,AIM ETF Products Trust AllianzIM U.S. Large Cap Buffer20 Nov E,2022-11-01,NA,NA,NA,NA,NA,NA,NA,NA,NA,NA,NA,NA,NA,NA,NA,NA,NA,NA,NA,NA,NA,NA,NA,0.005345065011145955,0.12700365630643806,0.004682253721209895
NVD,GraniteShares 1.5x Short NVDA Daily ETF,2023-08-22,NA,NA,NA,NA,NA,NA,NA,NA,NA,NA,NA,NA,NA,NA,NA,NA,NA,NA,NA,NA,NA,NA,NA,NA,-0.15280295431339652,-0.14863454280334554
NVDD,Direxion Daily NVDA Bear 1X Shares,2023-09-13,NA,NA,NA,NA,NA,NA,NA,NA,NA,NA,NA,NA,NA,NA,NA,NA,NA,NA,NA,NA,NA,NA,NA,NA,-0.08788549693934611,-0.09774774782515006
NVDL,GraniteShares 1.5x Long NVDA Daily ETF,2022-12-13,NA,NA,NA,NA,NA,NA,NA,NA,NA,NA,NA,NA,NA,NA,NA,NA,NA,NA,NA,NA,NA,NA,NA,-0.28320212139145506,4.321683591395803,0.15390626283894715
NVDQ,ETF Opportunities Trust T-Rex 2X Inverse NVIDIA Daily Target E,2023-10-19,NA,NA,NA,NA,NA,NA,NA,NA,NA,NA,NA,NA,NA,NA,NA,NA,NA,NA,NA,NA,NA,NA,NA,NA,-0.3070166858634501,-0.19537959219394452
NVDS,AXS 1.25X NVDA Bear Daily ETF,2022-07-14,NA,NA,NA,NA,NA,NA,NA,NA,NA,NA,NA,NA,NA,NA,NA,NA,NA,NA,NA,NA,NA,NA,NA,-0.19425756751795897,-0.9662929552003441,-0.12035763442856118
NVDU,Direxion Daily NVDA Bull 1.5X Shares,2023-09-13,NA,NA,NA,NA,NA,NA,NA,NA,NA,NA,NA,NA,NA,NA,NA,NA,NA,NA,NA,NA,NA,NA,NA,NA,0.09961158148510818,0.15536418347037118
NVDX,ETF Opportunities Trust T-Rex 2X Long NVIDIA Daily Target ETF,2023-10-19,NA,NA,NA,NA,NA,NA,NA,NA,NA,NA,NA,NA,NA,NA,NA,NA,NA,NA,NA,NA,NA,NA,NA,NA,0.326481438116923,0.20611372184900123
NVDY,Tidal ETF Trust II YieldMax NVDA Option Income Strategy ETF,2023-05-11,NA,NA,NA,NA,NA,NA,NA,NA,NA,NA,NA,NA,NA,NA,NA,NA,NA,NA,NA,NA,NA,NA,NA,NA,0.42013917229988396,0.038737566276294544
NVIR,Listed Funds Trust Horizon Kinetics Energy and Remediation ETF,2023-02-22,NA,NA,NA,NA,NA,NA,NA,NA,NA,NA,NA,NA,NA,NA,NA,NA,NA,NA,NA,NA,NA,NA,NA,NA,0.06902246711590054,-0.0184314274923999
NVQ,QRAFT AI-Enhanced US Next Value ETF,2020-12-03,NA,NA,NA,NA,NA,NA,NA,NA,NA,NA,NA,NA,NA,NA,NA,NA,NA,NA,NA,NA,NA,0.04789676303663337,0.2441262505641073,-0.013683211244146398,0.06849489469725745,-0.014332336827447945
NWLG,Nuveen Winslow Large-Cap Growth ESG ETF,2021-08-05,NA,NA,NA,NA,NA,NA,NA,NA,NA,NA,NA,NA,NA,NA,NA,NA,NA,NA,NA,NA,NA,NA,0.05238039923912696,-0.3151926523778773,0.4355433278156904,0.01207325016819838
NZUS,SPDR MSCI USA Climate Paris Aligned ETF,2022-04-18,NA,NA,NA,NA,NA,NA,NA,NA,NA,NA,NA,NA,NA,NA,NA,NA,NA,NA,NA,NA,NA,NA,NA,-0.14337991916543724,0.2915745344440064,0.0011470487085309955
AAPB,GraniteShares 1.75x Long AAPL Daily ETF,2022-08-10,NA,NA,NA,NA,NA,NA,NA,NA,NA,NA,NA,NA,NA,NA,NA,NA,NA,NA,NA,NA,NA,NA,NA,-0.41075053541545636,0.7720894725372296,-0.06573793095430958
AAPD,Direxion Daily AAPL Bear 1X Shares,2022-08-10,NA,NA,NA,NA,NA,NA,NA,NA,NA,NA,NA,NA,NA,NA,NA,NA,NA,NA,NA,NA,NA,NA,NA,0.24761585802828479,-0.3042328944798932,0.03665179551976183
AAPU,Direxion Daily AAPL Bull 1.5X Shares,2022-08-09,NA,NA,NA,NA,NA,NA,NA,NA,NA,NA,NA,NA,NA,NA,NA,NA,NA,NA,NA,NA,NA,NA,NA,-0.32821204406638815,0.6865706657553157,-0.0558190695061227
AAPY,NEOS ETF Trust Kurv Yield Premium Strategy Apple (AAPL) ETF,2023-10-27,NA,NA,NA,NA,NA,NA,NA,NA,NA,NA,NA,NA,NA,NA,NA,NA,NA,NA,NA,NA,NA,NA,NA,NA,0.09227213900449605,-0.030895836722114267
ABEQ,Absolute Select Value ETF,2020-01-22,NA,NA,NA,NA,NA,NA,NA,NA,NA,NA,NA,NA,NA,NA,NA,NA,NA,NA,NA,NA,NA,0.025075162992053812,0.1249641479146546,-0.009911669488600894,0.04631728890413611,0.005499740475511716
ACES,ALPS Clean Energy ETF,2018-06-29,NA,NA,NA,NA,NA,NA,NA,NA,NA,NA,NA,NA,NA,NA,NA,NA,NA,NA,NA,-0.09634153474859564,0.5083809418780183,1.4032784804657226,-0.19434200698986004,-0.284354667228509,-0.20038849806464676,-0.1289693836023279
ACSI,American Customer Satisfaction ETF,2016-11-07,NA,NA,NA,NA,NA,NA,NA,NA,NA,NA,NA,NA,NA,NA,NA,NA,NA,0.08116225935728782,0.157736780958337,-0.04971619031142682,0.24875820932027093,0.22925187988832452,0.23329649219757376,-0.20932774805265142,0.2105702728669756,-0.016030233583796294
ACTV,LeaderShares Activist Leaders ETF,2020-10-27,NA,NA,NA,NA,NA,NA,NA,NA,NA,NA,NA,NA,NA,NA,NA,NA,NA,NA,NA,NA,NA,0.27018002694096444,0.25523151444906844,-0.1932936543338899,0.1522047261095647,-0.026388999502609645
ACVF,American Conservative Values ETF,2020-10-29,NA,NA,NA,NA,NA,NA,NA,NA,NA,NA,NA,NA,NA,NA,NA,NA,NA,NA,NA,NA,NA,0.1378988942242918,0.2883914921891624,-0.15744151866899836,0.23817310580906437,0.004275798295745092
ADPV,Series Portfolios Trust Adaptiv Select ETF,2022-11-04,NA,NA,NA,NA,NA,NA,NA,NA,NA,NA,NA,NA,NA,NA,NA,NA,NA,NA,NA,NA,NA,NA,NA,0.005717254125064741,-0.006131519260562546,-0.01663049620258017
AESR,Anfield U.S. Equity Sector Rotation ETF,2019-12-17,NA,NA,NA,NA,NA,NA,NA,NA,NA,NA,NA,NA,NA,NA,NA,NA,NA,NA,NA,NA,0.0075940330531603095,0.1957970281710748,0.2525289104060193,-0.17516110090316328,0.21024424379432483,0.0021723194829579295
AFLG,First Trust Active Factor Large Cap ETF,2019-12-04,NA,NA,NA,NA,NA,NA,NA,NA,NA,NA,NA,NA,NA,NA,NA,NA,NA,NA,NA,NA,0.027687239439672995,0.10310518722986295,0.27297693975681825,-0.16408440816308223,0.20099878222026502,0.004061473155690498
AFMC,First Trust Active Factor Mid Cap ETF,2019-12-04,NA,NA,NA,NA,NA,NA,NA,NA,NA,NA,NA,NA,NA,NA,NA,NA,NA,NA,NA,NA,0.025646803627997983,0.05871369326991105,0.2575601660362823,-0.15552814833139494,0.21459394905356732,-0.00977600119907629
AFSM,First Trust Active Factor Small Cap ETF,2019-12-04,NA,NA,NA,NA,NA,NA,NA,NA,NA,NA,NA,NA,NA,NA,NA,NA,NA,NA,NA,NA,0.026290114368493933,0.08449875036633148,0.2603135530574905,-0.17495417575175165,0.2222199223688761,-0.03010813373240273
AHLT,American Beacon Select Funds American Beacon AHL Trend ETF,2023-08-31,NA,NA,NA,NA,NA,NA,NA,NA,NA,NA,NA,NA,NA,NA,NA,NA,NA,NA,NA,NA,NA,NA,NA,NA,-0.08333916681778608,-0.006755522218283128
AIDB,Exchange Listed Funds Trust QRAFT AI-Pilot U.S. Large Cap Dyna,2023-05-24,NA,NA,NA,NA,NA,NA,NA,NA,NA,NA,NA,NA,NA,NA,NA,NA,NA,NA,NA,NA,NA,NA,NA,NA,0.15075610291181785,0.003929069574837074
AIEQ,AI Powered Equity ETF,2017-10-18,NA,NA,NA,NA,NA,NA,NA,NA,NA,NA,NA,NA,NA,NA,NA,NA,NA,NA,0.02781311980953083,-0.07739368564045612,0.3123816986736938,0.25428543002425874,0.20083657348522688,-0.319004717120821,0.2644792501369957,-0.019266439459008522
AIVL,WisdomTree U.S. AI Enhanced Value Fund,2006-06-16,NA,NA,NA,NA,NA,NA,NA,0.17057462089988396,-5.455373028555588e-4,-0.3631288996978995,0.25678287236340713,0.21433193008803797,0.11947223568005505,0.11698517716596579,0.27625817547100007,0.15177954951206019,-0.05471867954881604,0.18160786545407803,0.13771106377302544,-0.09570412211479917,0.2439865281096174,-0.05817815210179611,0.24298380410670206,-0.07263519470216184,0.07169375854458826,-0.006882207003211294
ALTL,Pacer Lunt Large Cap Alternator ETF,2020-06-25,NA,NA,NA,NA,NA,NA,NA,NA,NA,NA,NA,NA,NA,NA,NA,NA,NA,NA,NA,NA,NA,0.33261033567575793,0.45000736234000516,-0.10673030290421615,-0.15851166795207583,-0.011002162796028947
AMDS,GraniteShares 1x Short AMD Daily ETF,2023-08-22,NA,NA,NA,NA,NA,NA,NA,NA,NA,NA,NA,NA,NA,NA,NA,NA,NA,NA,NA,NA,NA,NA,NA,NA,-0.3089721984422602,1.0384591296408452e-4
AMDY,Tidal Trust II Yieldmax AMD Option Income Strategy ETF,2023-09-19,NA,NA,NA,NA,NA,NA,NA,NA,NA,NA,NA,NA,NA,NA,NA,NA,NA,NA,NA,NA,NA,NA,NA,NA,0.2623504487048689,-0.027102088734564322
AMID,Argent Mid Cap ETF,2022-08-17,NA,NA,NA,NA,NA,NA,NA,NA,NA,NA,NA,NA,NA,NA,NA,NA,NA,NA,NA,NA,NA,NA,NA,-0.062260891353310366,0.3125569203581262,-0.013605401043013998
AMJ,J P Morgan Chase & Co,2009-06-02,NA,NA,NA,NA,NA,NA,NA,NA,NA,NA,0.2697129645735459,0.3471013198438486,0.13020561884944404,0.038980713938517875,0.26441553945396756,0.03854590784769618,-0.32957485320630453,0.17214508880807178,-0.07206801337458746,-0.128422707276045,0.05672535824154079,-0.29432470000634803,0.3793293000512741,0.3008550673086676,0.2506375258869231,0.016561516805425835
AMLP,Alerian MLP ETF,2010-08-25,NA,NA,NA,NA,NA,NA,NA,NA,NA,NA,NA,0.0895361336479017,0.10115946202679904,0.018980745769165086,0.1853002718994825,0.048245170163351725,-0.2732623081719644,0.14923286213647002,-0.07892479459435486,-0.12663969756659532,0.0598884998449396,-0.3225661331414358,0.39085539611513087,0.254685867535704,0.21399234728329874,0.01904989098237686
AMNA,ETRACS Alerian Midstream Energy Index ETN,2020-06-29,NA,NA,NA,NA,NA,NA,NA,NA,NA,NA,NA,NA,NA,NA,NA,NA,NA,NA,NA,NA,NA,0.10940919369680202,0.36439121660260176,0.20406650991582365,0.1250061692687272,0.006870909716983453
AMND,UBS AG ETRACS Alerian Midstream Energy High Dividend Index ETN,2020-07-23,NA,NA,NA,NA,NA,NA,NA,NA,NA,NA,NA,NA,NA,NA,NA,NA,NA,NA,NA,NA,NA,0.0993070858174161,0.34911436545976415,0.2127328762021623,0.13599620128167644,0.015269885412997786
AMOM,QRAFT AI-Enhanced U.S. Large Cap Momentum ETF,2019-05-21,NA,NA,NA,NA,NA,NA,NA,NA,NA,NA,NA,NA,NA,NA,NA,NA,NA,NA,NA,NA,0.09328375401464406,0.5381471540145677,0.1240995795860389,-0.26294165373127665,0.27062250179882863,0.023113252057231914
AMTR,UBS AG,2020-10-21,NA,NA,NA,NA,NA,NA,NA,NA,NA,NA,NA,NA,NA,NA,NA,NA,NA,NA,NA,NA,NA,0.15243333751290034,0.36992319987316025,0.20412554239079106,0.12753505748997296,0.006379235790533677
AMUB,UBS AG,2015-12-08,NA,NA,NA,NA,NA,NA,NA,NA,NA,NA,NA,NA,NA,NA,NA,NA,-0.001234080892200562,0.33627286786224486,-0.07187092727033295,-0.13330418121724208,0.05525230018823679,-0.2900122076234072,0.3863878828667793,0.29887215454662086,0.2538935240944389,0.015746114301480096
AMZA,InfraCap MLP ETF,2014-10-02,NA,NA,NA,NA,NA,NA,NA,NA,NA,NA,NA,NA,NA,NA,NA,-0.08674903209660167,-0.4593761145094357,0.24208884576738976,-0.06903001491137417,-0.2677963497574293,0.06267572909893704,-0.4925309165426637,0.5122336761044965,0.3320343755340234,0.23347156211849196,0.024348828363030428
AMZD,Direxion Daily AMZN Bear 1X Shares,2022-09-08,NA,NA,NA,NA,NA,NA,NA,NA,NA,NA,NA,NA,NA,NA,NA,NA,NA,NA,NA,NA,NA,NA,NA,0.4536247812091798,-0.46497806949417697,-0.016082750666257417
AMZP,NEOS ETF Trust Kurv Yield Premium Strategy Amazon (AMZN) ETF,2023-10-31,NA,NA,NA,NA,NA,NA,NA,NA,NA,NA,NA,NA,NA,NA,NA,NA,NA,NA,NA,NA,NA,NA,NA,NA,0.11989710850055846,0.013362582596066597
AMZU,Direxion Daily AMZN Bull 1.5X Shares,2022-09-07,NA,NA,NA,NA,NA,NA,NA,NA,NA,NA,NA,NA,NA,NA,NA,NA,NA,NA,NA,NA,NA,NA,NA,-0.5017302012180336,1.1870394059688074,0.022451255378677537
AMZY,Tidal ETF Trust II YieldMax AMZN Option Income Strategy ETF,2023-07-25,NA,NA,NA,NA,NA,NA,NA,NA,NA,NA,NA,NA,NA,NA,NA,NA,NA,NA,NA,NA,NA,NA,NA,NA,0.18315515002446525,-0.007769901928145306
APLY,Tidal ETF Trust II YieldMax AAPL Option Income Strategy ETF,2023-04-18,NA,NA,NA,NA,NA,NA,NA,NA,NA,NA,NA,NA,NA,NA,NA,NA,NA,NA,NA,NA,NA,NA,NA,NA,0.1144961982811814,-0.03190537134365645
APRD,Innovator ETFs Trust Innovator Premium Income 10 Barrier ETF -,2023-04-03,NA,NA,NA,NA,NA,NA,NA,NA,NA,NA,NA,NA,NA,NA,NA,NA,NA,NA,NA,NA,NA,NA,NA,NA,0.08179205800916867,0.00242226341677676
APRH,Innovator ETFs Trust Innovator Premium Income 20 Barrier ETF -,2023-04-03,NA,NA,NA,NA,NA,NA,NA,NA,NA,NA,NA,NA,NA,NA,NA,NA,NA,NA,NA,NA,NA,NA,NA,NA,0.06962925339876591,0.0034014834916831216
APRJ,Innovator ETFs Trust Innovator Premium Income 30 Barrier ETF -,2023-04-03,NA,NA,NA,NA,NA,NA,NA,NA,NA,NA,NA,NA,NA,NA,NA,NA,NA,NA,NA,NA,NA,NA,NA,NA,0.05376900523777772,0.0044770293739455624
APRQ,Innovator ETFs Trust Innovator Premium Income 40 Barrier ETF -,2023-04-03,NA,NA,NA,NA,NA,NA,NA,NA,NA,NA,NA,NA,NA,NA,NA,NA,NA,NA,NA,NA,NA,NA,NA,NA,0.04821729167751121,5.686408808944776e-4
APRT,AllianzIM U.S. Large Cap Buffer10 APR ETF,2020-06-04,NA,NA,NA,NA,NA,NA,NA,NA,NA,NA,NA,NA,NA,NA,NA,NA,NA,NA,NA,NA,NA,0.0847534050858525,0.11895486211066952,-0.06407889229483765,0.2213021092638352,0.00391256570361187
APRW,AllianzIM U.S. Large Cap Buffer20 APR ETF,2020-06-01,NA,NA,NA,NA,NA,NA,NA,NA,NA,NA,NA,NA,NA,NA,NA,NA,NA,NA,NA,NA,NA,0.049144691723503664,0.055785481648358504,-0.02902569218700779,0.12376237515891253,0.005083009737948618
APRZ,Trust TrueShares Structured Outcome (April) ETF,2021-04-01,NA,NA,NA,NA,NA,NA,NA,NA,NA,NA,NA,NA,NA,NA,NA,NA,NA,NA,NA,NA,NA,NA,0.1337062951185557,-0.11428464666486626,0.22229846299851985,0.0013479668595033356
APUE,Trust for Professional Managers ActivePassive U.S. Equity ETF,2023-05-03,NA,NA,NA,NA,NA,NA,NA,NA,NA,NA,NA,NA,NA,NA,NA,NA,NA,NA,NA,NA,NA,NA,NA,NA,0.17935618749269255,0.003437620520632123
ATFV,Alger 35 ETF,2021-05-04,NA,NA,NA,NA,NA,NA,NA,NA,NA,NA,NA,NA,NA,NA,NA,NA,NA,NA,NA,NA,NA,NA,0.04187946675483767,-0.3597050881224376,0.32753931306967776,0.034335466392350744
AUGT,AIM ETF Products Trust AllianzIM U.S. Large Cap Buffer10 Aug E,2023-08-01,NA,NA,NA,NA,NA,NA,NA,NA,NA,NA,NA,NA,NA,NA,NA,NA,NA,NA,NA,NA,NA,NA,NA,NA,0.039415791091361285,0.0036573363603207287
AUGW,AIM ETF Products Trust AllianzIM U.S. Large Cap Buffer20 Aug E,2023-08-01,NA,NA,NA,NA,NA,NA,NA,NA,NA,NA,NA,NA,NA,NA,NA,NA,NA,NA,NA,NA,NA,NA,NA,NA,0.0331734575747582,0.004139278505730815
AUGZ,TrueShares Structured Outcome (August) ETF,2020-08-03,NA,NA,NA,NA,NA,NA,NA,NA,NA,NA,NA,NA,NA,NA,NA,NA,NA,NA,NA,NA,NA,0.1128528301898748,0.2074170770622168,-0.10413235193040249,0.17319867309349313,-3.2338780299656644e-4
AUMI,Themes Gold Miners ETF,2023-12-13,NA,NA,NA,NA,NA,NA,NA,NA,NA,NA,NA,NA,NA,NA,NA,NA,NA,NA,NA,NA,NA,NA,NA,NA,0.04248835719310273,-0.035022994480238046
AUSF,Global X Funds Global X Adaptive U.S. Factor ETF,2018-08-28,NA,NA,NA,NA,NA,NA,NA,NA,NA,NA,NA,NA,NA,NA,NA,NA,NA,NA,NA,-0.10810276347721193,0.24088847460415175,0.012744809993195938,0.2746997104378275,-0.0076950110506174285,0.22254064943388352,-0.004034468118549905
AVIE,American Century ETF Trust Avantis Inflation Focused Equity ET,2022-09-29,NA,NA,NA,NA,NA,NA,NA,NA,NA,NA,NA,NA,NA,NA,NA,NA,NA,NA,NA,NA,NA,NA,NA,0.14701604695943238,0.04190604799051978,0.0075752370811745795
AVLC,American Century ETF Trust Avantis U.S. Large Cap Equity ETF,2023-10-02,NA,NA,NA,NA,NA,NA,NA,NA,NA,NA,NA,NA,NA,NA,NA,NA,NA,NA,NA,NA,NA,NA,NA,NA,0.12762146868057123,-0.0014921917456105493
AVLV,Avantis U.S. Large Cap Value ETF,2021-09-23,NA,NA,NA,NA,NA,NA,NA,NA,NA,NA,NA,NA,NA,NA,NA,NA,NA,NA,NA,NA,NA,NA,0.059164660803493696,-0.055308223894934394,0.1742328737250236,-0.0091758794095963
AVMC,American Century ETF Trust Avantis U.S. Mid Cap Equity ETF,2023-11-09,NA,NA,NA,NA,NA,NA,NA,NA,NA,NA,NA,NA,NA,NA,NA,NA,NA,NA,NA,NA,NA,NA,NA,NA,0.15385587599139905,-0.02011227294934781
AVMV,American Century ETF Trust Avantis U.S. Mid Cap Value ETF,2023-11-15,NA,NA,NA,NA,NA,NA,NA,NA,NA,NA,NA,NA,NA,NA,NA,NA,NA,NA,NA,NA,NA,NA,NA,NA,0.09545872351579066,-0.020281091932733197
AVSC,American Century ETF Trust Avantis U.S Small Cap Equity ETF,2022-01-13,NA,NA,NA,NA,NA,NA,NA,NA,NA,NA,NA,NA,NA,NA,NA,NA,NA,NA,NA,NA,NA,NA,NA,-0.11720735928901027,0.19677470751826132,-0.04289076346464449
AVSU,American Century ETF Trust Avantis Responsible U.S. Equity ETF,2022-03-17,NA,NA,NA,NA,NA,NA,NA,NA,NA,NA,NA,NA,NA,NA,NA,NA,NA,NA,NA,NA,NA,NA,NA,-0.1170180022413988,0.2450361672227539,-0.006211052357484981
AVUS,Avantis U.S. Equity ETF,2019-09-26,NA,NA,NA,NA,NA,NA,NA,NA,NA,NA,NA,NA,NA,NA,NA,NA,NA,NA,NA,NA,0.08872719412235863,0.17577405649122735,0.287316209300994,-0.1381468294793199,0.21772262448083501,-0.007480080778959786
AVUV,Avantis U.S. Small Cap Value ETF,2019-09-26,NA,NA,NA,NA,NA,NA,NA,NA,NA,NA,NA,NA,NA,NA,NA,NA,NA,NA,NA,NA,0.08495778500214901,0.06432648471680813,0.42196043524154847,-0.049095076769939405,0.2281645469568241,-0.03697104211578561
AWEG,The Alger ETF Trust Alger Weatherbie Enduring Growth ETF,2023-03-07,NA,NA,NA,NA,NA,NA,NA,NA,NA,NA,NA,NA,NA,NA,NA,NA,NA,NA,NA,NA,NA,NA,NA,NA,0.12545754948642007,-0.03211503034390861
BABX,GraniteShares 1.75x Long BABA Daily ETF,2022-12-13,NA,NA,NA,NA,NA,NA,NA,NA,NA,NA,NA,NA,NA,NA,NA,NA,NA,NA,NA,NA,NA,NA,NA,-0.07315382698241113,-0.33894430232697326,-0.13109085653266317
BALI,BlackRock ETF Trust BlackRock Advantage Large Cap Income ETF,2023-09-28,NA,NA,NA,NA,NA,NA,NA,NA,NA,NA,NA,NA,NA,NA,NA,NA,NA,NA,NA,NA,NA,NA,NA,NA,0.08863703956966784,0.009661652849503488
BALT,Innovator Defined Wealth Shield ETF,2021-07-01,NA,NA,NA,NA,NA,NA,NA,NA,NA,NA,NA,NA,NA,NA,NA,NA,NA,NA,NA,NA,NA,NA,0.008164891035290722,0.02537597496923083,0.0745449225162913,0.001050076547636225
BAMD,Brookstone Intermediate Bond ETF Brookstone Dividend Stock ETF,2023-09-27,NA,NA,NA,NA,NA,NA,NA,NA,NA,NA,NA,NA,NA,NA,NA,NA,NA,NA,NA,NA,NA,NA,NA,NA,0.10880369128432155,0.0025650764980322815
BAMG,Brookstone Intermediate Bond ETF Brookstone Growth Stock ETF,2023-09-27,NA,NA,NA,NA,NA,NA,NA,NA,NA,NA,NA,NA,NA,NA,NA,NA,NA,NA,NA,NA,NA,NA,NA,NA,0.11909675872303871,0.0044236186491370955
BAMU,Brookstone Intermediate Bond ETF Brookstone Ultra-Short Bond E,2023-09-27,NA,NA,NA,NA,NA,NA,NA,NA,NA,NA,NA,NA,NA,NA,NA,NA,NA,NA,NA,NA,NA,NA,NA,NA,0.012034901791635244,0.0015927101688986145
BAMV,Brookstone Intermediate Bond ETF Brookstone Value Stock ETF,2023-09-27,NA,NA,NA,NA,NA,NA,NA,NA,NA,NA,NA,NA,NA,NA,NA,NA,NA,NA,NA,NA,NA,NA,NA,NA,0.13818355428347395,-0.009508161962338613
BAPR,Innovator U.S. Equity Buffer ETF - April ,2019-04-01,NA,NA,NA,NA,NA,NA,NA,NA,NA,NA,NA,NA,NA,NA,NA,NA,NA,NA,NA,NA,0.10494659197488554,0.06188663701562325,0.1258010623127912,-0.07043144590392614,0.23155762444022465,0.004605607487084384
BAUG,Innovator U.S. Equity Buffer ETF - August,2019-08-06,NA,NA,NA,NA,NA,NA,NA,NA,NA,NA,NA,NA,NA,NA,NA,NA,NA,NA,NA,NA,0.08231452628581248,0.1220256473764727,0.1205664353625413,-0.10304251626992211,0.20108178821724243,0.0026127960522932536
BBCA,JPMorgan BetaBuilders Canada ETF,2018-08-09,NA,NA,NA,NA,NA,NA,NA,NA,NA,NA,NA,NA,NA,NA,NA,NA,NA,NA,NA,-0.15396032848558705,0.28936179411695884,0.06194993059593901,0.281616409312512,-0.12529663033678218,0.14914203046102426,-0.010137266033001802
BBH,VanEck Biotech ETF,1999-12-31,0,0.1868465793020504,-0.22495387637840736,-0.34206868722055006,0.6001649943966672,0.13014594986847938,0.3129084567599949,-0.04446823784603693,-0.06648159625530758,0.10370372227117075,0.12124065892129843,0.021529585220126934,0.21614412538532046,0.47356396001257384,0.6546361106693523,0.3034341997708965,0.10328929709562207,-0.15010990022056925,0.1645806504466325,-0.10695740311873458,0.26339124886789467,0.22131433056768568,0.1180822386096152,-0.15246590169765162,0.03943205090012114,0.018571213898485484
BBIB,J.P. Morgan Exchange-Traded Fund Trust JPMorgan BetaBuilders U,2023-04-24,NA,NA,NA,NA,NA,NA,NA,NA,NA,NA,NA,NA,NA,NA,NA,NA,NA,NA,NA,NA,NA,NA,NA,NA,-0.00204612816543992,0.0012983420967749293
BBIP,J.P. Morgan Exchange-Traded Fund Trust JPMorgan BetaBuilders U,2023-05-11,NA,NA,NA,NA,NA,NA,NA,NA,NA,NA,NA,NA,NA,NA,NA,NA,NA,NA,NA,NA,NA,NA,NA,NA,-8.747919917858615e-4,0.004032301716543785
BBLU,EA Series Trust EA Bridgeway Blue Chip ETF,2022-10-17,NA,NA,NA,NA,NA,NA,NA,NA,NA,NA,NA,NA,NA,NA,NA,NA,NA,NA,NA,NA,NA,NA,NA,0.06200961220053669,0.31110597285050967,0.004816974006127683
BBMC,JPMorgan BetaBuilders U.S. Mid Cap Equity ETF,2020-04-15,NA,NA,NA,NA,NA,NA,NA,NA,NA,NA,NA,NA,NA,NA,NA,NA,NA,NA,NA,NA,NA,0.6197533950938987,0.17640032156104213,-0.19772535610703013,0.1836997280160524,-0.023765396959447238
BBRE,JPMorgan BetaBuilders MSCI U.S. REIT ETF ,2018-06-18,NA,NA,NA,NA,NA,NA,NA,NA,NA,NA,NA,NA,NA,NA,NA,NA,NA,NA,NA,-0.025995105213205694,0.2605568252332302,-0.07593481647649147,0.4299298200313062,-0.2467547008434351,0.138525152184499,-0.004924396413270915
BBSA,JPMorgan BetaBuilders 1-5 Year U.S. Aggregate Bond ETF,2019-03-13,NA,NA,NA,NA,NA,NA,NA,NA,NA,NA,NA,NA,NA,NA,NA,NA,NA,NA,NA,NA,0.03550644035375883,0.04933904056540306,-0.01286939354016814,-0.058330577324034794,0.035303301909296314,0.003281255157231877
BBSC,JPMorgan BetaBuilders U.S. Small Cap Equity ETF,2020-12-02,NA,NA,NA,NA,NA,NA,NA,NA,NA,NA,NA,NA,NA,NA,NA,NA,NA,NA,NA,NA,NA,0.08597570865496085,0.15442883480833602,-0.19751150647714255,0.20069482454573917,-0.04046777058207629
BBUS,JPMorgan BetaBuilders U.S. Equity ETF,2019-03-13,NA,NA,NA,NA,NA,NA,NA,NA,NA,NA,NA,NA,NA,NA,NA,NA,NA,NA,NA,NA,0.165321222341396,0.2068423503584893,0.2712685476357972,-0.19461327412287688,0.2720023366083135,0.003027152614717643
BDCX,ETRACS Quarterly Pay 1.5x Leveraged MarketVector BDC Liquid In,2020-06-11,NA,NA,NA,NA,NA,NA,NA,NA,NA,NA,NA,NA,NA,NA,NA,NA,NA,NA,NA,NA,NA,0.3376203949027039,0.5270116423805342,-0.1767520648503499,0.35334993337827925,0.029678736423388807
BDEC,Innovator U.S. Equity Buffer ETF - December,2019-12-02,NA,NA,NA,NA,NA,NA,NA,NA,NA,NA,NA,NA,NA,NA,NA,NA,NA,NA,NA,NA,0.024048704450893688,0.13384360861394118,0.1545519962215569,-0.09418106526315839,0.19860864920905574,0.005490172143076011
BDGS,Bridges Capital Tactical ETF,2023-05-11,NA,NA,NA,NA,NA,NA,NA,NA,NA,NA,NA,NA,NA,NA,NA,NA,NA,NA,NA,NA,NA,NA,NA,NA,0.08312292539045463,0.0018546419179212847
BDVG,Litman Gregory Funds Trust IMGP Berkshire Dividend Growth ETF,2023-06-30,NA,NA,NA,NA,NA,NA,NA,NA,NA,NA,NA,NA,NA,NA,NA,NA,NA,NA,NA,NA,NA,NA,NA,NA,0.02782622792716083,-0.003257899911532025
BECO,BlackRock Future Climate and Sustainable Economy ETF,2021-08-09,NA,NA,NA,NA,NA,NA,NA,NA,NA,NA,NA,NA,NA,NA,NA,NA,NA,NA,NA,NA,NA,NA,0.02008721408132974,-0.2110456155203888,0.0584099038077277,-0.03194116494736732
BEDZ,AdvisorShares Hotel ETF,2021-04-21,NA,NA,NA,NA,NA,NA,NA,NA,NA,NA,NA,NA,NA,NA,NA,NA,NA,NA,NA,NA,NA,NA,0.06104929470929532,-0.13399088086872923,0.23874336095627657,-0.017438107154664984
BEEZ,Honeytree U.S. Equity ETF,2023-11-08,NA,NA,NA,NA,NA,NA,NA,NA,NA,NA,NA,NA,NA,NA,NA,NA,NA,NA,NA,NA,NA,NA,NA,NA,0.1427361630308901,-0.008824027188485628
BERZ,MicroSectors FANG & Innovation -3x Inverse Leveraged ETN,2021-08-18,NA,NA,NA,NA,NA,NA,NA,NA,NA,NA,NA,NA,NA,NA,NA,NA,NA,NA,NA,NA,NA,NA,-0.3018667676020016,1.0285376890727176,-0.891165882017997,-0.027989855380631035
BFEB,Innovator U.S. Equity Buffer ETF - February,2020-02-03,NA,NA,NA,NA,NA,NA,NA,NA,NA,NA,NA,NA,NA,NA,NA,NA,NA,NA,NA,NA,NA,0.10170107838198428,0.1804713193697174,-0.06764250525456417,0.22352867272922117,0.005460026129061379
BFIT,Global X Health & Wellness ETF,2016-05-10,NA,NA,NA,NA,NA,NA,NA,NA,NA,NA,NA,NA,NA,NA,NA,NA,NA,-0.04365760452512624,0.17879114057757506,0.06178708194863236,0.24459395359039715,0.18103450156448497,0.10438906176308693,-0.24638286633365292,0.09567805367467397,-0.02920353257840025
BGIG,ETF Series Solutions Bahl & Gaynor Income Growth ETF,2023-09-15,NA,NA,NA,NA,NA,NA,NA,NA,NA,NA,NA,NA,NA,NA,NA,NA,NA,NA,NA,NA,NA,NA,NA,NA,0.04548716882708059,0.007136750766692179
BIB,ProShares Ultra Nasdaq Biotechnology,2010-04-09,NA,NA,NA,NA,NA,NA,NA,NA,NA,NA,NA,0.0032147657622478842,0.1555851009808642,0.6677214817887569,1.5959979632126697,0.6678849593882126,0.13928275043339355,-0.44174007239885715,0.4049110994890037,-0.24933120900249894,0.46709435995205695,0.3978947042945089,-0.06024092334809683,-0.2884705114990599,-0.010572002377488121,0.04382121005140971
BIS,ProShares UltraShort Nasdaq Biotechnology,2010-04-09,NA,NA,NA,NA,NA,NA,NA,NA,NA,NA,NA,-0.1547422417183456,-0.3582676386749808,-0.49133436641461814,-0.6888285912121717,-0.5542635522030475,-0.3758695923453913,0.2187391358371953,-0.36981985536665385,0.051412458307170006,-0.4100891174158222,-0.5600992698399916,-0.1474087641798396,-0.021425032514975406,-0.06535796764465251,-0.04482564912131071
BIZD,VanEck BDC Income ETF ,2013-02-12,NA,NA,NA,NA,NA,NA,NA,NA,NA,NA,NA,NA,NA,NA,0.09990816976712003,-0.07624477827269349,-0.042150761536939196,0.24949987028560616,0.003401573840171812,-0.06876565519883193,0.30863656715595655,-0.071208712367269,0.3624264563615973,-0.08508991815870492,0.23553345425319105,0.021820352502740947
BJAN,Innovator U.S. Equity Buffer ETF - January,2019-01-03,NA,NA,NA,NA,NA,NA,NA,NA,NA,NA,NA,NA,NA,NA,NA,NA,NA,NA,NA,NA,0.22767477939839287,0.12542953851143301,0.13862598215350674,-0.11397157135038638,0.23656167859606203,0.005482740445866607
BJK,VanEck Gaming ETF,2008-01-24,NA,NA,NA,NA,NA,NA,NA,NA,NA,-0.5687970220765293,0.36263870411421806,0.3789868250393298,-0.023663466384624687,0.2248647305244209,0.5215155287566786,-0.2438951450888035,-0.13978415970052693,0.09987362336742533,0.4110605356606518,-0.26782547189492323,0.3014968436440224,0.12720224141386027,-0.04305597457071131,-0.1283549174976344,0.11531259545773809,-0.038770671849364335
BJUL,Innovator U.S. Equity Buffer ETF - July,2018-08-29,NA,NA,NA,NA,NA,NA,NA,NA,NA,NA,NA,NA,NA,NA,NA,NA,NA,NA,NA,-0.08505651460044539,0.17825152502482,0.09048136358794734,0.10786598067950104,-0.07399643923506294,0.2174054109956829,-2.658021776923425e-4
BJUN,Innovator U.S. Equity Buffer ETF - June,2019-06-04,NA,NA,NA,NA,NA,NA,NA,NA,NA,NA,NA,NA,NA,NA,NA,NA,NA,NA,NA,NA,0.10239132455018973,0.10139547433108365,0.10729755581602762,-0.11474508661583871,0.16813372749000632,0.00445416710035329
BKIV,BNY Mellon Innovators ETF,2023-05-17,NA,NA,NA,NA,NA,NA,NA,NA,NA,NA,NA,NA,NA,NA,NA,NA,NA,NA,NA,NA,NA,NA,NA,NA,0.1603413843534569,-0.01464297427621053
BKLC,BNY Mellon US Large Cap Core Equity ETF,2020-04-14,NA,NA,NA,NA,NA,NA,NA,NA,NA,NA,NA,NA,NA,NA,NA,NA,NA,NA,NA,NA,NA,0.34002798346697904,0.2740573455741251,-0.20521027178870677,0.29901124630720677,0.0026548435809574666
BKMC,BNY Mellon US Mid Cap Core Equity ETF,2020-04-14,NA,NA,NA,NA,NA,NA,NA,NA,NA,NA,NA,NA,NA,NA,NA,NA,NA,NA,NA,NA,NA,0.4582225809552636,0.23832603493130078,-0.16032039355969252,0.1667145934363945,-0.019008335999223358
BKSE,BNY Mellon US Small Cap Core Equity ETF,2020-04-13,NA,NA,NA,NA,NA,NA,NA,NA,NA,NA,NA,NA,NA,NA,NA,NA,NA,NA,NA,NA,NA,0.603890342123045,0.1618132227991116,-0.18437829884605295,0.21522988725157766,-0.03604358068604008
BKUS,BNY Mellon ETF Trust BNY Mellon Sustainable US Equity ETF,2021-12-16,NA,NA,NA,NA,NA,NA,NA,NA,NA,NA,NA,NA,NA,NA,NA,NA,NA,NA,NA,NA,NA,NA,0.018510570466301557,-0.22843390149598863,0.23971856129846558,0.004631928549542641
BKWO,BNY Mellon Women's Opportunities ETF,2023-08-14,NA,NA,NA,NA,NA,NA,NA,NA,NA,NA,NA,NA,NA,NA,NA,NA,NA,NA,NA,NA,NA,NA,NA,NA,0.08555502913211255,0.008803521701862715
BLCR,BlackRock Large Cap Core ETF,2023-10-26,NA,NA,NA,NA,NA,NA,NA,NA,NA,NA,NA,NA,NA,NA,NA,NA,NA,NA,NA,NA,NA,NA,NA,NA,0.141823222718942,0.0019319138215769804
BLCV,BlackRock ETF Trust BlackRock Large Cap Value ETF,2023-05-23,NA,NA,NA,NA,NA,NA,NA,NA,NA,NA,NA,NA,NA,NA,NA,NA,NA,NA,NA,NA,NA,NA,NA,NA,0.15710204477772516,0.0011230684020082649
BMAR,Innovator U.S. Equity Buffer ETF - March,2020-03-02,NA,NA,NA,NA,NA,NA,NA,NA,NA,NA,NA,NA,NA,NA,NA,NA,NA,NA,NA,NA,NA,0.1087631745952029,0.1679541242931164,-0.07058688208659003,0.2308887580706689,0.00593286055870812
BMAY,Innovator U.S. Equity Buffer ETF - May,2020-05-01,NA,NA,NA,NA,NA,NA,NA,NA,NA,NA,NA,NA,NA,NA,NA,NA,NA,NA,NA,NA,NA,0.1782453225853471,0.1175875278936882,-0.1254446071885139,0.16732731407460721,0.0037504863702551017
BMVP,Invesco Bloomberg MVP Multi-factor ETF,2003-05-01,NA,NA,NA,NA,0.29428831531308286,0.20347852626855745,0.14381424498256545,0.13591292023134227,0.061448854368035155,-0.3528975567051379,0.21187179632102016,0.207256665143847,-0.03833170837217881,0.25553338146098215,0.43732753485887454,0.10943190025783145,0.021362880331353917,0.15199366681749638,0.24679804294399066,-0.039189618351980426,0.15690351304444627,0.11582971859913593,0.2037170336274925,-0.13408542013282398,0.19422806598307285,2.4678353150053844e-4
BNGE,First Trust S-Network Streaming and Gaming ETF,2022-02-04,NA,NA,NA,NA,NA,NA,NA,NA,NA,NA,NA,NA,NA,NA,NA,NA,NA,NA,NA,NA,NA,NA,NA,-0.31348201110433493,0.3721424097695205,-0.02419938894758289
BNKD,Bank Of Montreal,2019-04-04,NA,NA,NA,NA,NA,NA,NA,NA,NA,NA,NA,NA,NA,NA,NA,NA,NA,NA,NA,NA,-0.499801613753896,-0.8346762464996772,-0.7427525084043757,0.01305579823109193,-0.401162789623136,0.06634309638152347
BNKU,Bank Of Montreal,2019-04-03,NA,NA,NA,NA,NA,NA,NA,NA,NA,NA,NA,NA,NA,NA,NA,NA,NA,NA,NA,NA,0.558185693338872,-0.6774722863943823,1.138605989582322,-0.5333211228563717,-0.04668499587065378,-0.06954727077240086
BNOV,Innovator U.S. Equity Buffer ETF - November,2019-11-01,NA,NA,NA,NA,NA,NA,NA,NA,NA,NA,NA,NA,NA,NA,NA,NA,NA,NA,NA,NA,0.0370183026023021,0.11820127170413541,0.1060758560019055,-0.09632781851997851,0.17238720741436975,0.0040390397527751976
BOCT,Innovator U.S. Equity Buffer ETF - October,2018-10-01,NA,NA,NA,NA,NA,NA,NA,NA,NA,NA,NA,NA,NA,NA,NA,NA,NA,NA,NA,-0.10248065671639006,0.1904883599688929,0.14683449589218056,0.14965081628432997,-0.08128433586197259,0.21127207000834214,0.004418980076710488
BOUT,Innovator IBD Breakout Opportunities ETF,2018-09-13,NA,NA,NA,NA,NA,NA,NA,NA,NA,NA,NA,NA,NA,NA,NA,NA,NA,NA,NA,-0.2980328686321907,0.20586550719153873,0.5054840141536081,0.22711451671193572,-0.22615442103939243,0.13295829896156985,-0.02599759863205975
BPAY,BlackRock ETF Trust BlackRock Future Financial and Technology ,2022-08-23,NA,NA,NA,NA,NA,NA,NA,NA,NA,NA,NA,NA,NA,NA,NA,NA,NA,NA,NA,NA,NA,NA,NA,-0.12174408437996442,0.13189112004312897,-0.013103763841191718
BRNY,Burney U.S. Factor Rotation ETF,2022-10-14,NA,NA,NA,NA,NA,NA,NA,NA,NA,NA,NA,NA,NA,NA,NA,NA,NA,NA,NA,NA,NA,NA,NA,0.089087820381482,0.22362853090678558,-7.1247864573043e-4
BSEP,Innovator U.S. Equity Buffer ETF - September,2019-09-03,NA,NA,NA,NA,NA,NA,NA,NA,NA,NA,NA,NA,NA,NA,NA,NA,NA,NA,NA,NA,0.07230686584436818,0.12440187443587636,0.14636237058959978,-0.09205205711597231,0.2093636794409135,0.0033260041504072912
BSMC,Brandes International ETF Brandes U.S. Small-Mid Cap Value ETF,2023-10-09,NA,NA,NA,NA,NA,NA,NA,NA,NA,NA,NA,NA,NA,NA,NA,NA,NA,NA,NA,NA,NA,NA,NA,NA,0.10485793495630968,-0.01325740205574577
BSR,Northern Lights Fund Trust II Beacon Selective Risk ETF,2023-04-18,NA,NA,NA,NA,NA,NA,NA,NA,NA,NA,NA,NA,NA,NA,NA,NA,NA,NA,NA,NA,NA,NA,NA,NA,0.045734736696353195,-0.011608646117215349
BSTP,Innovator ETFs Trust Innovator Buffer Step-Up Strategy ETF,2022-03-09,NA,NA,NA,NA,NA,NA,NA,NA,NA,NA,NA,NA,NA,NA,NA,NA,NA,NA,NA,NA,NA,NA,NA,-0.06509082633710583,0.18146719430812386,0.004497865576492677
BSVO,EA Bridgeway Omni Small-Cap Value ETF,2023-03-13,NA,NA,NA,NA,NA,NA,NA,NA,NA,NA,NA,NA,NA,NA,NA,NA,NA,NA,NA,NA,NA,NA,NA,NA,0.22381225783613212,-0.04177969473707899
BTAL,AGF U.S. Market Neutral Anti-Beta Fund,2011-09-13,NA,NA,NA,NA,NA,NA,NA,NA,NA,NA,NA,NA,-0.02506322269730632,-0.07039224733365279,-0.13793092747236957,0.0868420576099187,0.0014527472721592716,-0.0473887380074659,-0.021319776446455663,0.15126428211144982,0.010716494078129912,-0.13860049822377052,-0.06813410321699243,0.20479948235392698,-0.1510600665362689,0.06253683883366135
BTEC,Principal Healthcare Innovators ETF,2016-08-22,NA,NA,NA,NA,NA,NA,NA,NA,NA,NA,NA,NA,NA,NA,NA,NA,NA,-0.09803915316851253,0.369721403848271,-0.12241655411016639,0.39637690840309325,0.5291439638494564,-0.18697450360794787,-0.28885598610608065,0.0802854795475858,0
BTHM,BlackRock ETF Trust BlackRock Future U.S. Themes ETF,2021-12-16,NA,NA,NA,NA,NA,NA,NA,NA,NA,NA,NA,NA,NA,NA,NA,NA,NA,NA,NA,NA,NA,NA,0.02136369276690986,-0.18090385871571213,0.24394124809580497,0.00976181155961986
BTR,Northern Lights Fund Trust II Beacon Tactical Risk ETF,2023-04-18,NA,NA,NA,NA,NA,NA,NA,NA,NA,NA,NA,NA,NA,NA,NA,NA,NA,NA,NA,NA,NA,NA,NA,NA,-0.06647857614524422,0.002381481134921648
BUFB,Innovator ETFs Trust Innovator Laddered Allocation Buffer ETF,2022-02-09,NA,NA,NA,NA,NA,NA,NA,NA,NA,NA,NA,NA,NA,NA,NA,NA,NA,NA,NA,NA,NA,NA,NA,-0.08369133423364639,0.20494012915588966,0.005872396404176694
BUFC,AB Conservative Buffer ETF,2023-12-19,NA,NA,NA,NA,NA,NA,NA,NA,NA,NA,NA,NA,NA,NA,NA,NA,NA,NA,NA,NA,NA,NA,NA,NA,0.0029791330803912164,0.0028289191834496297
BUFD,FT Vest Fund of Deep Buffer ETFs,2021-01-25,NA,NA,NA,NA,NA,NA,NA,NA,NA,NA,NA,NA,NA,NA,NA,NA,NA,NA,NA,NA,NA,NA,0.06363861383782154,-0.07695914738381304,0.15404172216029788,0.00352422559547505
BUFF,Innovator Laddered Allocation Power Buffer ETF,2016-10-21,NA,NA,NA,NA,NA,NA,NA,NA,NA,NA,NA,NA,NA,NA,NA,NA,NA,0.126960078203199,0.15623496828836192,-0.07034337342596841,0.3289901786236038,-0.12075136760021543,0.08368448757203373,-0.04444440205891931,0.1651162806171027,0
BUFG,FT Vest Buffered Allocation Growth ETF,2021-10-27,NA,NA,NA,NA,NA,NA,NA,NA,NA,NA,NA,NA,NA,NA,NA,NA,NA,NA,NA,NA,NA,NA,0.01803610355030605,-0.1161417640647252,0.1848553324840181,0.00234958813191799
BUFR,FT Vest Fund of Buffer ETFs,2020-08-11,NA,NA,NA,NA,NA,NA,NA,NA,NA,NA,NA,NA,NA,NA,NA,NA,NA,NA,NA,NA,NA,0.0756710561092706,0.11876719513102629,-0.07573872451798569,0.19630800495618672,0.0018818646964049446
BUFT,FT Vest Buffered Allocation Defensive ETF,2021-10-28,NA,NA,NA,NA,NA,NA,NA,NA,NA,NA,NA,NA,NA,NA,NA,NA,NA,NA,NA,NA,NA,NA,0.005992551386735379,-0.0841399680470587,0.1288346234728548,0.0025447494749226696
BUFZ,FT Vest Laddered Moderate Buffer ETF,2023-10-27,NA,NA,NA,NA,NA,NA,NA,NA,NA,NA,NA,NA,NA,NA,NA,NA,NA,NA,NA,NA,NA,NA,NA,NA,0.09175670324491225,0.00424656305207094
BUL,Pacer US Cash Cows Growth ETF,2019-05-06,NA,NA,NA,NA,NA,NA,NA,NA,NA,NA,NA,NA,NA,NA,NA,NA,NA,NA,NA,NA,0.05343235090620291,0.2725881910985475,0.3248181732665443,-0.1617759689091216,0.0367417056618784,-0.01421520723753944
BULZ,MicroSectors FANG & Innovation 3X Leveraged ETN,2021-08-18,NA,NA,NA,NA,NA,NA,NA,NA,NA,NA,NA,NA,NA,NA,NA,NA,NA,NA,NA,NA,NA,NA,0.12617774282196192,-0.922553650824946,3.942226242177542,0.003706513829346836
BUSA,Brandes International ETF Brandes U.S. Value ETF,2023-10-09,NA,NA,NA,NA,NA,NA,NA,NA,NA,NA,NA,NA,NA,NA,NA,NA,NA,NA,NA,NA,NA,NA,NA,NA,0.09062053647049773,5.779927801894402e-4
BUZZ,VanEck Social Sentiment ETF,2021-03-04,NA,NA,NA,NA,NA,NA,NA,NA,NA,NA,NA,NA,NA,NA,NA,NA,NA,NA,NA,NA,NA,NA,-0.008928651085091333,-0.47669658657668945,0.5464418571014076,-0.05082935986054826
BWEB,Bitwise Funds Trust Bitwise Web3 ETF,2022-10-04,NA,NA,NA,NA,NA,NA,NA,NA,NA,NA,NA,NA,NA,NA,NA,NA,NA,NA,NA,NA,NA,NA,NA,-0.1817064374437265,0.9817421493491454,-0.07614021538292726
CACG,ClearBridge All Cap Growth ESG ETF,2017-05-04,NA,NA,NA,NA,NA,NA,NA,NA,NA,NA,NA,NA,NA,NA,NA,NA,NA,NA,0.12323170412761808,-0.03372895556674127,0.2984347632002635,0.2843988107789497,0.18447883969087475,-0.29904749383741136,0.42835048297880585,0.010568784166415268
CAFG,Pacer US Small Cap Cash Cows Growth Leaders ETF,2023-05-02,NA,NA,NA,NA,NA,NA,NA,NA,NA,NA,NA,NA,NA,NA,NA,NA,NA,NA,NA,NA,NA,NA,NA,NA,0.20447056657882312,-0.024532111880649632
CAML,Professionally Managed Portfolios Congress Large Cap Growth ET,2023-08-21,NA,NA,NA,NA,NA,NA,NA,NA,NA,NA,NA,NA,NA,NA,NA,NA,NA,NA,NA,NA,NA,NA,NA,NA,0.10417482020446278,0.006004536791887505
CAMX,The Advisors? Inner Circle Fund Cambiar Aggressive Value ETF,2023-02-13,NA,NA,NA,NA,NA,NA,NA,NA,NA,NA,NA,NA,NA,NA,NA,NA,NA,NA,NA,NA,NA,NA,NA,NA,0.09707480805231872,-0.0018948440004533662
CARD,Bank Of Montreal MAX Auto Industry -3x Inverse Leveraged ETN,2023-06-28,NA,NA,NA,NA,NA,NA,NA,NA,NA,NA,NA,NA,NA,NA,NA,NA,NA,NA,NA,NA,NA,NA,NA,NA,-0.30380323270920395,0.30923806204005655
CARK,The Advisors? Inner Circle Fund II CastleArk Large Growth ETF,2023-12-07,NA,NA,NA,NA,NA,NA,NA,NA,NA,NA,NA,NA,NA,NA,NA,NA,NA,NA,NA,NA,NA,NA,NA,NA,0.03570610256709572,0.017364739789440087
CARU,Bank Of Montreal MAX Auto Industry 3x Leveraged ETN,2023-06-28,NA,NA,NA,NA,NA,NA,NA,NA,NA,NA,NA,NA,NA,NA,NA,NA,NA,NA,NA,NA,NA,NA,NA,NA,-0.12172621520224891,-0.2572755622231683
CARZ,First Trust S-Network Electric & Future Vehicle Ecosystem ETF,2011-05-10,NA,NA,NA,NA,NA,NA,NA,NA,NA,NA,NA,NA,-0.24165317079629967,0.28620704752297743,0.37490974138053823,-0.04529684328125316,-0.014039969992251655,-0.025017767461699703,0.2547031440175531,-0.23900251221570346,0.11369919731190081,0.5466395480155513,0.18088572860618624,-0.31245725953647974,0.4247407340474296,-0.04938490857531852
CATH,Global X S&P 500 Catholic Values ETF,2016-04-26,NA,NA,NA,NA,NA,NA,NA,NA,NA,NA,NA,NA,NA,NA,NA,NA,NA,0.08573225346011548,0.22833765174735432,-0.05801931459063081,0.31651479598623067,0.1880548902750767,0.28866974960571623,-0.19959420739222455,0.26154459873922975,-1.72480357664484e-4
CBLS,Clough Long/Short Equity ETF,2020-11-13,NA,NA,NA,NA,NA,NA,NA,NA,NA,NA,NA,NA,NA,NA,NA,NA,NA,NA,NA,NA,NA,0.14147747311138703,0.028473281645063686,-0.11641892039464785,-0.026700312783940028,-0.0016095666793836116
CBSE,Clough Select Equity ETF,2020-11-13,NA,NA,NA,NA,NA,NA,NA,NA,NA,NA,NA,NA,NA,NA,NA,NA,NA,NA,NA,NA,NA,0.16867648567590598,0.14571540263853344,-0.1991669672789178,0.17284642321338684,-0.030118562347585365
CCOR,Core Alternative ETF,2017-05-25,NA,NA,NA,NA,NA,NA,NA,NA,NA,NA,NA,NA,NA,NA,NA,NA,NA,NA,0.03726654701108911,0.04642348630359061,0.06028535165632842,0.040721802810367747,0.09814092046184397,0.025061100840550354,-0.1192590219308991,-0.0032739233662143485
CCSO,Carbon Collective Climate Solutions U.S. Equity ETF,2022-09-21,NA,NA,NA,NA,NA,NA,NA,NA,NA,NA,NA,NA,NA,NA,NA,NA,NA,NA,NA,NA,NA,NA,NA,-0.10372279712471522,0.14575883510879128,-0.0677189391567421
CDEI,Morgan Stanley ETF Trust Calvert US Large-Cap Diversity Equit,2023-02-01,NA,NA,NA,NA,NA,NA,NA,NA,NA,NA,NA,NA,NA,NA,NA,NA,NA,NA,NA,NA,NA,NA,NA,NA,0.20468624562724647,0.0032819041085558887
CGGR,Capital Group Growth ETF Capital Group Growth ETF,2022-02-24,NA,NA,NA,NA,NA,NA,NA,NA,NA,NA,NA,NA,NA,NA,NA,NA,NA,NA,NA,NA,NA,NA,NA,-0.18503105075102633,0.4218137184972819,0.0028338620263299585
CGUS,Capital Group Core Equity ETF Capital Group Core Equity ETF,2022-02-24,NA,NA,NA,NA,NA,NA,NA,NA,NA,NA,NA,NA,NA,NA,NA,NA,NA,NA,NA,NA,NA,NA,NA,-0.08285042815817312,0.27301553853970706,0.002120189926098748
CHGX,AXS Change Finance ESG ETF,2017-10-10,NA,NA,NA,NA,NA,NA,NA,NA,NA,NA,NA,NA,NA,NA,NA,NA,NA,NA,0.04024418404181285,-0.046412674634147555,0.3307357391312864,0.2410458351833602,0.22722218098587055,-0.21773540511816136,0.23649216395241335,0.00526832017688772
CLDL,Direxion Daily Cloud Computing Bull 2X Shares,2021-01-08,NA,NA,NA,NA,NA,NA,NA,NA,NA,NA,NA,NA,NA,NA,NA,NA,NA,NA,NA,NA,NA,NA,-0.15043583760004364,-0.7232515583375443,0.8474575326005074,0.015137611708951226
CLIX,ProShares Long Online/Short Stores ETF,2017-11-16,NA,NA,NA,NA,NA,NA,NA,NA,NA,NA,NA,NA,NA,NA,NA,NA,NA,NA,-0.020926802416485923,0.06335880865964372,0.17324715447906502,0.9090685684943447,-0.3995886387853892,-0.46732779833086013,0.28975700447996444,-0.0392105252882623
CLSE,Trust for Professional Managers Convergence Long/Short Equity ,2022-02-22,NA,NA,NA,NA,NA,NA,NA,NA,NA,NA,NA,NA,NA,NA,NA,NA,NA,NA,NA,NA,NA,NA,NA,-0.030441088290938167,0.17534429175595867,0.022574038228835303
CLSM,Cabana Target Leading Sector Moderate ETF,2021-07-13,NA,NA,NA,NA,NA,NA,NA,NA,NA,NA,NA,NA,NA,NA,NA,NA,NA,NA,NA,NA,NA,NA,0.09101340183898055,-0.2322696000745782,0.037798763491075915,-0.008195598842580032
CNRG,SPDR S&P Kensho Clean Power ETF,2018-10-23,NA,NA,NA,NA,NA,NA,NA,NA,NA,NA,NA,NA,NA,NA,NA,NA,NA,NA,NA,-0.028564885142428276,0.6322628885589165,1.383424209492234,-0.15681842483943265,-0.07971279391675457,-0.11552391054653766,-0.10412603071006865
OAIA,Listed Funds Trust Teucrium AiLA Long-Short Agriculture Strate,2022-12-20,NA,NA,NA,NA,NA,NA,NA,NA,NA,NA,NA,NA,NA,NA,NA,NA,NA,NA,NA,NA,NA,NA,NA,0.003599969493530697,-0.09796362734965847,-0.019283749451462162
OAIE,Series Portfolios Trust Optimize AI Smart Sentiment Event-Driv,2022-06-21,NA,NA,NA,NA,NA,NA,NA,NA,NA,NA,NA,NA,NA,NA,NA,NA,NA,NA,NA,NA,NA,NA,NA,0.036471265498933425,0.18046695170138372,-0.020568190995180813
OALC,Unified Series Trust OneAscent Large Cap Core ETF,2021-11-16,NA,NA,NA,NA,NA,NA,NA,NA,NA,NA,NA,NA,NA,NA,NA,NA,NA,NA,NA,NA,NA,NA,-0.005355934704389553,-0.180739365057492,0.2203119393684374,0.005734666519194409
OARK,YieldMax Innovation Option Income Strategy ETF,2022-11-25,NA,NA,NA,NA,NA,NA,NA,NA,NA,NA,NA,NA,NA,NA,NA,NA,NA,NA,NA,NA,NA,NA,NA,-0.09105912645643055,0.20136557843272263,-0.07748874411033713
OCTD,Innovator ETFs Trust Innovator Premium Income 10 Barrier ETF -,2023-10-02,NA,NA,NA,NA,NA,NA,NA,NA,NA,NA,NA,NA,NA,NA,NA,NA,NA,NA,NA,NA,NA,NA,NA,NA,0.0460902756545809,0.003900686614194848
OCTH,Innovator ETFs Trust Innovator Premium Income 20 Barrier ETF -,2023-10-02,NA,NA,NA,NA,NA,NA,NA,NA,NA,NA,NA,NA,NA,NA,NA,NA,NA,NA,NA,NA,NA,NA,NA,NA,0.03789364954413488,0.004744215024918619
OCTJ,Innovator ETFs Trust Innovator Premium Income 30 Barrier ETF -,2023-10-02,NA,NA,NA,NA,NA,NA,NA,NA,NA,NA,NA,NA,NA,NA,NA,NA,NA,NA,NA,NA,NA,NA,NA,NA,0.030088148857697616,0.0036896809206070635
OCTQ,Innovator ETFs Trust Innovator Premium Income 40 Barrier ETF -,2023-10-02,NA,NA,NA,NA,NA,NA,NA,NA,NA,NA,NA,NA,NA,NA,NA,NA,NA,NA,NA,NA,NA,NA,NA,NA,0.02504630538358743,0.0037476641630349583
OCTT,AllianzIM U.S. Large Cap Buffer10 Oct ETF,2020-10-01,NA,NA,NA,NA,NA,NA,NA,NA,NA,NA,NA,NA,NA,NA,NA,NA,NA,NA,NA,NA,NA,0.07157723861638554,0.13545899353696322,-0.07102692766650931,0.2092315108502356,0.004332376029871687
OCTW,AllianzIM U.S. Large Cap Buffer20 Oct ETF,2020-10-01,NA,NA,NA,NA,NA,NA,NA,NA,NA,NA,NA,NA,NA,NA,NA,NA,NA,NA,NA,NA,NA,0.04109099211844636,0.06482013508533035,0.005382953981355909,0.17575193735118222,0.0056539594037881
OCTZ,TrueShares Structured Outcome (October) ETF,2020-10-01,NA,NA,NA,NA,NA,NA,NA,NA,NA,NA,NA,NA,NA,NA,NA,NA,NA,NA,NA,NA,NA,0.08528583553771685,0.20491490157073544,-0.10224367098970644,0.18181244624744686,0.0014983289979302317
OEF,iShares S&P 100 ETF,2000-10-27,NA,-0.050042954944730544,-0.13748210891556434,-0.2325588446354907,0.2607141317699082,0.06418985572940783,0.005368614129159788,0.183819321571012,0.058829194779238536,-0.35484559535992366,0.22122440556698542,0.12458039855048697,0.027846344071699836,0.15918442171309732,0.3006546011139859,0.12563956032230572,0.02402587077728846,0.11291915511445949,0.21821915479784537,-0.041628154803312944,0.31867007082923515,0.21206313409690702,0.2917615664796829,-0.21025845917579788,0.3271075979631195,0.007386158292638667
OIH,VanEck Oil Services ETF,2001-02-26,NA,NA,-0.31609777843357345,-0.053944912423513514,0.0898090017726656,0.3800791943394968,0.5231250851103872,0.0911850442339015,0.44848973388763014,-0.6014498487566701,0.6414610361910169,0.20393949403489686,-0.1704953604591205,0.019484714547190585,0.25871742876965964,-0.23553796194965781,-0.24548126969305661,0.2782664672976398,-0.19658435011061692,-0.4502845712746343,-0.034437098812172606,-0.41187415457858334,0.2122489486081165,0.6617260426177121,0.03204384213104494,-0.05715302103033115
OILD,MicroSectors Oil & Gas Exp. & Prod. -3x Inverse Leveraged ETN,2021-11-09,NA,NA,NA,NA,NA,NA,NA,NA,NA,NA,NA,NA,NA,NA,NA,NA,NA,NA,NA,NA,NA,NA,0.051939183995855176,-0.903151013353195,-0.19583986894688155,0.04245977788929567
OILU,MicroSectors Oil & Gas Exp. & Prod. 3x Leveraged ETN,2021-11-09,NA,NA,NA,NA,NA,NA,NA,NA,NA,NA,NA,NA,NA,NA,NA,NA,NA,NA,NA,NA,NA,NA,-0.17872678110456375,1.5108329502412516,-0.3250239744389689,-0.05596594255694598
OMFL,Invesco Exchange-Traded Self-Indexed Fund Trust Invesco Russel,2017-11-10,NA,NA,NA,NA,NA,NA,NA,NA,NA,NA,NA,NA,NA,NA,NA,NA,NA,NA,0.04609227114701775,-0.02548073042736121,0.35578753758740334,0.2091142053019326,0.2895143548592025,-0.13964185075353597,0.21527482641955786,-0.03034431779656077
OMFS,Invesco Exchange-Traded Self-Indexed Fund Trust Invesco Russel,2017-11-10,NA,NA,NA,NA,NA,NA,NA,NA,NA,NA,NA,NA,NA,NA,NA,NA,NA,NA,0.03358635896366269,-0.09010805390931764,0.2711674618232012,0.15019578454643878,0.28603851133796465,-0.1729314510100839,0.15123531129527712,-0.05515462452907416
OND,ProShares On-Demand ETF,2021-10-29,NA,NA,NA,NA,NA,NA,NA,NA,NA,NA,NA,NA,NA,NA,NA,NA,NA,NA,NA,NA,NA,NA,68.99166794598992,-0.4192761067568007,0.27029028241988406,4.471959796252811e-4
ONEQ,Fidelity Nasdaq Composite Index ETF,2003-10-01,NA,NA,NA,NA,0.09202441570081077,0.088811158065069,0.018910503777541443,0.1028206828489946,0.09944114421983508,-0.397981333983349,0.4515850265277075,0.17790922262581388,-0.008183261728020419,0.1619661420773877,0.39860831239757033,0.14663451076634648,0.06694413182855485,0.08811393906658349,0.292860801171545,-0.0318009082895675,0.371529330746446,0.4486541523650718,0.22108348210702133,-0.3212090215168787,0.45733839001074417,-0.0035449509321376915
OOTO,Direxion Daily Travel & Vacation Bull 2X Shares,2021-06-10,NA,NA,NA,NA,NA,NA,NA,NA,NA,NA,NA,NA,NA,NA,NA,NA,NA,NA,NA,NA,NA,NA,-0.23510804807870977,-0.48605223094393546,0.45929014711746485,-0.047954886497962756
OSCV,Opus Small Cap Value ETF,2018-07-18,NA,NA,NA,NA,NA,NA,NA,NA,NA,NA,NA,NA,NA,NA,NA,NA,NA,NA,NA,-0.1277814766142612,0.27508854211262923,0.049391222855883044,0.27694409194492975,-0.11410590795071862,0.10137167168360417,-0.020523642237725515
OUSA,ALPS O'Shares U.S. Quality Dividend ETF,2015-07-14,NA,NA,NA,NA,NA,NA,NA,NA,NA,NA,NA,NA,NA,NA,NA,NA,0.011608768223797528,0.12296030901374788,0.18815047750001246,-0.031108883686458477,0.2502903478969034,0.06957654736340602,0.23741134071839354,-0.09325991145169865,0.1344725867632468,0.006942931086240112
OUSM,ALPS O'Shares U.S. Small-Cap Quality Dividend ETF,2016-12-30,NA,NA,NA,NA,NA,NA,NA,NA,NA,NA,NA,NA,NA,NA,NA,NA,NA,0,0.10855038564080721,-0.10607436901308398,0.2804156110289473,0.07639170612970925,0.2144808577849442,-0.07885076852265405,0.18825168838305695,-0.008677900713108921
OVL,Overlay Shares Large Cap Equity ETF,2019-10-01,NA,NA,NA,NA,NA,NA,NA,NA,NA,NA,NA,NA,NA,NA,NA,NA,NA,NA,NA,NA,0.10844523755225466,0.19816493138126168,0.32401152873769123,-0.22178431968219914,0.2801167634659212,0.006214675070421949
OVLH,Overlay Shares Hedged Large Cap Equity ETF,2021-01-15,NA,NA,NA,NA,NA,NA,NA,NA,NA,NA,NA,NA,NA,NA,NA,NA,NA,NA,NA,NA,NA,NA,0.20916436773148428,-0.16155483571462215,0.16929031244560377,5.189202315212249e-4
OVS,Overlay Shares Small Cap Equity ETF,2019-10-01,NA,NA,NA,NA,NA,NA,NA,NA,NA,NA,NA,NA,NA,NA,NA,NA,NA,NA,NA,NA,0.11512823759678636,0.11916185719245531,0.30145101459674906,-0.1999338498522767,0.172036938426805,-0.03335672389780797
PAAA,PGIM ETF Trust PGIM AAA CLO ETF,2023-08-07,NA,NA,NA,NA,NA,NA,NA,NA,NA,NA,NA,NA,NA,NA,NA,NA,NA,NA,NA,NA,NA,NA,NA,NA,0.01931502225738746,0.0035615413912761795
PABU,iShares Paris-Aligned Climate MSCI USA ETF,2022-04-20,NA,NA,NA,NA,NA,NA,NA,NA,NA,NA,NA,NA,NA,NA,NA,NA,NA,NA,NA,NA,NA,NA,NA,-0.1532810583253792,0.2951630753939245,0.0027539722481324524
PALC,Pacer Lunt Large Cap Multi-Factor Alternator ETF,2020-06-25,NA,NA,NA,NA,NA,NA,NA,NA,NA,NA,NA,NA,NA,NA,NA,NA,NA,NA,NA,NA,NA,0.22003424630096036,0.40852587316038846,-0.14744013237246123,0.17523475365836183,-0.012198096597362817
PAMC,Pacer Lunt MidCap Multi-Factor Alternator ETF,2020-06-25,NA,NA,NA,NA,NA,NA,NA,NA,NA,NA,NA,NA,NA,NA,NA,NA,NA,NA,NA,NA,NA,0.33938748429291254,0.13004875272425065,-0.12148403543704256,0.19298095756083433,9.15613663014625e-4
PAPR,Innovator U.S. Equity Power Buffer ETF - April,2019-04-01,NA,NA,NA,NA,NA,NA,NA,NA,NA,NA,NA,NA,NA,NA,NA,NA,NA,NA,NA,NA,0.06475184690788138,0.046212843277025906,0.07514659770753207,-0.0429253590682982,0.16454702795786824,0.00336496222002558
PAUG,Innovator U.S. Equity Power Buffer ETF - August,2019-08-06,NA,NA,NA,NA,NA,NA,NA,NA,NA,NA,NA,NA,NA,NA,NA,NA,NA,NA,NA,NA,0.055646051216618586,0.09821431149712878,0.0758217914810222,-0.06850662464462431,0.17707225689126393,0.003296392384551705
PAVE,Global X Funds Global X U.S. Infrastructure Development ETF,2017-03-08,NA,NA,NA,NA,NA,NA,NA,NA,NA,NA,NA,NA,NA,NA,NA,NA,NA,NA,0.14109322379160583,-0.19154789702676667,0.33260937449296946,0.197154300161682,0.3641767533400626,-0.07169458890968716,0.3101200320920947,-0.022344761410937664
PBDC,Putnam ETF Trust Putnam BDC Income ETF,2022-09-30,NA,NA,NA,NA,NA,NA,NA,NA,NA,NA,NA,NA,NA,NA,NA,NA,NA,NA,NA,NA,NA,NA,NA,0.10864707606970914,0.3053175657584073,0.020182557503902743
PBE,Invesco Biotechnology & Genome ETF,2005-06-23,NA,NA,NA,NA,NA,NA,0.17447386413621802,0.02312146364869161,0.05819225598599376,-0.2674854134593284,0.21929498358315413,0.3147143427025427,-0.08359984964001033,0.13858427269671014,0.6221542313311128,0.36339729742003546,0.017206527006190298,-0.22901776677410812,0.2227679598142822,-0.0018739652505550541,0.18653061068875054,0.25657128633113246,0.015400051838763584,-0.10827132780892712,0.03708103877309821,-0.012758146789373592
PBJ,Invesco Food & Beverage ETF,2005-06-23,NA,NA,NA,NA,NA,NA,-0.028004060796957164,0.153705512331334,0.06244945298637772,-0.21670358366524456,0.10976032234688704,0.2992776876634553,0.0618086680640344,0.05487077881634428,0.33484622188390123,0.17386133595714592,0.06920034299181133,0.05597533585879377,0.018751429538328424,-0.11206621892317414,0.17501171250620073,0.05533747806309042,0.26570971958093037,0.031435579370663325,0.023058280937563902,-0.0054525628859313224
PBP,Invesco S&P 500 BuyWrite ETF,2007-12-27,NA,NA,NA,NA,NA,NA,NA,NA,0.003945190947580723,-0.29342406408205934,0.24012681413817094,0.04885295573076531,0.04423976290720155,0.045214005873270846,0.12906508867398547,0.048082664276152265,0.04111612871785719,0.06415970338541199,0.11978145556351905,-0.055670747867917814,0.15180760589796094,-0.03335498822590455,0.1996382314436651,-0.11800280768337745,0.11587513473909894,0.005069064476292295
PBUS,Invesco MSCI USA ETF,2017-09-25,NA,NA,NA,NA,NA,NA,NA,NA,NA,NA,NA,NA,NA,NA,NA,NA,NA,NA,0.07301212102549126,-0.04824899764386814,0.3160093969212381,0.21748466261541144,0.26769706532460935,-0.19643440803363643,0.273332696133203,8.381621920983129e-4
PDEC,Innovator U.S. Equity Power Buffer ETF - December,2019-12-02,NA,NA,NA,NA,NA,NA,NA,NA,NA,NA,NA,NA,NA,NA,NA,NA,NA,NA,NA,NA,0.015764444298248526,0.08451758594713454,0.09586209264294854,-0.059471405165553715,0.17430576081834892,0.0028490681813586605
PDP,Invesco Dorsey Wright Momentum ETF,2007-03-01,NA,NA,NA,NA,NA,NA,NA,NA,0.13816907122551636,-0.46206033832416094,0.2802351064031652,0.26574264397412595,0.015292017153805348,0.18172033682565036,0.3168286581324222,0.12207675473129775,0.01127158798585648,0.023437044436147803,0.23296576202730868,-0.0596519592828475,0.33130058859475997,0.3659690840713137,0.077151102817278,-0.24492930579742966,0.20879242388267283,-0.010176571984173655
PEJ,Invesco Leisure and Entertainment ETF,2005-06-23,NA,NA,NA,NA,NA,NA,0.02539015231993358,0.1855621409544328,-0.08586361001764597,-0.39942407320298423,0.4278611271547377,0.39070424020105654,0.019063327590080004,0.23630540484777174,0.49330218327658915,0.05304518268228087,0.0339631203272841,0.09678859987787458,0.11217464250707065,-0.09307671578556631,0.13821004226206024,-0.10288746422923367,0.22628988092932434,-0.2537383446707938,0.15733271281524286,-0.038874339524248236
PEXL,Pacer US Export Leaders ETF,2018-10-18,NA,NA,NA,NA,NA,NA,NA,NA,NA,NA,NA,NA,NA,NA,NA,NA,NA,NA,NA,-0.11245999737389567,0.39875603919903324,0.25037240359034163,0.3002434694678624,-0.20400996854492248,0.24411857071111775,-0.02472649998359766
PEY,Invesco High Yield Equity Dividend Achievers ETF,2004-12-09,NA,NA,NA,NA,NA,0.03491012996892939,0.01674820547780409,0.14952375259737782,-0.15348106320263633,-0.3816530654744018,0.03532349963954573,0.20888332527936826,0.08599085629583181,0.06255740705804058,0.30524334809925,0.18031522998494154,0.023816876618881766,0.31397094331771025,0.08780847761828792,-0.0748358763714454,0.24764007602898896,-0.03846287309771723,0.2613770601390768,0.024466677211722132,0.07289319031250385,-0.02223270231429786
PEZ,Invesco Dorsey Wright Consumer Cyclicals Momentum ETF,2006-10-12,NA,NA,NA,NA,NA,NA,NA,0.05870727428702183,-0.11162012161653834,-0.3251170745013471,0.2575419481655634,0.2920936964991525,0.0117698134895865,0.177992085170404,0.3921041859733152,0.08591281115730087,-0.007920720069998333,-0.03537861859042002,0.19877422295522051,-0.06848306344284594,0.1805241052273907,0.38967879270226513,0.20339414580718085,-0.29599358765834616,0.29544077482722453,-0.019550706013158115
PFEB,Innovator U.S. Equity Power Buffer ETF - February,2020-02-03,NA,NA,NA,NA,NA,NA,NA,NA,NA,NA,NA,NA,NA,NA,NA,NA,NA,NA,NA,NA,NA,0.062423956360605715,0.11522321874298669,-0.028395481926256405,0.14964795649418305,0.004900454515608166
PFFD,Global X U.S. Preferred ETF,2017-09-14,NA,NA,NA,NA,NA,NA,NA,NA,NA,NA,NA,NA,NA,NA,NA,NA,NA,NA,0.003742559381477495,-0.039237081513122996,0.17447056352710955,0.08917739169018413,0.05071342752016883,-0.2020209128610777,0.06278464310172338,0.015463976820011327
PFFR,ETFIS Series Trust I ETF,2017-02-08,NA,NA,NA,NA,NA,NA,NA,NA,NA,NA,NA,NA,NA,NA,NA,NA,NA,NA,0.060416282002287325,-0.0745099408826857,0.2028422840678581,0.0018856175235724137,0.06764343562749331,-0.23191668455122116,0.20251764504336012,-1.0717970016482781e-4
PFI,Invesco Dorsey Wright Financial Momentum ETF,2006-10-12,NA,NA,NA,NA,NA,NA,NA,0.033703440597337986,-0.026289136126992796,-0.27217054704186217,-0.050480504182927155,0.14702781890521277,-0.04627393025759252,0.1949992456153944,0.4054132013550438,0.06292886046404167,0.012505101212991088,0.020656924024679446,0.1499970367005672,-0.17178159234613255,0.3654449393021142,0.13848533480860548,0.28707090071160946,-0.24091848548269823,0.12584069537181208,-0.02646213940635611
PFM,Invesco Dividend Achievers ETF,2005-09-15,NA,NA,NA,NA,NA,NA,0.019257557657862412,0.15691706107466197,-0.003792390012445357,-0.291576464782652,0.10698244106839061,0.14800645528275314,0.09152707873453503,0.1060601902731182,0.2570496721551738,0.11175285039120308,-0.030539172262192826,0.1432616451610922,0.17640027738426256,-0.045764515519382876,0.2688071496736062,0.09528956272625622,0.2308284237873528,-0.06222670145173792,0.11400425491568478,0.0010027805499972509
PFUT,Putnam Sustainable Future ETF,2021-05-26,NA,NA,NA,NA,NA,NA,NA,NA,NA,NA,NA,NA,NA,NA,NA,NA,NA,NA,NA,NA,NA,NA,0.0061740963741001575,-0.3359461593089146,0.2997496022187738,-0.00573341894035162
PFXF,VanEck Preferred Securities ex Financials ETF,2012-07-19,NA,NA,NA,NA,NA,NA,NA,NA,NA,NA,NA,NA,NA,0.044349240314109695,-0.021059725715703692,0.15930075558176582,-0.015105450289942146,0.0660404052908623,0.07922845012225843,-0.041659732859302245,0.2052220792163859,0.0760714999948311,0.11612771355188278,-0.18828225900441908,0.09786130013284366,0.013969718676073661
PGF,Invesco Financial Preferred ETF,2006-12-01,NA,NA,NA,NA,NA,NA,NA,-0.0033067779590616464,-0.15948152627184664,-0.27306671255231285,0.38220659369927756,0.1596359463898369,-0.01724683768221935,0.20964733635787103,-0.012924015559277469,0.14499173296504497,0.09212112964911001,0.010020005321581982,0.10822170526864228,-0.028204541310617337,0.14543689063531762,0.07226864905218089,0.02257023179183859,-0.19202111730660398,0.07724800677342247,0.019204371360519223
PGRO,Putnam Focused Large Cap Growth ETF,2021-05-26,NA,NA,NA,NA,NA,NA,NA,NA,NA,NA,NA,NA,NA,NA,NA,NA,NA,NA,NA,NA,NA,NA,0.16664677327235045,-0.3152631684024454,0.4518659695577594,0.01163352279741825
PHEQ,Morgan Stanley ETF Trust Parametric Hedged Equity ETF,2023-10-19,NA,NA,NA,NA,NA,NA,NA,NA,NA,NA,NA,NA,NA,NA,NA,NA,NA,NA,NA,NA,NA,NA,NA,NA,0.07188046344627641,0.006720400572497454
PILL,Direxion Daily Pharmaceutical & Medical Bull 3X Shares,2017-11-15,NA,NA,NA,NA,NA,NA,NA,NA,NA,NA,NA,NA,NA,NA,NA,NA,NA,NA,0.16335907505034486,-0.21146399430349694,0.19252747289215022,0.0027700464866906582,-0.373322838777991,-0.43157088061336857,-0.12071486582199809,0.02967742181593369
PINK,Simplify Health Care ETF,2021-10-08,NA,NA,NA,NA,NA,NA,NA,NA,NA,NA,NA,NA,NA,NA,NA,NA,NA,NA,NA,NA,NA,NA,0.12202732157715812,-0.04410746917167052,0.038036856376492345,0.03035844619874628
PJAN,Innovator U.S. Equity Power Buffer ETF - January,2019-01-03,NA,NA,NA,NA,NA,NA,NA,NA,NA,NA,NA,NA,NA,NA,NA,NA,NA,NA,NA,NA,0.13782053927227933,0.07676057515695844,0.08796600852743275,-0.05290051712250976,0.1818470773711034,0.004296451133207757
PJFG,PGIM ETF Trust PGIM Jennison Focused Growth ETF,2022-12-14,NA,NA,NA,NA,NA,NA,NA,NA,NA,NA,NA,NA,NA,NA,NA,NA,NA,NA,NA,NA,NA,NA,NA,-0.06693609875271012,0.5422809503882624,0.015703069311602258
PJFV,PGIM ETF Trust PGIM Jennison Focused Value ETF,2022-12-14,NA,NA,NA,NA,NA,NA,NA,NA,NA,NA,NA,NA,NA,NA,NA,NA,NA,NA,NA,NA,NA,NA,NA,-0.021904375495729766,0.18519302623447342,0.004694853184723291
PJP,Invesco Pharmaceuticals ETF,2005-06-23,NA,NA,NA,NA,NA,NA,0.1125376535803364,0.10821972051639195,0.006532918924927467,-0.10856087019824157,0.17467488311162205,0.2750462844404258,0.20027267005908245,0.24508292055603964,0.5569311957817109,0.2816781474026664,0.10919789658155943,-0.19246346480918974,0.15296777603372136,-0.017771060824322782,0.04644838557172615,0.11302337695130982,0.1432323766436363,-0.021510419880302334,-0.021805392938480384,0.009724019429792508
PJUL,Innovator U.S. Equity Power Buffer ETF - July,2018-08-09,NA,NA,NA,NA,NA,NA,NA,NA,NA,NA,NA,NA,NA,NA,NA,NA,NA,NA,NA,-0.04980194175940944,0.12471025649312151,0.07510002689439355,0.07197495404556542,-0.020758981227123607,0.19874123837403435,0.001381681504704746
PJUN,Innovator U.S. Equity Power Buffer ETF - June,2019-06-03,NA,NA,NA,NA,NA,NA,NA,NA,NA,NA,NA,NA,NA,NA,NA,NA,NA,NA,NA,NA,0.07233654670290446,0.10397475722378458,0.07130979241541047,-0.0774863600151049,0.12284715919392974,0.0048531678728447325
PKB,Invesco Building & Construction ETF,2005-10-26,NA,NA,NA,NA,NA,NA,0.06192318005431918,0.016287922786489828,0.10847430426210014,-0.35294731295748905,0.0132293460763655,0.15445743894609598,-0.07713942825725906,0.461169185069054,0.2871910762605028,-0.035155945296809654,0.10304267426639546,0.17481877292081682,0.2467383127200049,-0.3110716303656579,0.4015749832853197,0.24487137679406357,0.3285280726244557,-0.24883739898552149,0.5528764460030899,-0.015842839304847534
PKW,Invesco BuyBack Achievers ETF,2006-12-20,NA,NA,NA,NA,NA,NA,NA,-0.0019996463860618707,-0.02224607289540015,-0.33368595464096473,0.31253680938803874,0.1786336496064811,0.1005135356650515,0.13748045873115644,0.4557358705165431,0.12742284667519832,-0.04348663261597052,0.12880838042906517,0.1775222681962645,-0.10533238915598842,0.3408850567747561,0.08412948595719372,0.3262102065197958,-0.10206126003536353,0.1723976361173747,-0.0061603009658326435
PLDR,Putnam Sustainable Leaders ETF,2021-05-26,NA,NA,NA,NA,NA,NA,NA,NA,NA,NA,NA,NA,NA,NA,NA,NA,NA,NA,NA,NA,NA,NA,0.1156722662941061,-0.22524553375450884,0.27474802760323613,0.004170081612393073
PMAR,Innovator U.S. Equity Power Buffer ETF - March,2020-03-02,NA,NA,NA,NA,NA,NA,NA,NA,NA,NA,NA,NA,NA,NA,NA,NA,NA,NA,NA,NA,NA,0.06636672113611897,0.10956396495387799,-0.026492598839295334,0.15950519948091801,0.004491854357381531
PMAY,Innovator U.S. Equity Power Buffer ETF - May,2020-05-01,NA,NA,NA,NA,NA,NA,NA,NA,NA,NA,NA,NA,NA,NA,NA,NA,NA,NA,NA,NA,NA,0.11966827500653099,0.077954111278149,-0.08082458627354316,0.12050552547148996,0.003971405829548136
PNOV,Innovator U.S. Equity Power Buffer ETF - November,2019-11-01,NA,NA,NA,NA,NA,NA,NA,NA,NA,NA,NA,NA,NA,NA,NA,NA,NA,NA,NA,NA,0.022659956925461078,0.10407688576625218,0.07115714720738464,-0.02644307284011216,0.14077502542131137,0.004065133853899949
PNQI,Invesco NASDAQ Internet ETF,2008-06-13,NA,NA,NA,NA,NA,NA,NA,NA,NA,-0.4370054604583461,0.8799998294245595,0.34197305178137194,-0.004324043887569018,0.2035205714155448,0.6514713647906458,-0.020154765596762214,0.19585623260429252,0.03003860562756766,0.40180330459882985,-0.05081672219395694,0.2876263729202684,0.6136331052706183,-0.05565295682504845,-0.4791647158015033,0.6068246511216506,0.0016634703021531916
POCT,Innovator U.S. Equity Power Buffer ETF - October,2018-10-01,NA,NA,NA,NA,NA,NA,NA,NA,NA,NA,NA,NA,NA,NA,NA,NA,NA,NA,NA,-0.07116712505363887,0.12804077458459817,0.10396820843505239,0.09453634424749957,-0.012479509313435888,0.20119718318793,0.00553711984644889
POWA,Invesco Bloomberg Pricing Power ETF,2006-12-15,NA,NA,NA,NA,NA,NA,NA,-9.54095511775721e-4,0.04835795065167203,-0.30338363667364143,0.22282486916483224,0.19457894092230998,0.13003618725007282,0.07221349913991215,0.22426310848528264,0.13142839504727388,-0.04630084534098211,0.14101861211828615,0.215190521787326,-0.03954727954221082,0.27981931049002995,0.07606057534729982,0.24926360869221753,-0.07668556613482802,0.1057589175648006,-0.0015199752131660471
PPA,Invesco Aerospace & Defense ETF,2005-10-26,NA,NA,NA,NA,NA,NA,0.03959336031534355,0.20015242391287846,0.2228420768925259,-0.3737725396142584,0.23026293752066507,0.10571936251671832,-0.016577530782247996,0.17635572346354467,0.5033723148658973,0.12711441122807532,0.040135723892011255,0.1926191820368699,0.3010268774655298,-0.07510884668138185,0.39626210702500586,0.0045958629389599714,0.06953036665873236,0.09521337693713194,0.1841183248243221,-0.01345492018110539
PRF,Invesco FTSE RAFI US 1000 ETF,2005-12-20,NA,NA,NA,NA,NA,NA,-0.0060486515461645185,0.24563722143268474,0.07931829380960753,-0.3406262426152308,0.5241740800512158,0.2727635325061861,0.08298323062939383,0.27095593641116356,0.4482570487819235,0.20536495010129263,0.06139879380864688,0.28743485480536646,0.2411469198589722,-0.007606265930138689,0.3881844865485322,0.1930669480975551,0.3751058708428696,9.319833850878201e-4,0.1839383136235222,-0.003409060491018745
PRFZ,Invesco FTSE RAFI US 1500 Small-Mid ETF,2006-09-20,NA,NA,NA,NA,NA,NA,NA,0.11643058956632779,0.01980701615826841,-0.36099465217693527,0.6416898120599603,0.3232093519526982,-0.0222057325622248,0.2670831964848668,0.48211146351395895,0.09264772446477676,-0.003435067915298795,0.31800515135787855,0.18599018763250674,-0.0699883881590132,0.28714604939105937,0.1778088783938654,0.3340538328452338,-0.11799897738872145,0.22075658301704082,-0.03841030613325758
PRN,Invesco Dorsey Wright Industrials Momentum ETF,2006-10-12,NA,NA,NA,NA,NA,NA,NA,0.044935294208741317,0.15446328348048244,-0.3567882909212028,0.14903911978866002,0.32992422325238446,-0.064379672586798,0.19347410840072432,0.5052835701925724,-0.002795380612233278,-0.05570205504988701,0.12705334823682346,0.22822232681921828,-0.16190498410180176,0.34522082227853,0.363914293462287,0.2521436610764236,-0.25091217962528534,0.3796439538366507,-0.022291643864270627
PRVT,Private Real Estate Strategy via Liquid REITs ETF,2023-06-13,NA,NA,NA,NA,NA,NA,NA,NA,NA,NA,NA,NA,NA,NA,NA,NA,NA,NA,NA,NA,NA,NA,NA,NA,0.014594523135653015,-0.00898205074613112
PSC,Principal U.S. Small-Cap ETF,2016-09-22,NA,NA,NA,NA,NA,NA,NA,NA,NA,NA,NA,NA,NA,NA,NA,NA,NA,0.09374155976772314,0.15636575265017782,-0.11350919869949527,0.18869393664387935,0.1330114779767646,0.32561017273901216,-0.1590993633788088,0.18227697089329364,-0.024798767878540406
PSCC,Invesco S&P SmallCap Consumer Staples ETF,2010-04-07,NA,NA,NA,NA,NA,NA,NA,NA,NA,NA,NA,0.1976121223011278,0.08054050153838199,0.12557080978953783,0.46670473218710296,0.14682513849315493,0.049172564378704875,0.3170272336387556,0.12631553462777334,-0.05043227693735819,0.21823146273033345,0.15205472403148557,0.3226607778367234,-0.04122732913496885,0.15896458113798695,0.006508721712917165
PSCD,Invesco S&P SmallCap Consumer Discretionary ETF,2010-04-07,NA,NA,NA,NA,NA,NA,NA,NA,NA,NA,NA,0.08921631944619635,-0.02734444454481111,0.23032912949373263,0.49589863539458,0.04044136610887783,-0.08552795750931474,0.15163532819115622,0.18150052817870166,-0.0928479900729603,0.17486017073888727,0.290669350349664,0.3734099526220154,-0.2805736564330562,0.3323672448654347,-0.049864951328392526
PSCE,Invesco S&P SmallCap Energy ETF,2010-04-07,NA,NA,NA,NA,NA,NA,NA,NA,NA,NA,NA,0.31956191625365604,0.022494357473772153,-0.01781841838283127,0.37753265593086494,-0.3591767546024852,-0.48142696767381654,0.3683247531820255,-0.267292683544457,-0.4303856585519821,-0.15027873128271152,-0.40922184040610565,0.5937297779482793,0.4617436545160123,0.04410293132659637,-0.04995194067687603
PSCF,Invesco S&P SmallCap Financials ETF,2010-04-07,NA,NA,NA,NA,NA,NA,NA,NA,NA,NA,NA,0.0749833757897389,0.017085412901554076,0.1698935856563688,0.3046432149615941,0.07690693041570751,1.5194541325991295e-4,0.32509215128295144,0.06710225536122771,-0.08426449466894204,0.2207150015384809,-0.09076160656407395,0.2784552655926553,-0.19342062975877017,0.060256419007576945,-0.03355025448638027
PSCH,Invesco S&P SmallCap Health Care ETF,2010-04-07,NA,NA,NA,NA,NA,NA,NA,NA,NA,NA,NA,0.13708258546921748,0.14690022411803216,0.13712181668555923,0.5610628691243804,0.11799640993747817,0.2026439334915462,0.017202676680322826,0.34866519651805583,0.09157028334599149,0.2017110248352667,0.314734655878528,0.05750770526315785,-0.265334469828723,-0.027103036647253442,-0.012383149269730609
PSCI,Invesco S&P SmallCap Industrials ETF,2010-04-07,NA,NA,NA,NA,NA,NA,NA,NA,NA,NA,NA,0.1606813248731236,-0.05972164983815009,0.19528951053023968,0.4349714788978576,0.029847570579344396,-0.06515172455159979,0.29002619489281667,0.1751948693352352,-0.13201749601509705,0.29802410977012705,0.12016767818003382,0.2443686961269289,-0.09024337064374066,0.3164733733714833,-0.04216970876384929
PSCJ,Pacer Swan SOS Conservative (July) ETF,2021-07-01,NA,NA,NA,NA,NA,NA,NA,NA,NA,NA,NA,NA,NA,NA,NA,NA,NA,NA,NA,NA,NA,NA,0.03297934771054978,-0.0748408346568441,0.18477928404327582,0.004044222456114799
PSCM,Invesco S&P SmallCap Materials ETF,2010-04-07,NA,NA,NA,NA,NA,NA,NA,NA,NA,NA,NA,0.12407158440183541,-0.09073089838491355,0.23018003111533858,0.37837385197921547,-0.0016408814337293132,-0.25815047840133176,0.5379875127354978,0.10371665595827184,-0.2328145761512317,0.21751404237280458,0.22186692372296246,0.18006131096126654,-0.06450044909756203,0.19868150306172594,-0.04159891013379968
PSCQ,Pacer Swan SOS Conservative (October) ETF,2021-10-04,NA,NA,NA,NA,NA,NA,NA,NA,NA,NA,NA,NA,NA,NA,NA,NA,NA,NA,NA,NA,NA,NA,0.03005873440793705,-0.044365425359092825,0.19786498168414912,0.004559610791774693
PSCT,Invesco S&P SmallCap Information Technology ETF,2010-04-07,NA,NA,NA,NA,NA,NA,NA,NA,NA,NA,NA,0.1596625965740761,-0.04480921635334034,0.12641166441764562,0.46147506315297493,0.1324712409581308,0.04635270871068675,0.34176868672108274,0.10384949865067705,-0.08587480483364773,0.4006326505197102,0.2809413478932421,0.26284672977418033,-0.22498865541708457,0.20813990773263336,-0.050569919724538503
PSCU,Invesco S&P SmallCap Utilities & Communication Services ETF,2010-04-07,NA,NA,NA,NA,NA,NA,NA,NA,NA,NA,NA,0.13931706598215543,0.12094060848601584,0.0022625374062887893,0.22180915332811613,0.17699495001994925,0.058080863190169696,0.24405177491547292,0.12414798088392165,-0.04803627378996722,0.09671038497388973,0.037952908801288654,0.30117124200738066,-0.19728624669366668,0.02115927244821081,-0.04084271039630838
PSCW,Pacer Swan SOS Conservative (April) ETF,2021-04-01,NA,NA,NA,NA,NA,NA,NA,NA,NA,NA,NA,NA,NA,NA,NA,NA,NA,NA,NA,NA,NA,NA,0.06273845888256546,-0.05517173289178723,0.11442999544584986,0.004359265804571466
PSCX,Pacer Swan SOS Conservative (January) ETF,2020-12-23,NA,NA,NA,NA,NA,NA,NA,NA,NA,NA,NA,NA,NA,NA,NA,NA,NA,NA,NA,NA,NA,0.008110029716181799,0.0902740291785098,-0.07347678829213367,0.16571294684100035,0.003436270600847946
PSEP,Innovator U.S. Equity Power Buffer ETF - September,2019-09-03,NA,NA,NA,NA,NA,NA,NA,NA,NA,NA,NA,NA,NA,NA,NA,NA,NA,NA,NA,NA,0.04621947612267041,0.08481954408015646,0.08846702387553695,-0.03741359503403985,0.18832259013938657,0.0028191579836820413
PSET,Principal Quality ETF,2016-03-22,NA,NA,NA,NA,NA,NA,NA,NA,NA,NA,NA,NA,NA,NA,NA,NA,NA,0.05671136156676293,0.243505409494009,-0.022903071270788944,0.34598276830984487,0.16198457143959222,0.2958822524612337,-0.1652008646971188,0.23813419530426305,-0.0053868433790248416
PSFD,Pacer Swan SOS Flex (January) ETF,2020-12-23,NA,NA,NA,NA,NA,NA,NA,NA,NA,NA,NA,NA,NA,NA,NA,NA,NA,NA,NA,NA,NA,0.013274371164331278,0.1823503579379071,-0.030601879619741035,0.20954570285976115,0.005053648720379611
PSFF,Pacer Swan SOS Fund of Funds ETF,2020-12-30,NA,NA,NA,NA,NA,NA,NA,NA,NA,NA,NA,NA,NA,NA,NA,NA,NA,NA,NA,NA,NA,0.0036920544865364224,0.11810294430359125,-0.041101789753628104,0.18395169248293097,0.0038640025004841316
PSFJ,Pacer Swan SOS Flex (July) ETF,2021-07-01,NA,NA,NA,NA,NA,NA,NA,NA,NA,NA,NA,NA,NA,NA,NA,NA,NA,NA,NA,NA,NA,NA,0.05371171328580715,-0.03808075242127107,0.2024893046038594,0.0031847102322188903
PSFM,Pacer Swan SOS Flex (April) ETF,2021-04-01,NA,NA,NA,NA,NA,NA,NA,NA,NA,NA,NA,NA,NA,NA,NA,NA,NA,NA,NA,NA,NA,NA,0.11649078725890738,-0.05234085798511223,0.18318007179349927,0.004810467464457346
PSFO,Pacer Swan SOS Flex (October) ETF,2021-10-01,NA,NA,NA,NA,NA,NA,NA,NA,NA,NA,NA,NA,NA,NA,NA,NA,NA,NA,NA,NA,NA,NA,0.04756373979508033,-0.0034179864300731833,0.20031518635280388,0.004710778331229903
PSI,Invesco Semiconductors ETF,2005-06-23,NA,NA,NA,NA,NA,NA,0.09752891286776655,0.0462566025835951,0.004072200776398471,-0.4561087592615801,0.48485642911004057,0.2109336352400364,-0.14040717269951464,0.06309632241857299,0.33785216201276014,0.4249428590643143,-0.0041535255821117945,0.4628807997111464,0.40805772718641475,-0.10232274395173979,0.543658978365765,0.5778725223562649,0.4682710285146843,-0.33658983369487505,0.4952765468025815,-0.049494964907867756
PSL,Invesco Dorsey Wright Consumer Staples Momentum ETF,2006-10-12,NA,NA,NA,NA,NA,NA,NA,0.05190504321131528,0.050324360733341456,-0.22023217396705064,0.19767947885055226,0.1950979401417674,0.09047150476157029,0.09024610871078331,0.34622436939901324,0.16674803556508788,0.12853998348217188,-0.0364007029099217,0.2181625235649809,0.009201441873613714,0.14162585561254937,0.18147553112617376,0.0687751764102853,-0.07761924123770969,0.12316379799832378,0.0031694089128671
PSMD,Pacer Swan SOS Moderate (January) ETF,2020-12-23,NA,NA,NA,NA,NA,NA,NA,NA,NA,NA,NA,NA,NA,NA,NA,NA,NA,NA,NA,NA,NA,0.009466923918289405,0.10710341310202609,-0.04470031344481906,0.17457145367448024,0.005265183119130157
PSMJ,Pacer Swan SOS Moderate (July) ETF,2021-07-02,NA,NA,NA,NA,NA,NA,NA,NA,NA,NA,NA,NA,NA,NA,NA,NA,NA,NA,NA,NA,NA,NA,0.03520273880269631,-0.024108815493539937,0.19801984463991573,0.0025675669781533017
PSMO,Pacer Swan SOS Moderate (October) ETF,2021-10-04,NA,NA,NA,NA,NA,NA,NA,NA,NA,NA,NA,NA,NA,NA,NA,NA,NA,NA,NA,NA,NA,NA,0.03620104679140246,-0.013201263148655884,0.20496889372322835,0.003370380417745622
PSMR,Pacer Swan SOS Moderate (April) ETF,2021-04-01,NA,NA,NA,NA,NA,NA,NA,NA,NA,NA,NA,NA,NA,NA,NA,NA,NA,NA,NA,NA,NA,NA,0.07368626447561955,-0.0411236366529143,0.16850252519202225,-9.627022684671749e-4
PSQ,ProShares Short QQQ,2006-06-21,NA,NA,NA,NA,NA,NA,NA,-0.06879187641678852,-0.11471363114044186,0.4659279057754675,-0.40202676146015737,-0.206091064916189,-0.09749060573663804,-0.18280588471794612,-0.2862730085456048,-0.18520558811362187,-0.1223940090133534,-0.09386993272546995,-0.24765160324519309,-0.023437964180295423,-0.2748499457839142,-0.41227747083088795,-0.24843865078336702,0.36402517971718074,-0.3201075133642767,0.0010548765152658124
PSR,Invesco Active U.S. Real Estate Fund,2008-11-21,NA,NA,NA,NA,NA,NA,NA,NA,NA,0.45012009232833394,0.30877175225909337,0.25180584166912445,0.11021880193127598,0.15026555391867924,0.015306695694299988,0.3276990670987845,0.00929609954324051,0.03985682615029984,0.11951329318866977,-0.04580507996331806,0.2875661129513982,-0.06043087966475558,0.4091476548102886,-0.25521304779888454,0.08334794163858561,-0.009183382049578803
PSTP,Innovator ETFs Trust Innovator Power Buffer Step-Up Strategy E,2022-03-08,NA,NA,NA,NA,NA,NA,NA,NA,NA,NA,NA,NA,NA,NA,NA,NA,NA,NA,NA,NA,NA,NA,NA,-0.02799969346181841,0.13637646933703174,0.003722663685524319
PTF,Invesco Dorsey Wright Technology Momentum ETF,2006-10-12,NA,NA,NA,NA,NA,NA,NA,0.015704913241511465,0.05257049255617807,-0.4105766670921187,0.4373832252402905,0.11263957807170688,-0.09168949806338222,0.14996183243971117,0.36324768522170814,0.10361642668091253,0.03440184325525064,0.013589950134030193,0.32182698379288577,0.0014426479394631375,0.46705900899676545,0.8206288561679642,0.18104919486427962,-0.3174841444350308,0.33726024359117823,-0.038606157454788015
PTH,Invesco Dorsey Wright Healthcare Momentum ETF,2006-10-12,NA,NA,NA,NA,NA,NA,NA,0.041382135721753865,0.1601076509088757,-0.34818747605886735,0.22002813102968788,0.1357867605885572,0.06852879956061053,0.1808246407718217,0.45770117011590084,0.14753746422058378,0.015104135651171191,-0.1290147376679326,0.5014582872390747,-0.01234904401656356,0.34447872830709203,0.6726227963321745,-0.03198597567907069,-0.20613101966965686,-0.04544349134385328,0.019672980832169396
PTLC,Pacer Fund Trust Pacer Trendpilot US Large Cap ETF,2015-06-12,NA,NA,NA,NA,NA,NA,NA,NA,NA,NA,NA,NA,NA,NA,NA,NA,-0.07079010461812851,0.04356735658891764,0.21405629222622613,0.014917014621610658,0.17583419692859725,-0.011461780526060061,0.269559887233936,-0.0861545620314691,0.1677559950983567,0.0030044156861548377
PTMC,Pacer Trendpilot US Mid Cap ETF,2015-06-12,NA,NA,NA,NA,NA,NA,NA,NA,NA,NA,NA,NA,NA,NA,NA,NA,-0.06947794175055388,0.15510476078166557,0.17786873675704995,1.5922594167605553e-4,0.010455618754348084,0.06578028740589104,0.12277478354141969,-0.13986420072495553,0.07289120825515916,-0.019172278040578306
PTNQ,Pacer Trendpilot 100 ETF,2015-06-12,NA,NA,NA,NA,NA,NA,NA,NA,NA,NA,NA,NA,NA,NA,NA,NA,-0.0339307292226011,-0.041080568058183164,0.3269709300724635,0.08505841696921812,0.2400102253240317,0.29384104209506634,0.13164470231652903,-0.16003436773342683,0.34649479371251424,0.0016837686708783828
PUI,Invesco Dorsey Wright Utilities Momentum ETF,2005-10-26,NA,NA,NA,NA,NA,NA,0.022370190245620147,0.24340277449149506,0.07320862639309378,-0.2072446573996367,0.03428652903962681,0.07105432757454877,0.07247968652580217,0.09414811296495751,0.2251001997873967,0.17428521247738793,-0.027211609932378145,0.18208567879093396,0.11848686141468923,0.061261579150516665,0.20948195280584425,-0.050529700762537266,0.15024010991139858,-0.021751852381505676,-0.044647597798387784,-0.011281749046475165
PVAL,Putnam Focused Large Cap Value ETF,2021-05-26,NA,NA,NA,NA,NA,NA,NA,NA,NA,NA,NA,NA,NA,NA,NA,NA,NA,NA,NA,NA,NA,NA,0.11441380937489698,-0.02610933029273521,0.18404276061384173,-0.006658243047732548
PWB,Invesco Large Cap Growth ETF,2005-03-03,NA,NA,NA,NA,NA,NA,0.06670771269752995,0.055479093938361146,0.12359194585761468,-0.4222958345250102,0.3466141167484298,0.13688215692825212,8.969111411347708e-4,0.18762921249420006,0.37363254577290084,0.13572993397476885,0.0766489354690183,0.02895507891490534,0.3070606093488737,0.008783569411887404,0.2468294133627984,0.3188896729545936,0.19541152891293434,-0.2580759155279616,0.30609030384190294,0.01943374769031614
PWER,Macquarie ETF Trust Macquarie Energy Transition ETF,2023-12-01,NA,NA,NA,NA,NA,NA,NA,NA,NA,NA,NA,NA,NA,NA,NA,NA,NA,NA,NA,NA,NA,NA,NA,NA,0.05921986419626557,-0.054657110122505737
PWV,Invesco Large Cap Value ETF,2005-03-03,NA,NA,NA,NA,NA,NA,0.08652322443246363,0.24213741799365485,0.05286007853481989,-0.27196521046779765,0.18609384111782878,0.1325395689487705,0.06440582745121137,0.1616272862514352,0.32633814265913585,0.12254055566407662,-0.04768737908945908,0.18851020012813713,0.1697753661293644,-0.14125516265075078,0.29840341980944385,-0.03773359152921896,0.28376839093245154,-0.011552773565326468,0.10360563077381069,3.9410016564689343e-4
PXE,Invesco Energy Exploration & Production ETF,2005-10-26,NA,NA,NA,NA,NA,NA,0.04459888781090782,0.12849363765250366,0.3490187440932102,-0.4492334139161477,0.1986876056868805,0.3998675694615792,-0.015072612636995886,0.2291470983383237,0.3020331533510592,-0.18092688037776516,-0.1923066947682026,0.1344289094981479,0.010405508948136521,-0.23350666302412848,-0.016889548395423004,-0.36762661717950074,0.9262021614462783,0.5832690551929003,0.07689533723999431,-0.014886701946649872
PXI,Invesco Dorsey Wright Energy Momentum ETF,2006-10-12,NA,NA,NA,NA,NA,NA,NA,0.07946729159447785,0.3012907660917483,-0.468553096984367,0.4218852012177121,0.39571690128394854,0.02633376345965588,0.13955946303853173,0.30470593621675834,-0.18448051737470794,-0.23834098356569244,0.30717230076767343,-0.08434081841661933,-0.2756108707951058,0.016699477999480905,-0.35908441556863036,0.7508096112486771,0.45828251668923836,0.05476777798045429,-0.020586220568721947
PXJ,Invesco Oil & Gas Services ETF,2005-10-26,NA,NA,NA,NA,NA,NA,0.10097389120654365,0.09834283085057627,0.3933601957267512,-0.5971520873666198,0.522562818576267,0.288087547382758,-0.076480681527748,0.009182575075239896,0.2713051112833622,-0.32082414598445597,-0.3221558804986694,0.08199925075766457,-0.24859662991911224,-0.4016791481564509,-0.018605586593107293,-0.4709528845748757,0.08952346690831159,0.612584855223737,0.14197518023407651,-0.025792950761353906
PYPY,Tidal Trust II YieldMax PYPL Option Income Strategy ETF,2023-09-26,NA,NA,NA,NA,NA,NA,NA,NA,NA,NA,NA,NA,NA,NA,NA,NA,NA,NA,NA,NA,NA,NA,NA,NA,0.060864950445547406,0.00467771512830728
PYZ,Invesco Dorsey Wright Basic Materials Momentum ETF,2006-10-12,NA,NA,NA,NA,NA,NA,NA,0.09291642655943222,0.27447660886837366,-0.4360791345944296,0.4757561008180038,0.28362442957415035,-0.0868091328477626,0.2866322715378491,0.2737411098804099,0.04012067552461618,-0.058418809556481155,0.22619274829431357,0.20008629349879814,-0.24324471500142575,0.20658559330783466,0.15392128173955855,0.32683712254908204,-0.15442385477338272,0.09553516960595076,-0.04196380875770633
QABA,First Trust NASDAQ ABA Community Bank Index Fund,2009-07-01,NA,NA,NA,NA,NA,NA,NA,NA,NA,NA,0.12242479852103405,0.1315039891213985,-0.06871692560756504,0.13492442294741736,0.43474279837379126,0.028000344044927905,0.07576034750186245,0.3739465132162596,0.007549231087452979,-0.16472471918209286,0.22854945591153975,-0.10700964670134228,0.34200276225917103,-0.09004715827286658,-0.021860085627629422,-0.04595626793856922
QARP,Xtrackers Russell 1000 US Quality at a Reasonable Price ETF ET,2018-04-05,NA,NA,NA,NA,NA,NA,NA,NA,NA,NA,NA,NA,NA,NA,NA,NA,NA,NA,NA,-0.05525414739874479,0.3069602457602798,0.148293503223194,0.3182585968432883,-0.14615205482887472,0.23026810462529457,0.0015645885605299892
QCLR,Global X Nasdaq 100 Collar 95-110 ETF,2021-08-26,NA,NA,NA,NA,NA,NA,NA,NA,NA,NA,NA,NA,NA,NA,NA,NA,NA,NA,NA,NA,NA,NA,0.03015778861276508,-0.18864976514010867,0.28872766229338476,3.772247753865976e-4
CONL,GraniteShares 1.5x COIN Daily ETF,2022-08-10,NA,NA,NA,NA,NA,NA,NA,NA,NA,NA,NA,NA,NA,NA,NA,NA,NA,NA,NA,NA,NA,NA,NA,-0.8034870586809102,6.416957395602261,-0.3576900377389791
CONY,Tidal ETF Trust II YieldMax COIN Option Income Strategy ETF,2023-08-15,NA,NA,NA,NA,NA,NA,NA,NA,NA,NA,NA,NA,NA,NA,NA,NA,NA,NA,NA,NA,NA,NA,NA,NA,0.8104628401154204,-0.21707526240701935
COPJ,Sprott Junior Copper Miners ETF,2023-02-02,NA,NA,NA,NA,NA,NA,NA,NA,NA,NA,NA,NA,NA,NA,NA,NA,NA,NA,NA,NA,NA,NA,NA,NA,-0.05300414927331765,-0.012499975380689698
COWG,Pacer US Large Cap Cash Cows Growth Leaders ETF,2022-12-30,NA,NA,NA,NA,NA,NA,NA,NA,NA,NA,NA,NA,NA,NA,NA,NA,NA,NA,NA,NA,NA,NA,NA,0,0.20681682568924264,0.001677810735012386
COWS,Amplify Cash Flow Dividend Leaders ETF,2023-09-13,NA,NA,NA,NA,NA,NA,NA,NA,NA,NA,NA,NA,NA,NA,NA,NA,NA,NA,NA,NA,NA,NA,NA,NA,0.09274770542331456,-0.0268975519032163
CPAI,Northern Lights Fund Trust III Counterpoint Quantitative Equit,2023-11-29,NA,NA,NA,NA,NA,NA,NA,NA,NA,NA,NA,NA,NA,NA,NA,NA,NA,NA,NA,NA,NA,NA,NA,NA,0.0668348300495687,-0.013851127666511642
CSM,ProShares Large Cap Core Plus,2009-07-14,NA,NA,NA,NA,NA,NA,NA,NA,NA,NA,0.2540045549193275,0.1414979458400194,0.005398906518374602,0.16671694838706475,0.35350710746288816,0.1647832733292931,-0.0027209218407659996,0.13428663915272976,0.225164575423771,-0.07884456848329557,0.29256152811072833,0.10943354995727939,0.32779832144261056,-0.18272236268978936,0.23507584369579249,0.004381921887231188
CSMD,Professionally Managed Portfolios Congress SMid Growth ETF,2023-08-21,NA,NA,NA,NA,NA,NA,NA,NA,NA,NA,NA,NA,NA,NA,NA,NA,NA,NA,NA,NA,NA,NA,NA,NA,0.06624142490761753,-0.017080682995431973
CTA,Simplify Exchange Traded Funds Simplify Managed Futures Strate,2022-03-08,NA,NA,NA,NA,NA,NA,NA,NA,NA,NA,NA,NA,NA,NA,NA,NA,NA,NA,NA,NA,NA,NA,NA,0.09551023877667886,-0.022340657615369408,-0.0029660887157942906
CTEX,ProShares S&P Kensho Cleantech ETF,2021-09-30,NA,NA,NA,NA,NA,NA,NA,NA,NA,NA,NA,NA,NA,NA,NA,NA,NA,NA,NA,NA,NA,NA,-0.06681743585074695,-0.20384998941398746,-0.1024872486202586,-0.13803915888606222
CURE,Direxion Daily Healthcare Bull 3x Shares,2011-06-15,NA,NA,NA,NA,NA,NA,NA,NA,NA,NA,NA,NA,-0.09692976016414512,0.5083007692659578,1.6468724823026841,0.7995948409236298,0.07421422018642909,-0.17455092346879386,0.6932428846233432,0.028176788261971675,0.5565846492802153,0.05017292224986347,0.882967983261093,-0.20507483027877982,-0.09404083658010376,0.08492234687499645
CVAR,ETF Opportunities Trust Cultivar ETF,2021-12-23,NA,NA,NA,NA,NA,NA,NA,NA,NA,NA,NA,NA,NA,NA,NA,NA,NA,NA,NA,NA,NA,NA,0.007177758057925754,-0.05028211738919275,0.11739862148443492,-0.025058596756151408
CVLC,Morgan Stanley ETF Trust Calvert US Large-Cap Core Responsible,2023-02-01,NA,NA,NA,NA,NA,NA,NA,NA,NA,NA,NA,NA,NA,NA,NA,NA,NA,NA,NA,NA,NA,NA,NA,NA,0.17142350489140057,2.5125446716312005e-4
CVMC,Morgan Stanley ETF Trust Calvert US Mid-Cap Core Responsible I,2023-02-01,NA,NA,NA,NA,NA,NA,NA,NA,NA,NA,NA,NA,NA,NA,NA,NA,NA,NA,NA,NA,NA,NA,NA,NA,0.04401934337638269,-0.0182648724540041
CVRD,Madison ETFs Trust Madison Covered Call ETF,2023-08-22,NA,NA,NA,NA,NA,NA,NA,NA,NA,NA,NA,NA,NA,NA,NA,NA,NA,NA,NA,NA,NA,NA,NA,NA,0.03623947084683077,-0.0013487416965792809
CVSE,Morgan Stanley ETF Trust Calvert US Select Equity ETF,2023-02-01,NA,NA,NA,NA,NA,NA,NA,NA,NA,NA,NA,NA,NA,NA,NA,NA,NA,NA,NA,NA,NA,NA,NA,NA,0.13352843309438622,0.002888118078075319
CWS,AdvisorShares Focused Equity ETF,2016-09-21,NA,NA,NA,NA,NA,NA,NA,NA,NA,NA,NA,NA,NA,NA,NA,NA,NA,0.030081171754314573,0.20920599966464581,-0.05940403718382703,0.30965226645757116,0.17125616008986477,0.22000920920136147,-0.10419048075994164,0.25056380545501034,-0.00917057857485426
CZA,Invesco Zacks Mid-Cap ETF,2007-04-03,NA,NA,NA,NA,NA,NA,NA,NA,0.019824984344806618,-0.3601830683717324,0.44438703919818767,0.22598511263053833,0.03724460364719007,0.1483519991006106,0.3588942610938477,0.0985497913218556,-0.019151625721487875,0.15616821259931846,0.21902235497183664,-0.08890272969925639,0.3227228740676076,0.0035177142562803354,0.27421288756263906,-0.05912512041846918,0.06999419746240787,-0.013005023477813404
CZAR,Themes Natural Monopoly ETF,2023-12-13,NA,NA,NA,NA,NA,NA,NA,NA,NA,NA,NA,NA,NA,NA,NA,NA,NA,NA,NA,NA,NA,NA,NA,NA,0.023443471778936464,-0.0046350840012840955
DALI,First Trust Dorsey Wright DALI 1 ETF,2018-05-15,NA,NA,NA,NA,NA,NA,NA,NA,NA,NA,NA,NA,NA,NA,NA,NA,NA,NA,NA,-0.14924620271135125,0.253943341886822,0.0451398282315556,0.22274065300624857,-0.0809898898248137,-0.08478339565457793,0.001391497559770194
DAPR,FT Vest U.S. Equity Deep Buffer ETF - April,2021-04-19,NA,NA,NA,NA,NA,NA,NA,NA,NA,NA,NA,NA,NA,NA,NA,NA,NA,NA,NA,NA,NA,NA,0.053431048204328535,-0.06842908636651057,0.09843861561446543,0.004635281469483665
DAUG,FT Vest U.S. Equity Deep Buffer ETF - August,2019-11-07,NA,NA,NA,NA,NA,NA,NA,NA,NA,NA,NA,NA,NA,NA,NA,NA,NA,NA,NA,NA,0.01661028578294288,0.0801291072796051,0.06714984631215404,-0.11951111134136294,0.13849612306271886,0.0022579174617092246
DBMF,iMGP DBi Managed Futures Strategy ETF,2019-05-08,NA,NA,NA,NA,NA,NA,NA,NA,NA,NA,NA,NA,NA,NA,NA,NA,NA,NA,NA,NA,0.10668567838658105,0.01732683994560613,0.11492375165828816,0.21603151226018857,-0.0893563185979428,0.012810555930665712
DCOR,Dimensional ETF Trust Dimensional US Core Equity 1 ETF,2023-09-13,NA,NA,NA,NA,NA,NA,NA,NA,NA,NA,NA,NA,NA,NA,NA,NA,NA,NA,NA,NA,NA,NA,NA,NA,0.07834510211284185,-0.005909228098786912
DDEC,FT Vest U.S. Equity Deep Buffer ETF - December,2020-12-21,NA,NA,NA,NA,NA,NA,NA,NA,NA,NA,NA,NA,NA,NA,NA,NA,NA,NA,NA,NA,NA,0.0075347203947315755,0.07616112691218913,-0.06705274827359087,0.16818029098874065,0.0028525418602702857
DDM,ProShares Ultra Dow30,2006-06-21,NA,NA,NA,NA,NA,NA,NA,0.25148819637023045,0.08628273915586271,-0.6184082351066527,0.3968102336133179,0.2535058862316659,0.10354990070762149,0.17687637093546016,0.6466413835281852,0.17956163036342,-0.03286385698262917,0.3108198287244357,0.5956192701042327,-0.1346094578497402,0.4798072453665605,0.021376914169857653,0.41772562034585525,-0.19481539639770473,0.2433939911601315,-0.008206053950154946
DECT,AIM ETF Products Trust AllianzIM U.S. Large Cap Buffer10 Dec E,2022-12-01,NA,NA,NA,NA,NA,NA,NA,NA,NA,NA,NA,NA,NA,NA,NA,NA,NA,NA,NA,NA,NA,NA,NA,-0.043278783313932645,0.1934958816857002,0.002934382568328342
DECW,AIM ETF Products Trust AllianzIM U.S. Large Cap Buffer20 Dec E,2022-12-01,NA,NA,NA,NA,NA,NA,NA,NA,NA,NA,NA,NA,NA,NA,NA,NA,NA,NA,NA,NA,NA,NA,NA,-0.027643905867157925,0.16156652154950057,0.0037030345241206852
DECZ,TrueShares Structured Outcome (December) ETF,2020-12-01,NA,NA,NA,NA,NA,NA,NA,NA,NA,NA,NA,NA,NA,NA,NA,NA,NA,NA,NA,NA,NA,0.016426875866180746,0.2014738550562425,-0.08932091148327259,0.18321445338065612,0.0034472143803687683
DEEP,Roundhill Acquirers Deep Value ETF,2014-09-23,NA,NA,NA,NA,NA,NA,NA,NA,NA,NA,NA,NA,NA,NA,NA,0.03173489761391313,-0.10726345642841251,0.22260600439094635,0.2718984196650911,-0.059952117244643666,0.12532916437258157,-0.09959593413163981,0.35660436903728465,-0.17709813964150944,0.22368236759882598,-0.038436119111388
DEFI,Tidal Commodities Trust I Hashdex Bitcoin Futures ETF,2022-09-16,NA,NA,NA,NA,NA,NA,NA,NA,NA,NA,NA,NA,NA,NA,NA,NA,NA,NA,NA,NA,NA,NA,NA,-0.13692499848174133,1.3718148315514198,0.03280364296582583
DEMZ,Democratic Large Cap Core ETF,2020-11-04,NA,NA,NA,NA,NA,NA,NA,NA,NA,NA,NA,NA,NA,NA,NA,NA,NA,NA,NA,NA,NA,0.09959116032004545,0.32651958037573237,-0.19012226286725675,0.2443202605198449,-9.863717343384648e-4
DES,WisdomTree U.S. SmallCap Dividend Fund,2006-06-16,NA,NA,NA,NA,NA,NA,NA,0.1640933542071168,-0.12453267011366365,-0.2823041089994327,0.2229077558711945,0.27037976862968716,-0.01999666002665179,0.18308789394237812,0.3674077176615296,0.07567332563061102,-0.0591553356629646,0.31392134429164464,0.08639684554701188,-0.12848184560319775,0.20255024219516704,-0.04259341513581549,0.26504807196693414,-0.10959388790319402,0.16497622159763559,-0.03512581031194428
DESK,VanEck ETF Trust VanEck Office and Commercial REIT ETF,2023-09-21,NA,NA,NA,NA,NA,NA,NA,NA,NA,NA,NA,NA,NA,NA,NA,NA,NA,NA,NA,NA,NA,NA,NA,NA,0.1888769036993676,-0.002310036700963747
DFAC,Dimensional ETF Trust Dimensional U.S. Core Equity 2 ETF,2021-06-14,NA,NA,NA,NA,NA,NA,NA,NA,NA,NA,NA,NA,NA,NA,NA,NA,NA,NA,NA,NA,NA,NA,0.095158745829244,-0.14929066262256296,0.21961586361766505,-0.00889497888996349
DFAS,Dimensional U.S. Small Cap ETF,2021-06-14,NA,NA,NA,NA,NA,NA,NA,NA,NA,NA,NA,NA,NA,NA,NA,NA,NA,NA,NA,NA,NA,NA,0.049419046949055856,-0.13843205269363057,0.1783451880143283,-0.03438442257274521
DFAT,Dimensional U.S. Targeted Value ETF,2021-06-14,NA,NA,NA,NA,NA,NA,NA,NA,NA,NA,NA,NA,NA,NA,NA,NA,NA,NA,NA,NA,NA,NA,0.05075660014974437,-0.06232311070376351,0.20864007863299405,-0.03649920877655888
DFAU,Dimensional US Core Equity Market ETF,2020-11-19,NA,NA,NA,NA,NA,NA,NA,NA,NA,NA,NA,NA,NA,NA,NA,NA,NA,NA,NA,NA,NA,0.06010756337665413,0.26889774549613477,-0.16988685151764915,0.24790997019346128,-0.002406070106907854
DFEB,FT Vest U.S. Equity Deep Buffer ETF - February,2020-02-24,NA,NA,NA,NA,NA,NA,NA,NA,NA,NA,NA,NA,NA,NA,NA,NA,NA,NA,NA,NA,NA,0.06758988293985757,0.08832614317507925,-0.054057959797379374,0.12464384905081727,0.0056014690603034545
DFEN,Direxion Daily Aerospace & Defense Bull 3X Shares,2017-05-03,NA,NA,NA,NA,NA,NA,NA,NA,NA,NA,NA,NA,NA,NA,NA,NA,NA,NA,0.8356538792278883,-0.32864402813555715,0.9509140933031521,-0.7023421502527587,0.12727693360134573,0.06992901627094494,0.24701564124197195,-0.10371576283860207
DFHY,TrimTabs ETF Trust Donoghue Forlines Tactical High Yield ETF,2020-12-08,NA,NA,NA,NA,NA,NA,NA,NA,NA,NA,NA,NA,NA,NA,NA,NA,NA,NA,NA,NA,NA,0.008631461431947374,0.01293413179670666,-0.14487645626743273,0.06505449811925912,0.004045648907505139
DFLV,Dimensional ETF Trust Dimensional US Large Cap Value ETF,2022-12-07,NA,NA,NA,NA,NA,NA,NA,NA,NA,NA,NA,NA,NA,NA,NA,NA,NA,NA,NA,NA,NA,NA,NA,-0.006772864276629265,0.12307143703909951,-0.007393673243317744
DFNL,Davis Fundamental ETF Trust Davis Select Financial ETF,2017-01-12,NA,NA,NA,NA,NA,NA,NA,NA,NA,NA,NA,NA,NA,NA,NA,NA,NA,NA,0.20464993349530092,-0.11592842190184094,0.2736506238298273,-0.049724799745429316,0.31252337725049917,-0.08449316159665621,0.1445031046762275,-0.010175781952768914
DFNV,TrimTabs ETF Trust Donoghue Forlines Risk Managed Innovation E,2020-12-08,NA,NA,NA,NA,NA,NA,NA,NA,NA,NA,NA,NA,NA,NA,NA,NA,NA,NA,NA,NA,NA,0.029190489889074023,0.1851398082852409,-0.24048741150945818,0.26917668289337215,0.010761581561601119
DFRA,Donoghue Forlines Yield Enhanced Real Asset ETF,2021-12-15,NA,NA,NA,NA,NA,NA,NA,NA,NA,NA,NA,NA,NA,NA,NA,NA,NA,NA,NA,NA,NA,NA,0.031099473738918082,0.0741680686907007,0.1716026543517586,-0.016999592551282694
DFSU,Dimensional ETF Trust Dimensional US Sustainability Core 1 ETF,2022-11-02,NA,NA,NA,NA,NA,NA,NA,NA,NA,NA,NA,NA,NA,NA,NA,NA,NA,NA,NA,NA,NA,NA,NA,0.00646971163931398,0.2626999480486123,-0.004497250029639521
DFSV,Dimensional ETF Trust Dimensional US Small Cap Value ETF,2022-02-24,NA,NA,NA,NA,NA,NA,NA,NA,NA,NA,NA,NA,NA,NA,NA,NA,NA,NA,NA,NA,NA,NA,NA,0.006074138472092594,0.1926250705294117,-0.03708790839906051
DFUS,Dimensional U.S. Equity ETF,2021-06-14,NA,NA,NA,NA,NA,NA,NA,NA,NA,NA,NA,NA,NA,NA,NA,NA,NA,NA,NA,NA,NA,NA,0.1190279211515497,-0.1834109301640674,0.2636006393276531,-7.717714473121084e-4
DFUV,Dimensional ETF Trust Dimensional US Marketwide Value ETF,2022-05-09,NA,NA,NA,NA,NA,NA,NA,NA,NA,NA,NA,NA,NA,NA,NA,NA,NA,NA,NA,NA,NA,NA,NA,0.01216279899582684,0.13258551966719612,-0.012627651942195395
DFVX,Dimensional ETF Trust Dimensional US Large Cap Vector ETF,2023-11-02,NA,NA,NA,NA,NA,NA,NA,NA,NA,NA,NA,NA,NA,NA,NA,NA,NA,NA,NA,NA,NA,NA,NA,NA,0.09854591782094912,-2.493221765622611e-4
DHS,WisdomTree U.S. High Dividend Fund,2006-06-16,NA,NA,NA,NA,NA,NA,NA,0.1683038840142368,-0.045618228526049354,-0.38955487215608675,0.17145288124184987,0.17630831889384457,0.1426109932390771,0.11076875236286865,0.24490382976677583,0.1519391716909837,-0.009790761026071237,0.17824169064327577,0.11691219036373557,-0.07414620483220813,0.22592487275387074,-0.05699303654017629,0.2320343923388617,0.07967987741280269,-0.0018614503800877813,-0.004380635300738622
DIA,SPDR Dow Jones Industrial Average ETF,1999-12-31,0,-0.060472554380195276,-0.049725717307713135,-0.14695297202158664,0.2790297417074774,0.05022567202638917,0.01608778893728746,0.1891426281748958,0.08795789600027049,-0.3213574656335283,0.22742672044416468,0.14011496039646154,0.08059239098963467,0.09936972717407588,0.29641382511092007,0.09722555808093358,9.011420766060763e-4,0.16372200342785526,0.28084192703337085,-0.03742629921772833,0.25026630290435947,0.09590255818427074,0.20825810240525766,-0.0701535471497785,0.16019165047078832,-0.002547274836192881
DIG,ProShares Ultra Energy,2007-02-01,NA,NA,NA,NA,NA,NA,NA,NA,0.6656231109934874,-0.7229918555931246,0.2052426244834844,0.3363657957599189,-0.0404245957935323,0.04372294289515177,0.5317526760934062,-0.2194714980434771,-0.4397289260779562,0.4764453043476711,-0.07390478187939731,-0.4011263799269501,0.12510560458173758,-0.7035548428592394,1.1401533536880395,1.2534156661000297,-0.13045592877503265,-0.03102893718738875
DIP,ETF Series Solutions BTD Capital Fund,2022-12-13,NA,NA,NA,NA,NA,NA,NA,NA,NA,NA,NA,NA,NA,NA,NA,NA,NA,NA,NA,NA,NA,NA,NA,-0.03702376011687958,0.07381478444618628,-0.0034044933970375224
DISO,Tidal ETF Trust II YieldMax DIS Option Income Strategy ETF,2023-08-25,NA,NA,NA,NA,NA,NA,NA,NA,NA,NA,NA,NA,NA,NA,NA,NA,NA,NA,NA,NA,NA,NA,NA,NA,0.09094853879346676,0.005586978371481699
DIV,Global X Super Dividend ETF,2013-03-12,NA,NA,NA,NA,NA,NA,NA,NA,NA,NA,NA,NA,NA,NA,0.08511374259965576,0.17432406706236225,-0.1059001409307192,0.09243953452858755,0.09926551676063156,-0.06590157623682291,0.14526187311726613,-0.22832764522959847,0.3001169447084009,-0.03920759101043936,-0.023099691516057064,-0.0034924019136546303
DIVB,iShares Core Dividend ETF,2017-11-09,NA,NA,NA,NA,NA,NA,NA,NA,NA,NA,NA,NA,NA,NA,NA,NA,NA,NA,0.05948697090734556,-0.08165294831499514,0.32723796799174054,0.10778488725342794,0.3129048849673137,-0.10513361989346348,0.13272083033688742,-0.006333698571630464
DIVG,Invesco Exchange-Traded Fund Trust II Invesco S&P 500 High Div,2023-12-11,NA,NA,NA,NA,NA,NA,NA,NA,NA,NA,NA,NA,NA,NA,NA,NA,NA,NA,NA,NA,NA,NA,NA,NA,0.04406444078987248,-0.007415340033470441
DIVL,Madison ETFs Trust Madison Dividend Value ETF,2023-08-15,NA,NA,NA,NA,NA,NA,NA,NA,NA,NA,NA,NA,NA,NA,NA,NA,NA,NA,NA,NA,NA,NA,NA,NA,0.01460195285854593,-0.0076626376110024985
DIVO,Amplify CWP Enhanced Dividend Income ETF,2016-12-15,NA,NA,NA,NA,NA,NA,NA,NA,NA,NA,NA,NA,NA,NA,NA,NA,NA,-0.004800005481300107,0.21405365802037046,-0.031806036964922124,0.24896161565396224,0.11925622969015048,0.22876316990781875,-0.01459814833758466,0.06951876492843612,0.002462384527128325
DIVY,Sound Equity Dividend Income ETF,2021-01-04,NA,NA,NA,NA,NA,NA,NA,NA,NA,NA,NA,NA,NA,NA,NA,NA,NA,NA,NA,NA,NA,NA,5.7109081039728276,0.03215420559598092,0.04616482542232703,-0.006621485222866319
DIVZ,TrueShares Low Volatility Equity Income ETF,2021-01-28,NA,NA,NA,NA,NA,NA,NA,NA,NA,NA,NA,NA,NA,NA,NA,NA,NA,NA,NA,NA,NA,NA,0.19747217197343825,0.035024396670338964,-0.00509135628112245,7.204775792062357e-4
DJAN,FT Vest U.S. Equity Deep Buffer ETF - January,2021-01-19,NA,NA,NA,NA,NA,NA,NA,NA,NA,NA,NA,NA,NA,NA,NA,NA,NA,NA,NA,NA,NA,NA,0.06717017167464667,-0.057262605549425305,0.13810698583783432,0.002024868251147227
DJIA,Global X Funds Global X Dow 30 Covered Call ETF,2022-02-24,NA,NA,NA,NA,NA,NA,NA,NA,NA,NA,NA,NA,NA,NA,NA,NA,NA,NA,NA,NA,NA,NA,NA,-0.02797052238285569,0.09152353296667792,0.0013692691398650148
DJUL,FT Vest U.S. Equity Deep Buffer ETF - July,2020-07-20,NA,NA,NA,NA,NA,NA,NA,NA,NA,NA,NA,NA,NA,NA,NA,NA,NA,NA,NA,NA,NA,0.04507736066416679,0.06178519873678345,-0.08278934280012129,0.18081529373971272,0.0024932080852058114
DJUN,FT Vest U.S. Equity Deep Buffer ETF - June,2020-06-22,NA,NA,NA,NA,NA,NA,NA,NA,NA,NA,NA,NA,NA,NA,NA,NA,NA,NA,NA,NA,NA,0.06484215304190921,0.0627118582301005,-0.06301291278043586,0.17575516236133915,0.004185212076617706
DLN,WisdomTree U.S. LargeCap Dividend Fund,2006-06-16,NA,NA,NA,NA,NA,NA,NA,0.15924570700541407,0.02416758610675518,-0.3509693690739455,0.17383413122032731,0.14974301005116986,0.0946638435207916,0.12740489324816529,0.2734515397301507,0.1424652633498602,-0.01602084081986699,0.15509552749658284,0.18223218081276915,-0.05814596236218894,0.2891104995494087,0.045913835189999475,0.2559671508561523,-0.03778712356669078,0.09687438619953403,0.003615629754364136
DMAR,FT Vest U.S. Equity Deep Buffer ETF - March,2021-03-22,NA,NA,NA,NA,NA,NA,NA,NA,NA,NA,NA,NA,NA,NA,NA,NA,NA,NA,NA,NA,NA,NA,0.07044617306581835,-0.054841742662744775,0.12248011481530519,0.00313106258147533
DMAY,FT Vest U.S. Equity Deep Buffer ETF - May,2020-05-19,NA,NA,NA,NA,NA,NA,NA,NA,NA,NA,NA,NA,NA,NA,NA,NA,NA,NA,NA,NA,NA,0.06747065431009802,0.06140462860806295,-0.09985329860844383,0.15401086938764652,0.0047355953955299235
DNOV,FT Vest U.S. Equity Deep Buffer ETF - November,2019-11-18,NA,NA,NA,NA,NA,NA,NA,NA,NA,NA,NA,NA,NA,NA,NA,NA,NA,NA,NA,NA,0.01470152907643385,0.07486291123935507,0.06034218669065816,-0.07502835642060424,0.18518528897588626,0.003099145870393283
DOCT,FT Vest U.S. Equity Deep Buffer ETF - October,2020-08-17,NA,NA,NA,NA,NA,NA,NA,NA,NA,NA,NA,NA,NA,NA,NA,NA,NA,NA,NA,NA,NA,1.4569362186943495,0.06884835816778567,-0.052704791558729536,0.16129036188270596,0.005225484695258631
DOG,ProShares Short Dow30,2006-06-21,NA,NA,NA,NA,NA,NA,NA,-0.07930173476958091,-0.01364808785020033,0.3083713288229766,-0.2366155770501025,-0.15287581287685348,-0.12474644618267694,-0.11340218261080703,-0.24098826929803963,-0.10838749618946897,-0.02920977792316748,-0.1575222920739514,-0.21507328294587602,0.03554313047071922,-0.18431159294001442,-0.20449154443047812,-0.19209180519426383,0.05671642732557225,-0.07045849214853461,0.006397259994217697
DON,WisdomTree U.S. MidCap Dividend Fund,2006-06-16,NA,NA,NA,NA,NA,NA,NA,0.14768678029299598,-0.05868254245848936,-0.32327305943002194,0.3199551600643251,0.2164358215195734,0.05324872214752707,0.14406580449070172,0.33259000201962974,0.1530116200762559,-0.012410435594871427,0.20351734411354272,0.14862280785830162,-0.08259558759065855,0.23311056478691272,-0.05402043894854314,0.30291782115965504,-0.04718260520899942,0.1372558384330438,-0.013569685938277343
DPST,Direxion Daily Regional Banks Bull 3X Shares,2015-08-20,NA,NA,NA,NA,NA,NA,NA,NA,NA,NA,NA,NA,NA,NA,NA,NA,-0.07108470274549472,1.073170967357136,0.06988728390298293,-0.5721545217727251,0.6836030293041733,-0.769617992169352,1.0701987119838572,-0.545754297530118,-0.5597507504611101,-0.12125887594846596
DRLL,EA Series Trust Strive U.S. Energy ETF,2022-08-09,NA,NA,NA,NA,NA,NA,NA,NA,NA,NA,NA,NA,NA,NA,NA,NA,NA,NA,NA,NA,NA,NA,NA,0.16554394140668638,-0.01843041273066215,-0.01354720752592875
DRN,Direxion Daily Real Estate Bull 3X Shares,2009-07-16,NA,NA,NA,NA,NA,NA,NA,NA,NA,NA,1.5097831104693302,0.6314166151867062,-0.050910844258087895,0.5030899531567918,-0.022451817773789462,1.082101837404517,-0.042094620542827865,0.13461288795906223,0.0750416302501824,-0.2511017989480604,0.8186055878199296,-0.5536033152471687,1.5293780568681954,-0.6725418289261244,0.1203033584824229,-0.045197697496120015
DRUP,GraniteShares Nasdaq Select Disruptors ETF,2019-10-07,NA,NA,NA,NA,NA,NA,NA,NA,NA,NA,NA,NA,NA,NA,NA,NA,NA,NA,NA,NA,0.1131913252491159,0.2871116096992621,0.2612790525108346,-0.2817859063464514,0.4232530350216277,0.0048149345249854925
DRV,Direxion Daily Real Estate Bear 3X Shares,2009-07-16,NA,NA,NA,NA,NA,NA,NA,NA,NA,NA,-0.7826087456507135,-0.7173620540226574,-0.5684619645034072,-0.46731858819674266,-0.22270539649943344,-0.595866910267399,-0.24875057984954463,-0.35363353380832563,-0.1710213831750681,0.05065647841398113,-0.5170159853305549,-0.6047899977830317,-0.6876579295497955,0.6851460006890449,-0.3373950804398309,0.041315159376547284
DSEP,FT Vest U.S. Equity Deep Buffer ETF - September,2020-09-21,NA,NA,NA,NA,NA,NA,NA,NA,NA,NA,NA,NA,NA,NA,NA,NA,NA,NA,NA,NA,NA,0.049157120384566655,0.06420724650277543,-0.07446555823581658,0.18864599216885591,0.0035134543680233055
DSMC,ETF Series Solutions Distillate Small/Mid Cash Flow ETF,2022-10-06,NA,NA,NA,NA,NA,NA,NA,NA,NA,NA,NA,NA,NA,NA,NA,NA,NA,NA,NA,NA,NA,NA,NA,0.0867743260506455,0.29499482259628684,-0.027874538988168163
DSTL,Distillate U.S. Fundamental Stability & Value ETF,2018-10-24,NA,NA,NA,NA,NA,NA,NA,NA,NA,NA,NA,NA,NA,NA,NA,NA,NA,NA,NA,-0.062310446350442694,0.3547249643657133,0.19308398492837076,0.2887071376771797,-0.10643655433717214,0.22709797925925934,-0.004253576848611829
DTD,WisdomTree U.S. Total Dividend Fund,2006-06-16,NA,NA,NA,NA,NA,NA,NA,0.15505521940711287,0.011615003893199694,-0.34830856538952804,0.19663765580384984,0.16315015527147847,0.08418796810266227,0.13109477207318854,0.28072009165829526,0.14247117229201178,-0.01656707035576699,0.16062372497211075,0.1735408195475563,-0.06466901569944161,0.28185434779796426,0.024484374963706923,0.26254724167119403,-0.038269898692118165,0.10352857321761255,-1.5286796047420115e-4
DUBS,ETF Series Solutions Aptus Large Cap Enhanced Yield ETF,2023-08-14,NA,NA,NA,NA,NA,NA,NA,NA,NA,NA,NA,NA,NA,NA,NA,NA,NA,NA,NA,NA,NA,NA,NA,NA,0.0428783829236461,0.007374705513375046
DUG,ProShares UltraShort Energy,2007-02-01,NA,NA,NA,NA,NA,NA,NA,NA,-0.4630764610649106,-0.10646956859368395,-0.49121402719211804,-0.4125588912091078,-0.3150721316401467,-0.17908711658378507,-0.4152803503525768,0.0839261064728869,0.3473940351813709,-0.47933772165742483,-0.010956712435400529,0.36138265636148104,-0.23469734477362114,-0.2458814841004523,-0.6812348042393488,-0.7298315627979826,-0.02276507980391096,0.02923475057972813
DUHP,Dimensional ETF Trust Dimensional US High Profitability ETF,2022-02-24,NA,NA,NA,NA,NA,NA,NA,NA,NA,NA,NA,NA,NA,NA,NA,NA,NA,NA,NA,NA,NA,NA,NA,-0.025537597923984356,0.21111766465579151,0.0010485417216670179
DULL,Bank Of Montreal MicroSectors Gold -3X Inverse Leveraged ETNs ,2023-02-22,NA,NA,NA,NA,NA,NA,NA,NA,NA,NA,NA,NA,NA,NA,NA,NA,NA,NA,NA,NA,NA,NA,NA,NA,-0.29559132945882594,0.027580894863991512
DURA,VanEck Durable High Dividend ETF,2018-10-31,NA,NA,NA,NA,NA,NA,NA,NA,NA,NA,NA,NA,NA,NA,NA,NA,NA,NA,NA,-0.03807357387473065,0.26587285292417695,3.6540248986938195e-4,0.15525835703306434,0.023995398711778915,-0.009658198007434726,0.004837136969465972
DUSA,Davis Fundamental ETF Trust Davis Select U.S. Equity ETF,2017-01-12,NA,NA,NA,NA,NA,NA,NA,NA,NA,NA,NA,NA,NA,NA,NA,NA,NA,NA,0.16914113874488734,-0.11929950695658431,0.30540612590859073,0.14221009303098753,0.17710327297723794,-0.19566638432804673,0.3416527189334473,-0.0017015757643161766
DUSL,Direxion Daily Industrials Bull 3X Shares,2017-05-03,NA,NA,NA,NA,NA,NA,NA,NA,NA,NA,NA,NA,NA,NA,NA,NA,NA,NA,0.48289549259575626,-0.4627670292125875,0.9069887968702186,-0.19770760752865468,0.6071962013484848,-0.3117382174305606,0.37226529746181836,-0.05414546629682304
DVAL,BrandywineGLOBAL-Dynamic US Large Cap Value ETF,2022-10-31,NA,NA,NA,NA,NA,NA,NA,NA,NA,NA,NA,NA,NA,NA,NA,NA,NA,NA,NA,NA,NA,NA,NA,0.017720178190681946,0.08736715330244915,-0.001625392707650608
DVDN,ETF Opportunities Trust Kingsbarn Dividend Opportunity ETF,2023-11-02,NA,NA,NA,NA,NA,NA,NA,NA,NA,NA,NA,NA,NA,NA,NA,NA,NA,NA,NA,NA,NA,NA,NA,NA,0.14960731468555677,0.008768387465789118
DVLU,First Trust Dorsey Wright Momentum & Value ETF,2018-10-18,NA,NA,NA,NA,NA,NA,NA,NA,NA,NA,NA,NA,NA,NA,NA,NA,NA,NA,NA,-0.18637623262862046,0.3358950934464018,-0.06700957581737366,0.4171894117971495,-0.09735678609617793,0.1883618252255035,-0.012321898470735282
DVND,Touchstone ETF Trust Touchstone Dividend Select ETF,2022-08-05,NA,NA,NA,NA,NA,NA,NA,NA,NA,NA,NA,NA,NA,NA,NA,NA,NA,NA,NA,NA,NA,NA,NA,0.009941561527909926,0.14039519391663124,-0.0012756884797794354
DVOL,First Trust Dorsey Wright Momentum & Low Volatility ETF,2018-10-18,NA,NA,NA,NA,NA,NA,NA,NA,NA,NA,NA,NA,NA,NA,NA,NA,NA,NA,NA,-0.060114866288263014,0.26109224425609834,0.11145433242230629,0.300810088826156,-0.16114169949091683,0.05412610795574091,0.0051225536055343746
DVY,iShares Select Dividend ETF,2003-11-07,NA,NA,NA,NA,0.0710011161323516,0.17936760832971133,0.028158678524496716,0.1944025571357333,-0.05688625085957588,-0.3287828857355689,0.11176543319493404,0.1776724482232075,0.11817571123361681,0.10480144813444103,0.28860228159126367,0.14865118960827872,-0.020789745241664215,0.2163550471053659,0.148191721720909,-0.06355203877535331,0.22614173173263685,-0.049094979382877435,0.316961254268729,0.017959463860482527,0.011208933659919484,-0.00691006270396366
DWAS,Invesco Dorsey Wright SmallCap Momentum ETF,2012-07-19,NA,NA,NA,NA,NA,NA,NA,NA,NA,NA,NA,NA,NA,0.06626487422159988,0.5011302720080428,-0.01592139959736183,-0.03510574477218398,0.08034236801561412,0.2083682263597757,-0.10681496846256311,0.3139487127353595,0.32324497256827533,0.19746771684290776,-0.18508863078325544,0.16883459798506428,-0.03174607510496452
QDEC,FT Vest Nasdaq-100 Buffer ETF - December,2020-12-21,NA,NA,NA,NA,NA,NA,NA,NA,NA,NA,NA,NA,NA,NA,NA,NA,NA,NA,NA,NA,NA,0.013680645577187844,0.17231080702029677,-0.22259989272177183,0.29289622042697516,0.002535903057029998
QDEF,FlexShares Quality Dividend Defensive Index Fund,2012-12-19,NA,NA,NA,NA,NA,NA,NA,NA,NA,NA,NA,NA,NA,-0.027436826956732996,0.33464514038196214,0.14079455346441527,-0.006479880791386838,0.15449555406328996,0.17039360212697452,-0.040973902295503906,0.24905055588271252,0.03150954798311578,0.2603689513137517,-0.10941614016269274,0.17485855916262527,0.008973903944685002
QDF,FlexShares Quality Dividend Index Fund,2012-12-19,NA,NA,NA,NA,NA,NA,NA,NA,NA,NA,NA,NA,NA,-0.018386478324478372,0.362893155389058,0.11783328065127896,-0.009295369696197597,0.16274443189490428,0.17420443058585677,-0.07973273165525963,0.25710764662664953,0.0486349350311579,0.26646452110903596,-0.12130993271844981,0.19710892804196556,3.250521397768491e-4
QDIV,Global X S&P 500 Quality Dividend ETF,2018-07-17,NA,NA,NA,NA,NA,NA,NA,NA,NA,NA,NA,NA,NA,NA,NA,NA,NA,NA,NA,-0.1220095573009865,0.29015310339913425,3.7801587029995254e-4,0.28989623208881854,-0.004983638061335394,0.04889103540283157,-0.00551480625375389
QDPL,Pacer Metaurus US Large Cap Dividend Multiplier 400 ETF,2021-07-27,NA,NA,NA,NA,NA,NA,NA,NA,NA,NA,NA,NA,NA,NA,NA,NA,NA,NA,NA,NA,NA,NA,0.07183838645263907,-0.16248228236861462,0.23657336575442445,0.003328309013339137
QGRO,American Century U.S. Quality Growth ETF,2018-09-12,NA,NA,NA,NA,NA,NA,NA,NA,NA,NA,NA,NA,NA,NA,NA,NA,NA,NA,NA,-0.1684839219705513,0.35089304672534016,0.37986896158159733,0.2457427430396395,-0.24537842308133984,0.32418114746914606,0.0076235780375328854
QGRW,WisdomTree Trust WisdomTree U.S. Quality Growth Fund,2022-12-22,NA,NA,NA,NA,NA,NA,NA,NA,NA,NA,NA,NA,NA,NA,NA,NA,NA,NA,NA,NA,NA,NA,NA,4.262178344325296e-4,0.5604884412850282,0.003827211116473661
QID,ProShares UltraShort QQQ,2006-07-13,NA,NA,NA,NA,NA,NA,NA,-0.26741925855329707,-0.273474484527261,0.7725622942029085,-0.6680035412708,-0.38918050739026466,-0.2239036789787675,-0.34300927929559766,-0.4944349948128749,-0.3415610590225875,-0.2474672022087634,-0.19454709879720955,-0.44002484749335935,-0.09898623616066327,-0.49571765066652085,-0.6971008645444534,-0.44929576094670753,0.6630433822589157,-0.5718454954187346,0.0018850573431532514
QLC,FlexShares Trust FlexShares US Quality Large Cap Index Fund,2015-09-24,NA,NA,NA,NA,NA,NA,NA,NA,NA,NA,NA,NA,NA,NA,NA,NA,0.05644051988603316,0.08570056026779826,0.2173093691517165,-0.0812354515253686,0.24508887883183528,0.13637211169449093,0.2845438905095927,-0.1720499945675067,0.26016292184082324,0.0051915745675716884
QLD,ProShares Ultra QQQ,2006-06-21,NA,NA,NA,NA,NA,NA,NA,0.1941521908295445,0.29032631164683553,-0.7288732700341756,1.211973056918818,0.3690320705139205,3.682379774638811e-4,0.3477046735759741,0.821147201848647,0.37591080265894483,0.14740665901895467,0.10037317922983613,0.7033868364932905,-0.083104508814179745,0.8169011068661427,0.8889542500630854,0.5466942828440615,-0.6052240623078571,1.1772157874651992,-0.00289475290398844
QLTY,The 2023 ETF Series Trust II GMO U.S. Quality ETF,2023-11-15,NA,NA,NA,NA,NA,NA,NA,NA,NA,NA,NA,NA,NA,NA,NA,NA,NA,NA,NA,NA,NA,NA,NA,NA,0.05678132031690897,0.015396236112721562
QLV,FlexShares US Quality Low Volatility Index Fund,2019-07-16,NA,NA,NA,NA,NA,NA,NA,NA,NA,NA,NA,NA,NA,NA,NA,NA,NA,NA,NA,NA,0.062368693863790625,0.096251763913354,0.26081589040601716,-0.09970256904012331,0.13654662340727852,0.014731769202305012
QMAR,FT Vest Nasdaq-100 Buffer ETF - March,2021-03-22,NA,NA,NA,NA,NA,NA,NA,NA,NA,NA,NA,NA,NA,NA,NA,NA,NA,NA,NA,NA,NA,NA,0.12308066554089958,-0.16560085058919616,0.35465111297119045,0.005072222878346189
QOWZ,Invesco Nasdaq Free Cash Flow Achievers ETF,2023-12-06,NA,NA,NA,NA,NA,NA,NA,NA,NA,NA,NA,NA,NA,NA,NA,NA,NA,NA,NA,NA,NA,NA,NA,NA,0.064719436992688,0.00406554744784926
QQEW,First Trust NASDAQ-100 Equal Weighted Index Fund,2006-05-02,NA,NA,NA,NA,NA,NA,NA,0.027536606606792136,0.09627829577076663,-0.43574918936292906,0.588728972289869,0.20758893427353464,-0.02810007945059101,0.1512054058075556,0.3991356977077445,0.1911117403652709,0.02142128199664195,0.07110098410609011,0.26043450885817454,-0.052967071229774954,0.35873168022231483,0.3729575432948298,0.17748497208731173,-0.24587188305088525,0.33313894762220153,-0.0063856962067909695
QQJG,Invesco ESG NASDAQ Next Gen 100 ETF,2021-10-27,NA,NA,NA,NA,NA,NA,NA,NA,NA,NA,NA,NA,NA,NA,NA,NA,NA,NA,NA,NA,NA,NA,0.009069685598033672,-0.2769208627681735,0.17200045654022889,-0.026442271982422993
QQMG,Invesco ESG NASDAQ 100 ETF,2021-10-28,NA,NA,NA,NA,NA,NA,NA,NA,NA,NA,NA,NA,NA,NA,NA,NA,NA,NA,NA,NA,NA,NA,0.050125686336109476,-0.31556318583120224,0.5499907480800277,0.003586814364415325
QQQ,Invesco QQQ Trust Series 1,1999-12-31,0,-0.36114929231313164,-0.33344745652465035,-0.3736830310451644,0.49668734023959593,0.10538444783244949,0.015654664041084176,0.07144082833297616,0.1902801868346642,-0.41727161783560884,0.5468412841661123,0.2014378357798634,0.034757896416331535,0.18112540687247902,0.3663416720183299,0.19181382133171576,0.09435897785956104,0.07097937292664169,0.3266349885642972,-0.001261821601152513,0.3896154969464469,0.48406107266466525,0.2741974388113735,-0.32577010242927174,0.548555776518878,9.769619553434694e-5
QQQA,ProShares Nasdaq-100 Dorsey Wright Momentum ETF,2021-05-20,NA,NA,NA,NA,NA,NA,NA,NA,NA,NA,NA,NA,NA,NA,NA,NA,NA,NA,NA,NA,NA,NA,0.08425281944091378,-0.29076968938646874,0.2497751167043203,0.005884275240071624
QQQE,Direxion NASDAQ-100 Equal Weighted Index Shares,2012-03-21,NA,NA,NA,NA,NA,NA,NA,NA,NA,NA,NA,NA,NA,-0.03982271923797498,0.43239213992501435,0.19431032462205544,0.023309005769105662,0.07193690061329572,0.2653367878309649,-0.054010722008778767,0.3643444179613411,0.3785216856998981,0.17925319358008518,-0.2446810080109879,0.3375852415748899,-0.00720700159204124
QQQJ,Invesco NASDAQ Next Gen 100 ETF,2020-10-13,NA,NA,NA,NA,NA,NA,NA,NA,NA,NA,NA,NA,NA,NA,NA,NA,NA,NA,NA,NA,NA,0.15251419733942662,0.09760914595833059,-0.28250568367850437,0.1368598334350175,-0.027788069891077627
QQQM,Invesco NASDAQ 100 ETF,2020-10-13,NA,NA,NA,NA,NA,NA,NA,NA,NA,NA,NA,NA,NA,NA,NA,NA,NA,NA,NA,NA,NA,0.06665608383252586,0.2744831553477216,-0.32517673085910925,0.5501171137666565,3.560746396906733e-4
QQQN,VictoryShares Nasdaq Next 50 ETF,2020-09-10,NA,NA,NA,NA,NA,NA,NA,NA,NA,NA,NA,NA,NA,NA,NA,NA,NA,NA,NA,NA,NA,0.2619852981384412,0.08306356299828854,-0.2918727642852883,0.1374146130690741,-0.03160282901855971
QQQS,Invesco Nasdaq Future Gen 200 ETF,2022-10-13,NA,NA,NA,NA,NA,NA,NA,NA,NA,NA,NA,NA,NA,NA,NA,NA,NA,NA,NA,NA,NA,NA,NA,0.06563184506235098,-0.019409330272468606,-0.02584569817479565
QQXT,First Trust NASDAQ-100 Ex-Technology Sector Index Fund,2007-05-07,NA,NA,NA,NA,NA,NA,NA,NA,0.016221461141911586,-0.43294655531625326,0.4674701081113002,0.20408509254362017,-0.011693085826240512,0.2021803024466684,0.41564752995245824,0.16067968803043775,0.04082487267713564,-0.022478922204067775,0.2069615166764731,-0.05736831849885293,0.28023038124911115,0.3684819609529799,0.12020687438440492,-0.13091969618501753,0.1680825411457394,-0.007488892015019899
QRFT,QRAFT AI-Enhanced U.S. Large Cap ETF,2019-05-21,NA,NA,NA,NA,NA,NA,NA,NA,NA,NA,NA,NA,NA,NA,NA,NA,NA,NA,NA,NA,0.1489850385000142,0.4004879802929715,0.22739950371802609,-0.22690059511996796,0.24158572964825775,0.0042530995500846824
QRMI,Global X Nasdaq 100 Risk Managed Income ETF,2021-08-26,NA,NA,NA,NA,NA,NA,NA,NA,NA,NA,NA,NA,NA,NA,NA,NA,NA,NA,NA,NA,NA,NA,-0.018813670686988804,-0.18495811279050234,0.11735025949532174,0.006188027172314925
QSPT,FT Vest Nasdaq-100 Buffer ETF - September,2021-09-21,NA,NA,NA,NA,NA,NA,NA,NA,NA,NA,NA,NA,NA,NA,NA,NA,NA,NA,NA,NA,NA,NA,0.04542275920166916,-0.2037516117040632,0.4314904187822495,0.0037783439857661527
QSWN,Amplify ETF Trust Amplify BlackSwan Tech & Treasury ETF,2021-12-09,NA,NA,NA,NA,NA,NA,NA,NA,NA,NA,NA,NA,NA,NA,NA,NA,NA,NA,NA,NA,NA,NA,4.4057024667165656e-4,-0.3144125277530877,0.23397070706200518,-0.004963945526184954
QTAP,Innovator Growth Accelerated Plus ETF - April,2021-04-01,NA,NA,NA,NA,NA,NA,NA,NA,NA,NA,NA,NA,NA,NA,NA,NA,NA,NA,NA,NA,NA,NA,0.1562692400828969,-0.25870433745648025,0.4332451905117589,0.0054408939608379114
QTEC,First Trust NASDAQ-100-Technology Sector Index Fund,2006-05-02,NA,NA,NA,NA,NA,NA,NA,0.02669409207421225,0.07549952380332758,-0.45095286814668356,0.7971397513502543,0.21707770872251908,-0.05880859926901372,0.08049096428079383,0.38145994943002326,0.25083951099070334,-0.015447106884200146,0.2534293612075138,0.37785276075458407,-0.04620752152637109,0.48220859259489024,0.3875523670031602,0.2688660383254575,-0.3982875362806222,0.6702310873733204,-0.0054140134589005795
QTJA,Innovator ETFs Trust Innovator Growth Accelerated Plus ETF - J,2022-01-03,NA,NA,NA,NA,NA,NA,NA,NA,NA,NA,NA,NA,NA,NA,NA,NA,NA,NA,NA,NA,NA,NA,NA,-0.34600464851479473,0.2556345972666314,0.0037789288340928096
QTJL,Innovator Growth Accelerated Plus ETF - July,2021-07-01,NA,NA,NA,NA,NA,NA,NA,NA,NA,NA,NA,NA,NA,NA,NA,NA,NA,NA,NA,NA,NA,NA,0.09317743986516347,-0.3016048664869605,0.423888092604634,0.00573805203510136
QTOC,Innovator Growth Accelerated Plus ETF - October,2021-10-01,NA,NA,NA,NA,NA,NA,NA,NA,NA,NA,NA,NA,NA,NA,NA,NA,NA,NA,NA,NA,NA,NA,0.06990207025110262,-0.2983532777075405,0.3842559956827416,0.0064757032375073464
QTR,Global X Nasdaq 100 Tail Risk ETF,2021-08-26,NA,NA,NA,NA,NA,NA,NA,NA,NA,NA,NA,NA,NA,NA,NA,NA,NA,NA,NA,NA,NA,NA,0.041602227358280564,-0.29939114360991825,0.45526240362429227,0
QULL,ETRACS 2x Leveraged MSCI US Quality Factor TR ETN,2021-02-09,NA,NA,NA,NA,NA,NA,NA,NA,NA,NA,NA,NA,NA,NA,NA,NA,NA,NA,NA,NA,NA,NA,0.4983180503201621,-0.41996715036159105,0.5706891747035956,0.013812426778658793
QUVU,Hartford Funds Exchange-Traded Trust Hartford Quality Value ET,2023-10-16,NA,NA,NA,NA,NA,NA,NA,NA,NA,NA,NA,NA,NA,NA,NA,NA,NA,NA,NA,NA,NA,NA,NA,NA,0.0831578282145633,-0.007365687905368401
QVML,Invesco S&P 500 QVM Multi-factor ETF,2021-06-30,NA,NA,NA,NA,NA,NA,NA,NA,NA,NA,NA,NA,NA,NA,NA,NA,NA,NA,NA,NA,NA,NA,0.12557276523460592,-0.1624934300815183,0.22186180482508377,0.009866768575082174
QVMM,Invesco S&P MidCap 400 QVM Multi-factor ETF,2021-06-30,NA,NA,NA,NA,NA,NA,NA,NA,NA,NA,NA,NA,NA,NA,NA,NA,NA,NA,NA,NA,NA,NA,0.06038386611476532,-0.1306218889648464,0.15430067088779142,-0.017436437397693738
QVMS,Invesco S&P SmallCap 600 QVM Multi-factor ETF,2021-06-30,NA,NA,NA,NA,NA,NA,NA,NA,NA,NA,NA,NA,NA,NA,NA,NA,NA,NA,NA,NA,NA,NA,0.04448508142363594,-0.1461140205250263,0.1688650861613752,-0.038565752879507476
QYLD,Global X NASDAQ 100 Covered Call ETF,2013-12-12,NA,NA,NA,NA,NA,NA,NA,NA,NA,NA,NA,NA,NA,NA,0.019968195289823187,0.03367017323030641,0.0647517068443666,0.02982600964720028,0.180678735970206,-0.030673818016020205,0.22685758774957665,0.08726307449336601,0.10414588592817431,-0.19069758113523316,0.22776373666554828,0.008650496955612041
QYLG,Global X Nasdaq 100 Covered Call & Growth ETF,2020-09-23,NA,NA,NA,NA,NA,NA,NA,NA,NA,NA,NA,NA,NA,NA,NA,NA,NA,NA,NA,NA,NA,0.15492277196053195,0.24519118745476676,-0.2627213576286307,0.3873112341049483,0.0024212969627699366
RAFE,PIMCO RAFI ESG U.S. ETF,2019-12-19,NA,NA,NA,NA,NA,NA,NA,NA,NA,NA,NA,NA,NA,NA,NA,NA,NA,NA,NA,NA,0.006295733680500737,0.05285666499155406,0.3016114408792949,-0.13764777642548187,0.17682677513392075,4.919541335466349e-4
RDIV,Invesco Exchange-Traded Fund Trust II Invesco S&P Ultra Divide,2013-10-01,NA,NA,NA,NA,NA,NA,NA,NA,NA,NA,NA,NA,NA,NA,0.04221809009555422,0.21447974008491366,-0.04859076331358736,0.2820635328824379,0.11630058859420611,-0.0478329114828876,0.22616896317271884,-0.10475516019238984,0.2793501937408107,0.07166983013789618,0.04656182983669144,-0.019908442029652806
RDVI,FT Vest Rising Dividend Achievers Target Income ETF,2022-10-20,NA,NA,NA,NA,NA,NA,NA,NA,NA,NA,NA,NA,NA,NA,NA,NA,NA,NA,NA,NA,NA,NA,NA,0.09905256411237096,0.1861935694852377,-0.017764291541049304
RDVY,First Trust Rising Dividend Achievers ETF,2014-01-07,NA,NA,NA,NA,NA,NA,NA,NA,NA,NA,NA,NA,NA,NA,NA,0.10581540095107123,-0.030062247310040813,0.20657124658872772,0.22761705531748677,-0.09917592333234704,0.37708911319771343,0.1347257559606636,0.3114325539634706,-0.13267098419456114,0.2037696664882116,-0.01645052262904778
RECS,Columbia Research Enhanced Core ETF,2019-09-25,NA,NA,NA,NA,NA,NA,NA,NA,NA,NA,NA,NA,NA,NA,NA,NA,NA,NA,NA,NA,0.08461341686344492,0.1535422468249792,0.3272862620732422,-0.1438776771694098,0.23187276454151373,0.009022014011544677
REGL,ProShares S&P MidCap 400 Dividend Aristocrats ETF,2015-02-05,NA,NA,NA,NA,NA,NA,NA,NA,NA,NA,NA,NA,NA,NA,NA,NA,0.0024581674599912784,0.28259438190569974,0.10167118195522806,-0.03245310187387396,0.18787957731707516,0.07502250443692748,0.19386623935722525,-0.006247969260621322,0.054120869150390716,-0.016446908923363535
REM,iShares Trust iShares Mortgage Real Estate ETF,2007-05-04,NA,NA,NA,NA,NA,NA,NA,NA,-0.3640865600132809,-0.427481313774865,0.11301638964352034,0.16478245216581922,-0.09203428116866685,0.21860854446245526,-0.02595548933313585,0.16720619082143395,-0.0929596787888266,0.21878159506141315,0.18432382064099762,-0.030912066347278166,0.21342731161675732,-0.19987862658204902,0.1614354582291062,-0.2756171265153339,0.14428721641939846,-0.002543427959062594
RESP,WisdomTree U.S. ESG Fund,2007-02-23,NA,NA,NA,NA,NA,NA,NA,NA,0.015123620251399572,-0.3684480950114346,0.32045978940662123,0.13772021223641717,0.030827064791637104,0.14237495820282042,0.3495168382794829,0.13100635283180195,-0.022835940579257086,0.14515027094390853,0.21938322395589394,-0.08368228815553702,0.3225173332421194,0.12400098632839263,0.27212899323220974,-0.18703718677774506,0.2157022888348885,0.006302122015565459
RETL,Direxion Daily Retail Bull 3X Shares ETF,2010-07-14,NA,NA,NA,NA,NA,NA,NA,NA,NA,NA,NA,0.4908689801206414,0.07058833115390817,0.7772177095572945,1.3761837339047664,0.327270625312581,0.44283648071205906,-0.007811991137016361,-0.013063255383374273,-0.3521137132455583,0.23404129305351717,0.6363055688479906,1.010265731478658,-0.8080391741510617,0.3361389465251039,-0.14473681045921405
REVS,Columbia Research Enhanced Value ETF,2019-09-25,NA,NA,NA,NA,NA,NA,NA,NA,NA,NA,NA,NA,NA,NA,NA,NA,NA,NA,NA,NA,0.07217378553751441,0.013664217037401283,0.28521367919997576,-0.061980343300214624,0.134659158727769,-4.616613588825924e-5
REW,ProShares UltraShort Technology,2007-02-02,NA,NA,NA,NA,NA,NA,NA,NA,-0.19120130640959676,0.9525326335987112,-0.7147945440192117,-0.3082069460410759,-0.17698269303604652,-0.2753624035131934,-0.415134998182618,-0.36737527721629515,-0.161614317087861,-0.2955782461882016,-0.4910328560249313,-0.09999427742994782,-0.5684052764822348,-0.7133395926846442,-0.5361613546174827,0.6499771710298077,-0.6133738804936089,0
REZ,iShares Residential and Multisector Real Estate ETF,2007-05-04,NA,NA,NA,NA,NA,NA,NA,NA,-0.18317142789458485,-0.24775339321522682,0.2074326136076483,0.315968529459975,0.1604028285437782,0.1315348380536041,-0.03474157646927578,0.3519614453017703,0.11353284396762664,0.031437598711221204,0.0387216511550279,0.03895293712345671,0.24490059189450664,-0.06615333719257632,0.4785607801832974,-0.283054751712152,0.10972493566899932,-0.008296966931575112
RFDA,RiverFront Dynamic US Dividend Advantage ETF,2016-09-28,NA,NA,NA,NA,NA,NA,NA,NA,NA,NA,NA,NA,NA,NA,NA,NA,NA,0.04163522129215469,0.19852301103311332,-0.09266476207099572,0.27150264196387,0.11109626115537519,0.2593700949284914,-0.0898491294639453,0.16982138520780654,-0.003104718240237614
RFFC,ALPS Active Equity Opportunity ETF,2016-06-28,NA,NA,NA,NA,NA,NA,NA,NA,NA,NA,NA,NA,NA,NA,NA,NA,NA,0.13531077568129812,0.2101709259155362,-0.10229973207219023,0.24772057023406902,0.12033067845635559,0.22338018539703453,-0.1466545520464061,0.19504477474150672,-0.001371134445369293
RFG,Invesco S&P MidCap 400 Pure Growth ETF,2006-03-07,NA,NA,NA,NA,NA,NA,NA,0.03145880561135472,0.13035443849520845,-0.3606595256171973,0.622189807592207,0.3541757942346466,0.0028937702188194248,0.20124249290597773,0.40026083522403466,0.018963488524972094,0.05389793916977137,0.052522857974203196,0.24008023924617627,-0.11755627997659912,0.20253971156716433,0.34687228137613113,0.13746488426044778,-0.19189498041941933,0.1799103290661459,-0.0033931021653816895
RFV,Invesco S&P MidCap 400 Pure Value ETF,2006-03-07,NA,NA,NA,NA,NA,NA,NA,0.15563303261053751,-0.03771993022281628,-0.4298645779211735,0.5965062387692495,0.2230406856664615,-0.05586076862561651,0.18696841968202182,0.38654384387079177,0.0842672645413387,-0.1089432486318026,0.30861022260175175,0.14742715993253075,-0.18558563363060165,0.24983240455207745,0.09219218311507804,0.32434999037874945,-0.03988778395436421,0.3025752998023781,-0.04543503308135077
RHRX,RH Tactical Rotation ETF,2021-11-09,NA,NA,NA,NA,NA,NA,NA,NA,NA,NA,NA,NA,NA,NA,NA,NA,NA,NA,NA,NA,NA,NA,0.015753992406610795,-0.20053290039628702,0.10281172948479589,0.0020148808369038207
RNEM,Emerging Markets Equity Select ETF,2017-07-10,NA,NA,NA,NA,NA,NA,NA,NA,NA,NA,NA,NA,NA,NA,NA,NA,NA,NA,0.10752664861707917,-0.09341882481313146,0.12756356390606682,-0.0815440451191668,0.06154364372046173,-0.08746002793820973,0.2342738209372568,-0.01026539963256845
RNEW,VanEck Green Infrastructure ETF,2022-10-20,NA,NA,NA,NA,NA,NA,NA,NA,NA,NA,NA,NA,NA,NA,NA,NA,NA,NA,NA,NA,NA,NA,NA,-0.012554654827110379,0.02880361130321618,-0.08812879277421126
RNLC,Large Cap US Equity Select ETF,2017-06-22,NA,NA,NA,NA,NA,NA,NA,NA,NA,NA,NA,NA,NA,NA,NA,NA,NA,NA,0.101253979649498,-0.09349124253891339,0.3069083176007399,0.11854949846651963,0.3049917430000961,-0.14213959459721548,0.17472917390904108,-0.01017709823291102
RNMC,Mid Cap US Equity Select ETF,2017-06-22,NA,NA,NA,NA,NA,NA,NA,NA,NA,NA,NA,NA,NA,NA,NA,NA,NA,NA,0.1073700673871476,-0.12850598876189867,0.27994223018877307,0.057117641520392004,0.2608170646372381,-0.09106718220929522,0.16806324158149422,-0.01973683485653932
RNSC,Small Cap US Equity Select ETF,2017-06-26,NA,NA,NA,NA,NA,NA,NA,NA,NA,NA,NA,NA,NA,NA,NA,NA,NA,NA,0.09230604136967746,-0.11913032730825013,0.213188066702936,0.10266189999194686,0.25564367086745854,-0.13166060020458703,0.15980963957856464,-0.033833889131063444
ROE,Astoria US Quality Kings ETF,2023-08-01,NA,NA,NA,NA,NA,NA,NA,NA,NA,NA,NA,NA,NA,NA,NA,NA,NA,NA,NA,NA,NA,NA,NA,NA,0.04295258914410027,-0.004654573340804435
ROM,ProShares Ultra Technology,2007-02-01,NA,NA,NA,NA,NA,NA,NA,NA,0.1919442936121174,-0.7334608967882111,1.4636262616583418,0.1990536996713086,-0.07353634518969165,0.19247167133631526,0.5694979662629687,0.3894896486532129,0.03577283107775786,0.23486605304659958,0.8110541440364747,-0.09886919621551893,1.0209732692028761,0.8041987577377179,0.7774984761898474,-0.6386052833124438,1.3069964331311357,-0.009043016962609896
ROOF,IQ CBRE NextGen Real Estate ETF,2011-06-14,NA,NA,NA,NA,NA,NA,NA,NA,NA,NA,NA,NA,-0.10508357901255738,0.3364730982885278,0.15495654712576212,0.2043819980094952,-0.06238216270921737,0.18367334126207657,0.02177073827388054,-0.1137268470607089,0.24114732688247886,-0.12435621222066351,0.2755599261848787,-0.25829033234153165,0.10935188300894905,-0.01664220007386663
ROUS,Hartford Multifactor U.S. Equity ETF,2015-02-27,NA,NA,NA,NA,NA,NA,NA,NA,NA,NA,NA,NA,NA,NA,NA,NA,-0.03469413724648207,0.10583479535650508,0.22879048236931165,-0.09593213489952768,0.23941524812164183,0.06616529106953317,0.27325915385907074,-0.09644345437165491,0.1504832807661618,0.004910197659238058
RPG,Invesco S&P 500 Pure Growth ETF,2006-03-07,NA,NA,NA,NA,NA,NA,NA,0.07479044274349333,0.09119217258114021,-0.36987842237469704,0.5303593958063353,0.2908866111373196,0.022612640221414404,0.18660664697793927,0.47322283325248793,0.17062266239946688,0.051727901871885695,0.05900298161981188,0.2931898734441254,-0.02882310864042681,0.32948147957865714,0.32087863746514445,0.2942251248588421,-0.25347366650794345,0.10376998762482437,-0.007129558406790304
RPHS,Two Roads Shared Trust Regents Park Hedged Market Strategy ETF,2022-03-31,NA,NA,NA,NA,NA,NA,NA,NA,NA,NA,NA,NA,NA,NA,NA,NA,NA,NA,NA,NA,NA,NA,NA,-0.14003433427219902,0.11352604391231047,0.002810524704184081
RPV,Invesco S&P 500 Pure Value ETF,2006-03-07,NA,NA,NA,NA,NA,NA,NA,0.16731482585210866,-0.042574491898833444,-0.4775222311802918,0.5337636357200548,0.22498275697637715,-0.011573185926978424,0.24940281576089451,0.47466317565230653,0.122201427937221,-0.08434734957965073,0.1931340795061809,0.1729581102489386,-0.12311387453447387,0.24793527127711612,-0.09222254762005111,0.3347949323650008,-0.012668989055361735,0.07978160658010602,-0.01705654842406712
RSHO,Tema ETF Trust Tema American Reshoring ETF,2023-05-11,NA,NA,NA,NA,NA,NA,NA,NA,NA,NA,NA,NA,NA,NA,NA,NA,NA,NA,NA,NA,NA,NA,NA,NA,0.28261280752041174,-0.028793653737432923
RSP,Invesco S&P 500 Equal Weight ETF,2003-05-01,NA,NA,NA,NA,0.3386966882338136,0.16479145947354246,0.07408758782947533,0.15458437117178492,0.009080898233959633,-0.40055377450484797,0.446121955996605,0.21368056599764107,-0.0066274036812599135,0.17161949685534594,0.3553551549701299,0.14064828401448648,-0.02669367110668297,0.14504717721790028,0.18516061826851105,-0.07838982426859364,0.289065557350241,0.12658158450915225,0.29408358459547035,-0.1161704493236615,0.1369763493400773,-0.011089987111255084
RSPD,Invesco S&P 500 Equal Weight Consumer Discretionary ETF,2006-11-07,NA,NA,NA,NA,NA,NA,NA,0.03925341289832551,-0.14299679136302057,-0.3916502133617933,0.6929053799827456,0.28688530731494044,0.06838476791933945,0.2504044289677292,0.4618914592818306,0.14435986114786803,-0.005865487573744388,0.06866079402484071,0.1865579228321994,-0.059055811939005665,0.30180851319860125,0.13949068208858217,0.2972567087273077,-0.22503251687685755,0.23411272363252245,-0.031545741831072394
RSPE,Invesco ESG S&P 500 Equal Weight ETF,2021-11-17,NA,NA,NA,NA,NA,NA,NA,NA,NA,NA,NA,NA,NA,NA,NA,NA,NA,NA,NA,NA,NA,NA,0.013657728011663428,-0.12207689795446719,0.13971864789527477,-0.01101258771384317
RSPF,Invesco S&P 500 Equal Weight Financial ETF,2006-11-07,NA,NA,NA,NA,NA,NA,NA,0.041762701399764346,-0.17395552550514415,-0.5559354095230382,0.3184410911546074,0.22420165525878977,-0.12614291532647093,0.24707647005867273,0.38391643768807593,0.14813480388895162,-0.014181146048096172,0.22418245708461715,0.21566675192019047,-0.15815402069986428,0.31523828149801436,0.048020814155175895,0.35777523054728766,-0.10642762625379365,0.06424551687615732,-0.004607451366839932
RSPG,Invesco S&P 500 Equal Weight Energy ETF,2006-11-07,NA,NA,NA,NA,NA,NA,NA,0.025421916779190923,0.40286232684689116,-0.4832399750518458,0.44701744308576186,0.2605945705432513,-0.013305419251627315,0.04688829572496389,0.27850045720362804,-0.148857284715588,-0.2875785498074891,0.37115002321958523,-0.06388174036317928,-0.24684476734103677,0.1338117862241257,-0.3316474155783987,0.5664408728091266,0.5797633949295742,0.04486891542907889,-0.020754188198076173
RSPH,Invesco S&P 500 Equal Weight Health Care ETF,2006-11-07,NA,NA,NA,NA,NA,NA,NA,0.018064024102739884,0.12347361496546982,-0.24191722603864696,0.4445070483436273,0.14280075601393394,0.11470783300544918,0.40806083704669516,0.47675516284823094,0.35451289010806897,0.12974700351237622,-0.019369744815229573,0.29342110519628584,0.04002918520356191,0.32238629445041367,0.24163786066188386,0.27823557328766446,-0.03804582705715964,0.05593980371647489,0.011417063289067109
RSPM,Invesco S&P 500 Equal Weight Materials ETF,2006-11-07,NA,NA,NA,NA,NA,NA,NA,0.06516060639910393,0.19726567809583861,-0.375885480738673,0.8096677152341072,0.39544336333461416,-0.038607227348168904,0.25923449046736335,0.32869949244010943,0.13742411221961204,-0.022833647938383828,0.27741928805049887,0.3473967364928394,-0.08775442024396352,0.35198576066550924,0.30984828400708975,0.37117715745919466,-0.017236981982640787,0.10746117993994342,-0.028240213441614537
RSPN,Invesco S&P 500 Equal Weight Industrials Portfolio,2006-11-07,NA,NA,NA,NA,NA,NA,NA,0.030433833923099618,0.3887538343846524,-0.34307601694412193,0.411930338418101,0.33083152216499556,0.0562881733738807,0.26525079811698493,0.4592481248246043,0.18160317629389122,-0.013119888473849262,0.250117450302771,0.2948575630004806,-0.08375887097413193,0.4107773256944549,0.2302883054228324,0.2880345210074211,-0.04541110540855231,0.23771547706743745,-0.018325235544943363
RSPS,Invesco S&P 500 Equal Weight Consumer Staples ETF,2006-11-07,NA,NA,NA,NA,NA,NA,NA,0.04904457240952964,0.18253113662234965,-0.15750567539572613,0.40809867470975414,0.2726945950479098,0.2269559965960375,0.23490038781450817,0.4175700576524961,0.2714024298937334,0.22118413408457815,0.12265120240905936,0.23775292282200944,-0.021668889935415603,0.4048515185930075,0.13923855261148965,0.21623745269581862,0.13490576584260716,-0.0312771343022773,6.369572613582619e-4
RSPT,Invesco S&P 500 Equal Weight Technology ETF,2006-11-07,NA,NA,NA,NA,NA,NA,NA,0.01657616491562397,0.012460605668010771,-0.44304356929104094,0.7432461151463869,0.21129304883739763,-0.027257343493308772,0.22655518196279667,0.5291060103338527,0.3312192933534943,0.14657693744199563,0.3415607635022293,0.4450957971311409,0.07735568616535593,0.5581898338420725,0.46486957597587786,0.3369029030619741,-0.19624991772314448,0.37393608381858257,-0.015931386871550823
RTAI,Rareview Tax Advantaged Income ETF,2020-10-21,NA,NA,NA,NA,NA,NA,NA,NA,NA,NA,NA,NA,NA,NA,NA,NA,NA,NA,NA,NA,NA,0.050994962719063786,0.1035535845931137,-0.22553569441243593,0.037871409514257603,0.0011882863990138048
RUFF,Alpha Dog ETF,2021-10-15,NA,NA,NA,NA,NA,NA,NA,NA,NA,NA,NA,NA,NA,NA,NA,NA,NA,NA,NA,NA,NA,NA,-0.04428979159944402,-0.2695765046438917,0.2858524466576451,-0.005963917490944937
RUNN,Running Oak Efficient Growth ETF,2023-06-08,NA,NA,NA,NA,NA,NA,NA,NA,NA,NA,NA,NA,NA,NA,NA,NA,NA,NA,NA,NA,NA,NA,NA,NA,0.12054934445002186,-0.004487159936821139
RVRB,Advisors Series Trust Reverb ETF,2022-11-04,NA,NA,NA,NA,NA,NA,NA,NA,NA,NA,NA,NA,NA,NA,NA,NA,NA,NA,NA,NA,NA,NA,NA,0.0173893503424829,0.2679702500905108,0.00225596245267079
RWJ,Invesco Exchange-Traded Fund Trust II Invesco S&P SmallCap 600,2008-02-22,NA,NA,NA,NA,NA,NA,NA,NA,NA,-0.2622911394191927,0.4738759581992791,0.27030247034038357,-0.0017165787257351628,0.2155879890262089,0.5003475317392687,0.07773760857119405,-0.07467445982750676,0.3148101745617171,0.0708761463692349,-0.1484358459931031,0.23398267011795815,0.23593359134812064,0.53967766678335,-0.0911892165842999,0.17261609066931038,-0.04344675896214456
RWK,Invesco Exchange-Traded Fund Trust II Invesco S&P MidCap 400 R,2008-03-07,NA,NA,NA,NA,NA,NA,NA,NA,NA,-0.340595316262985,0.5189973868692028,0.23230140412474642,-0.016322776846395937,0.1479897095304772,0.4110440259895849,0.0958804808366962,-0.05641994761163238,0.20694861893688743,0.13106536851940875,-0.1464875151270295,0.28201040936862,0.1077391805376231,0.338965405772796,-0.08186770851947434,0.23757998561452331,-0.02551652229195356
RWL,Invesco Exchange-Traded Fund Trust II Invesco S&P 500 Revenue ,2008-03-07,NA,NA,NA,NA,NA,NA,NA,NA,NA,-0.32178248361434414,0.2987863514249989,0.1685195900051657,0.0026177852523117107,0.17935740451957582,0.379345406574237,0.1343485628447012,-0.013628225461921661,0.116321528266905,0.20329207625106505,-0.07743369693190627,0.27829917059456566,0.08613813093205724,0.2981921982724247,-0.06005265191749842,0.17432943695370384,-0.0014060829896499483
RWM,ProShares Short Russell2000,2007-01-25,NA,NA,NA,NA,NA,NA,NA,NA,0.04975313532085068,0.24797152456613558,-0.32858647678327646,-0.27391701774761346,-0.07768791880290427,-0.18059304825195832,-0.30592100206446304,-0.08471577804746044,0.00501620225950794,-0.2117212784241842,-0.13606747375199357,0.11571407605734851,-0.19833609759545756,-0.3104387146754507,-0.17899273750662004,0.1833698257284333,-0.1042893488149087,0.04079699304858275
RWR,SPDR DJ Wilshire REIT ETF,2001-08-27,NA,NA,-0.03816231034438544,0.026791580251341873,0.3555527862693513,0.3248901878077666,0.13575081435066316,0.35530586122673524,-0.17829428923633706,-0.38781401854339415,0.2815053814407702,0.279603328963169,0.09009533241576584,0.16878803270110332,0.009337596021043337,0.31828782537148337,0.041137796589191256,0.06434356355936877,0.0346843310492686,-0.04469246890080947,0.22713475994485433,-0.12124625105602549,0.4445344696271938,-0.2609394977752775,0.1375931628862479,-0.003566894030414991
RXD,ProShares UltraShort Health Care,2007-02-01,NA,NA,NA,NA,NA,NA,NA,NA,-0.011558312976182039,0.3280250622416834,-0.4061053123089958,-0.15622296040368588,-0.29671460797891647,-0.31800484287491737,-0.5363895631599513,-0.417468283480523,-0.2174703228494318,-0.01983523947457455,-0.3524220367058897,-0.14327000383258248,-0.32431851545993695,-0.4426824753419041,-0.3794549121679076,0.011869994549782215,0.03295673393918763,-0.05532270163696229
RXL,ProShares Ultra Health Care,2007-02-01,NA,NA,NA,NA,NA,NA,NA,NA,0.023031127979401766,-0.4781900134388406,0.39468849977948484,0.049893719193684793,0.1781769507773474,0.3854727386165262,0.9403473625758874,0.5313100700579423,0.07521582868968979,-0.08752413055579311,0.4691580344528632,0.03376178652949746,0.4039475169994966,0.19247324384387832,0.4805197136669883,-0.15259573507823043,-0.03150022227832738,0.05897154594819476
RYJ,Invesco Raymond James SB-1 Equity ETF,2006-05-19,NA,NA,NA,NA,NA,NA,NA,-0.14705982826667596,0.03948368956119319,-0.3875223796110161,0.5634469434371074,0.27377348258163603,-0.022396769426855867,0.14715917086608266,0.43348501488736124,0.046241861322101174,-0.060646271351214254,0.1968397061739935,0.1331078211778811,-0.14842245000012855,0.3201794277262564,0.06203210522316538,0.24095529362998325,-0.13167763665681564,0.1564658372006833,-0.012461570583504833
RYLG,Global X Funds Global X Russell 2000 Covered Call & Growth ETF,2022-10-05,NA,NA,NA,NA,NA,NA,NA,NA,NA,NA,NA,NA,NA,NA,NA,NA,NA,NA,NA,NA,NA,NA,NA,-0.015531760465592237,0.08328140385128613,-0.030672682961501274
RZG,Invesco S&P SmallCap 600 Pure Growth ETF,2006-03-07,NA,NA,NA,NA,NA,NA,NA,0.0618942772765243,0.007694575071976351,-0.3276997007269955,0.39251210229325006,0.2921717352189619,0.048663263133396306,0.14761463141909514,0.44681955480876123,0.02223772615878894,0.02161375230877649,0.222591458443413,0.2034820740406087,-0.0793954087722527,0.15918137586482173,0.190787917701573,0.21361610279840426,-0.2674554415221744,0.2035433542398506,-0.029424684357680864
RZV,Invesco S&P SmallCap 600 Pure Value ETF,2006-03-07,NA,NA,NA,NA,NA,NA,NA,0.1309458612873038,-0.19074151737693457,-0.41133918521043644,0.6265472165188732,0.2854795984359708,-0.07985294484449412,0.21433644165936516,0.45272078408821415,0.02715258147141064,-0.12777716474696088,0.3395326373396532,0.012495153162336292,-0.1965404511563612,0.22294142440196296,-0.0403211027616992,0.4561694588661205,-0.06805827975803047,0.22972470822097324,-0.054064089190524633
SAA,ProShares Ultra SmallCap600,2007-01-25,NA,NA,NA,NA,NA,NA,NA,NA,-0.10975488916037934,-0.621861850035323,0.3722099203457405,0.4995091939290046,-0.09438352272518102,0.30103787540198823,0.9406591105106783,0.07691608468556455,-0.05617403597645221,0.5096608039893975,0.23941438953981642,-0.2299986628783488,0.4240002955348603,-0.017852192010509582,0.5177410367635948,-0.36156239918310573,0.21285480978436744,-0.07815634081406397
SAEF,Schwab Strategic Trust Schwab Ariel ESG ETF,2021-11-16,NA,NA,NA,NA,NA,NA,NA,NA,NA,NA,NA,NA,NA,NA,NA,NA,NA,NA,NA,NA,NA,NA,-0.023539088576379097,-0.1829281253503262,0.17867158797446292,-0.04037198080111748
SAMT,The Advisors' Inner Circle Fund III Strategas Macro Thematic O,2022-01-25,NA,NA,NA,NA,NA,NA,NA,NA,NA,NA,NA,NA,NA,NA,NA,NA,NA,NA,NA,NA,NA,NA,NA,-0.06592121125636674,0.012684626407101884,0.013926897298431662
SAUG,FT Vest U.S. Small Cap Moderate Buffer ETF - August,2023-08-21,NA,NA,NA,NA,NA,NA,NA,NA,NA,NA,NA,NA,NA,NA,NA,NA,NA,NA,NA,NA,NA,NA,NA,NA,0.06259389298847351,-0.01814327244768299
SBB,ProShares Short SmallCap600,2007-01-25,NA,NA,NA,NA,NA,NA,NA,NA,0.058235939871674525,0.24089838316033596,-0.3064487583313543,-0.2633195791394888,-0.1178721871273245,-0.17343322893108737,-0.31330459457783433,-0.07951397805697824,-0.023575931671024564,-0.24106619242417304,-0.1270044338623173,0.08394493097621969,-0.18635696690113945,-0.26531288299589806,-0.2538742169281206,0.1373508802206025,-0.10440633292066803,0.04080349065147759
SCAP,Series Portfolios Trust InfraCap Small Cap Income ETF,2023-12-12,NA,NA,NA,NA,NA,NA,NA,NA,NA,NA,NA,NA,NA,NA,NA,NA,NA,NA,NA,NA,NA,NA,NA,NA,0.06215468419883674,-0.019661977795349284
SCC,ProShares UltraShort Consumer Discretionary,2007-02-02,NA,NA,NA,NA,NA,NA,NA,NA,0.33096159115965773,0.37065934191629357,-0.555791568433988,-0.4208709298449421,-0.2691426026414476,-0.3883312128965223,-0.532307747963706,-0.30098677626888426,-0.16352940180156783,-0.1708859868507705,-0.31580439004115213,-0.08549101614932764,-0.3892546927812637,-0.5473261944613512,-0.2584460241603934,0.635972149979432,-0.44362566272173243,0.05613581119339761
SCDL,ETRACS 2x Leveraged US Dividend Factor TR ETN,2021-02-09,NA,NA,NA,NA,NA,NA,NA,NA,NA,NA,NA,NA,NA,NA,NA,NA,NA,NA,NA,NA,NA,NA,0.5019774597104971,-0.1306020733848643,0.0017519947106003908,0.0019266844495906543
SCHA,Schwab U.S. Small-Cap ETF,2009-11-03,NA,NA,NA,NA,NA,NA,NA,NA,NA,NA,0.09880968998642192,0.286245454082408,-0.030896865694913456,0.1831272549064753,0.39503684770251324,0.06546397530920878,-0.041609086941649664,0.19965431574874337,0.14938869004775746,-0.11762246976583723,0.2650107374534989,0.19343419357844627,0.1645474041856141,-0.19808034389612905,0.1846474976024719,-0.03302288987856039
SCHB,Schwab U.S. Broad Market ETF,2009-11-03,NA,NA,NA,NA,NA,NA,NA,NA,NA,NA,0.0752910657484327,0.1709661669703879,0.013704024279864058,0.1634569208215515,0.3318945695780424,0.126833649487178,0.0039921428349853905,0.12107466200333361,0.21204369431137615,-0.05300488374372825,0.3079481387009986,0.20762428106334863,0.25837836094950206,-0.194561449927239,0.26156830834310685,-8.981361362507823e-4
SCHD,Schwab US Dividend Equity ETF,2011-10-20,NA,NA,NA,NA,NA,NA,NA,NA,NA,NA,NA,NA,0.05307675651257204,0.11391570381682681,0.3287772509028002,0.11683922757465903,-0.002964949878912382,0.16448509943201017,0.20847061892994168,-0.055585596794829883,0.2729348487728078,0.1502788304204079,0.2987590597327767,-0.03255575124508814,0.04544235410917019,0.0018389517233583508
SCHG,Schwab U.S. Large-Cap Growth ETF,2010-01-04,NA,NA,NA,NA,NA,NA,NA,NA,NA,NA,NA,0.14923058036439651,-0.007413991486512783,0.16886867866043698,0.3404204053168549,0.15804493679987708,0.03244500428404162,0.06554368920033316,0.28046351534359126,-0.013564896747025545,0.3602007023349074,0.39138522944846676,0.2811528348127137,-0.3180118322338701,0.5010511343125883,0.007473514385538005
SCHH,Schwab U.S. REIT ETF,2011-01-13,NA,NA,NA,NA,NA,NA,NA,NA,NA,NA,NA,NA,0.09479818759739866,0.16751664692296675,0.012382785377498484,0.3187071229286609,0.043807239836329614,0.06472493189603234,0.036811123488256214,-0.04236850000928449,0.22853400181817163,-0.1481153129650522,0.41071790766755734,-0.24994283849041388,0.1118353591366148,-0.008691376426090858
SCHK,Schwab 1000 Index ETF,2017-10-12,NA,NA,NA,NA,NA,NA,NA,NA,NA,NA,NA,NA,NA,NA,NA,NA,NA,NA,0.05242407237951974,-0.05076920216413339,0.3131150411604875,0.20743240723475664,0.2617275385681561,-0.19510772704320778,0.2662571219637171,8.683695101510125e-4
SCHM,Schwab U.S. Mid Cap ETF,2011-01-13,NA,NA,NA,NA,NA,NA,NA,NA,NA,NA,NA,NA,-0.029185957090116954,0.1748968207394177,0.3626778008543299,0.10309205961270207,-3.129088814703973e-4,0.14493021290047703,0.1960226270926384,-0.08768679333758345,0.27476955574480133,0.15258879101920098,0.19357456435667086,-0.17072263900985174,0.16693768577772006,-0.018321790480740008
SCHV,Schwab U.S. Large-Cap Value ETF,2009-12-15,NA,NA,NA,NA,NA,NA,NA,NA,NA,NA,-0.0015910195350021805,0.14844746637439665,0.03560344073258226,0.15077602022560566,0.31014745154900014,0.10948776075907696,-0.011433083590018378,0.156907184935005,0.16564278695755452,-0.07302572224561044,0.25919469582814325,0.02641188339987588,0.25581007143675283,-0.07647311044315397,0.08934514663479787,-0.004850161844384915
SCHX,Schwab U.S. Large-Cap ETF,2009-11-03,NA,NA,NA,NA,NA,NA,NA,NA,NA,NA,0.07337514508415754,0.15916826302974307,0.01543023141885258,0.1608623065060215,0.32422889123653054,0.1332714903505554,0.010468179993204263,0.11321418067647948,0.21949678134977613,-0.04524530402650406,0.31216346261099526,0.20808375780505028,0.2681357799400741,-0.19405827473286752,0.2684225296021867,0.0021276405786923025
SCMB,Schwab Strategic Trust Schwab Municipal Bond ETF,2022-10-12,NA,NA,NA,NA,NA,NA,NA,NA,NA,NA,NA,NA,NA,NA,NA,NA,NA,NA,NA,NA,NA,NA,NA,0.030450418124652323,0.05038168636599383,-5.702105863685247e-4
DWSH,AdvisorShares Dorsey Wright Short ETF,2018-07-11,NA,NA,NA,NA,NA,NA,NA,NA,NA,NA,NA,NA,NA,NA,NA,NA,NA,NA,NA,0.2228000566562356,-0.2526585601028867,-0.4994521292137851,-0.2574431220721295,0.17452843732939538,-0.22044063944782255,0.03267045743178487
DXD,ProShares UltraShort Dow30,2006-07-13,NA,NA,NA,NA,NA,NA,NA,-0.21715097951455342,-0.08730205148468329,0.46023399619634864,-0.4497760190466893,-0.29759084071236497,-0.26038642173305104,-0.21979102021904506,-0.42611980141241035,-0.2064184876183528,-0.07352953073585189,-0.29662703826950365,-0.3863890743098709,0.030749180273511367,-0.35332744962834883,-0.4456867427011376,-0.3517628841948274,0.07091966432872354,-0.187740600056438,0.009723095003162152
DYLG,Global X Funds Global X Dow 30 Covered Call & Growth ETF,2023-08-09,NA,NA,NA,NA,NA,NA,NA,NA,NA,NA,NA,NA,NA,NA,NA,NA,NA,NA,NA,NA,NA,NA,NA,NA,0.04715321930418859,0.0017724144215927051
DYNF,BlackRock U.S. Equity Factor Rotation ETF,2019-03-21,NA,NA,NA,NA,NA,NA,NA,NA,NA,NA,NA,NA,NA,NA,NA,NA,NA,NA,NA,NA,0.1407186513215115,0.13473325469696018,0.2499561211114869,-0.20271152014675398,0.36251964110115886,0.0023734824165138058
DYNI,IDX Dynamic Innovation ETF,2023-11-14,NA,NA,NA,NA,NA,NA,NA,NA,NA,NA,NA,NA,NA,NA,NA,NA,NA,NA,NA,NA,NA,NA,NA,NA,0.09254216606663657,-0.05274022529656042
EALT,Innovator ETFs Trust Innovator U.S. Equity 5 to 15 Buffer ETF ,2023-10-02,NA,NA,NA,NA,NA,NA,NA,NA,NA,NA,NA,NA,NA,NA,NA,NA,NA,NA,NA,NA,NA,NA,NA,NA,0.06806361427757679,0.0014275094410964861
EATZ,AdvisorShares Restaurant ETF,2021-04-21,NA,NA,NA,NA,NA,NA,NA,NA,NA,NA,NA,NA,NA,NA,NA,NA,NA,NA,NA,NA,NA,NA,-0.05203546931379399,-0.20684333430632584,0.25234678657819454,-0.048950106001133475
EBLU,Ecofin Global Water ESG Fund,2017-02-15,NA,NA,NA,NA,NA,NA,NA,NA,NA,NA,NA,NA,NA,NA,NA,NA,NA,NA,0.202059484552217,-0.12796323673917664,0.38723317965272885,0.15741520424720412,0.2893549977182306,-0.2598739391842477,0.20945224015804897,-0.018598782117409507
ECLN,First Trust EIP Carbon Impact ETF,2019-08-21,NA,NA,NA,NA,NA,NA,NA,NA,NA,NA,NA,NA,NA,NA,NA,NA,NA,NA,NA,NA,0.0501438303002637,0.08981688552102529,0.12263220418691079,0.05401027765208988,-0.03363786470425534,-0.008805342973052577
ECML,EA Series Trust Euclidean Fundamental Value ETF,2023-05-23,NA,NA,NA,NA,NA,NA,NA,NA,NA,NA,NA,NA,NA,NA,NA,NA,NA,NA,NA,NA,NA,NA,NA,NA,0.24975776606678646,-0.026002738221988286
EDOW,First Trust Dow 30 Equal Weight ETF,2017-08-09,NA,NA,NA,NA,NA,NA,NA,NA,NA,NA,NA,NA,NA,NA,NA,NA,NA,NA,0.11903100480553808,-0.02044148506118404,0.24692022705703387,0.06639575359486138,0.18819883662472447,-0.07446466018483844,0.15464925708896682,-0.0024539269969882094
EES,WisdomTree U.S. SmallCap Fund,2007-02-23,NA,NA,NA,NA,NA,NA,NA,NA,-0.15150085085790543,-0.3242936270145771,0.487493754803878,0.2696093055220543,-0.018678909065249272,0.1511814934423552,0.4521728539662311,0.023768578646448546,-0.0717079270997002,0.3032361613629422,0.12418623422820452,-0.1011724228936165,0.21680901164250432,0.030617714865048606,0.34389670727700183,-0.16175019300444093,0.18119535394580333,-0.04797268976893898
EFIV,SPDR S&P 500 ESG ETF,2020-07-29,NA,NA,NA,NA,NA,NA,NA,NA,NA,NA,NA,NA,NA,NA,NA,NA,NA,NA,NA,NA,NA,0.15466420058673203,0.3126532883588653,-0.177527241276502,0.2792030339086078,0.0023809655527062823
EGUS,iShares Trust iShares ESG Aware MSCI USA Growth ETF,2023-02-03,NA,NA,NA,NA,NA,NA,NA,NA,NA,NA,NA,NA,NA,NA,NA,NA,NA,NA,NA,NA,NA,NA,NA,NA,0.2860806325846952,0.004132106757544829
EINC,VanEck Energy Income ETF,2012-03-14,NA,NA,NA,NA,NA,NA,NA,NA,NA,NA,NA,NA,NA,-0.08249583815505479,0.1556072026164712,-0.2603125921849955,-0.5703285587381641,0.24228411073163225,-0.034447254991917364,-0.198497262193005,0.1697284728151729,-0.19891823318367108,0.3806278497173563,0.1916545649168806,0.15547508359336848,0.0039375330941817666
EIPX,First Trust Exchange-Traded Fund IV FT Energy Income Partners ,2022-11-03,NA,NA,NA,NA,NA,NA,NA,NA,NA,NA,NA,NA,NA,NA,NA,NA,NA,NA,NA,NA,NA,NA,NA,0.005612838699760259,0.10741340777464958,-0.0018797422103677963
EMLP,First Trust North American Energy Infrastructure Fund,2012-06-21,NA,NA,NA,NA,NA,NA,NA,NA,NA,NA,NA,NA,NA,0.06340928308953409,0.16669419814918496,0.23834858322344643,-0.2538121093922069,0.29920850489097406,0.010750535214935741,-0.08702443647298541,0.23400654872384075,-0.1336578696625036,0.23202251518725414,0.10388821519951152,0.0805454942236079,-7.222989302246852e-4
EMTY,ProShares Decline of the Retail Store ETF,2017-11-16,NA,NA,NA,NA,NA,NA,NA,NA,NA,NA,NA,NA,NA,NA,NA,NA,NA,NA,-0.14181410030414832,0.11160121367053999,-0.08645858198811207,-0.31918074438098554,-0.3739153936949061,0.043268488243744185,0.002738938383885392,0.03578948974609375
ENTR,ERShares Entrepreneurs ETF,2017-11-08,NA,NA,NA,NA,NA,NA,NA,NA,NA,NA,NA,NA,NA,NA,NA,NA,NA,NA,0.01680632919205749,-0.05012757444615368,0.3172081510890581,0.5039674957165627,-0.07241998147759776,-0.4108809384119798,0.5189305047745323,-0.04289947172652009
EPS,WisdomTree U.S. LargeCap Fund,2007-02-23,NA,NA,NA,NA,NA,NA,NA,NA,0.02931072591219741,-0.3666665509689109,0.27258642042291537,0.13268637279228646,0.036525363669452915,0.1458599013225652,0.329771715678568,0.13592292737486833,-0.01563120465305179,0.1375982853438522,0.22726735567167466,-0.07520758323461474,0.3253513787954456,0.12015787530163857,0.2746812866241466,-0.15823461801292704,0.22248824863077088,0.0023943086420477044
EQL,ALPS Equal Sector Weight ETF,2009-07-07,NA,NA,NA,NA,NA,NA,NA,NA,NA,NA,0.2893951441092226,0.14827286220548275,0.025825950755213434,0.1443662464650437,0.3016108539075899,0.130723278652648,-0.014943435166789643,0.12269601603443592,0.1837170057229749,-0.06121184625816489,0.2787296536939292,0.10870170005793289,0.29322390305402024,-0.10723830800516221,0.16871524105154223,-0.0027387534165639327
EQLS,Simplify Exchange Traded Funds Simplify Market Neutral Equity ,2023-06-14,NA,NA,NA,NA,NA,NA,NA,NA,NA,NA,NA,NA,NA,NA,NA,NA,NA,NA,NA,NA,NA,NA,NA,NA,-0.03632523708651414,0.05064480691277384
EQRR,ProShares Equities for Rising Rates ETF,2017-07-25,NA,NA,NA,NA,NA,NA,NA,NA,NA,NA,NA,NA,NA,NA,NA,NA,NA,NA,0.1563739590246036,-0.18598812764197448,0.19572376203341224,-0.10143433780517774,0.36108903514953683,0.022036165486652326,0.09183509739730744,-0.019513157869551545
EQUL,IQ Engender Equality ETF,2021-10-21,NA,NA,NA,NA,NA,NA,NA,NA,NA,NA,NA,NA,NA,NA,NA,NA,NA,NA,NA,NA,NA,NA,0.007893652110339877,-0.13296580996801988,0.1323385022011665,-0.006132639271664964
ERX,Direxion Energy Bull 2X Shares,2008-11-19,NA,NA,NA,NA,NA,NA,NA,NA,NA,-0.0490967903889854,0.1453867247025591,0.4889253544879879,-0.19846000739418268,0.03479159716531943,0.8539604666794203,-0.3272137468772558,-0.6125352604377508,0.7033716590591117,-0.11602401130256568,-0.5593524506990155,0.1713127115336881,-0.9159783224306883,1.1190415014727866,1.3057946205015232,-0.12256494457412159,-0.030404829944881473
ERY,Direxion Daily Energy Bear 2x Shares,2008-11-19,NA,NA,NA,NA,NA,NA,NA,NA,NA,-0.43133374918016654,-0.6979919184357621,-0.6001773285631775,-0.4984479175371672,-0.30857642779515837,-0.5711850226929733,0.04373764842648531,0.3957144581931207,-0.6748550522055159,-0.05666314209700529,0.4560574181709709,-0.38668614726225714,-0.11938819750687868,-0.6799652974047723,-0.7361014355604012,-0.003517103176525871,0.028284962389789614
ESG,FlexShares STOXX US ESG Select Index Fund,2016-07-14,NA,NA,NA,NA,NA,NA,NA,NA,NA,NA,NA,NA,NA,NA,NA,NA,NA,0.05708829149717909,0.23347740384503135,-0.05164677108214777,0.3174183113450544,0.20745647377349896,0.28480458407928677,-0.19885498355625986,0.27863387316093124,0.0017150964588055206
ESGA,American Century Sustainable Equity ETF,2020-07-17,NA,NA,NA,NA,NA,NA,NA,NA,NA,NA,NA,NA,NA,NA,NA,NA,NA,NA,NA,NA,NA,0.17099165120838178,0.28968975774755346,-0.19371172276406,0.24737067076775276,0.004397223386724436
ESGS,Columbia U.S. ESG Equity Income ETF,2016-07-20,NA,NA,NA,NA,NA,NA,NA,NA,NA,NA,NA,NA,NA,NA,NA,NA,NA,0.0950048878373495,0.20052937747363275,-0.12222742600888248,0.306743668718674,-0.0010986828224889278,0.31178637231095707,0.006599043246594327,0.10844234493351723,-0.005708295387063189
ESGU,iShares ESG Aware MSCI USA ETF,2016-12-06,NA,NA,NA,NA,NA,NA,NA,NA,NA,NA,NA,NA,NA,NA,NA,NA,NA,0.017944494812750067,0.2106976558121878,-0.042384723868458485,0.31715276291341987,0.22535649228578625,0.2689050346946027,-0.20266236779293056,0.25794215784033936,0.0011437547529193903
ESGV,Vanguard ESG U.S. Stock ETF,2018-09-20,NA,NA,NA,NA,NA,NA,NA,NA,NA,NA,NA,NA,NA,NA,NA,NA,NA,NA,NA,-0.14582583724919218,0.3336601870863627,0.25684902407869026,0.26551375021792545,-0.24042510684611784,0.307934949705025,5.878562566776768e-4
ESGY,American Century Sustainable Growth ETF,2020-01-21,NA,NA,NA,NA,NA,NA,NA,NA,NA,NA,NA,NA,NA,NA,NA,NA,NA,NA,NA,NA,NA,0.11272153066991275,0.3924511989431707,-0.30124940903845554,0.432425184487661,0.00892722477617669
ESIX,SSGA Active Trust SPDR S&P SmallCap 600 ESG ETF,2022-01-11,NA,NA,NA,NA,NA,NA,NA,NA,NA,NA,NA,NA,NA,NA,NA,NA,NA,NA,NA,NA,NA,NA,NA,-0.14616284331566431,0.1750633001235975,-0.03386397841278699
ESML,iShares ESG Aware MSCI USA Small-Cap ETF,2018-05-15,NA,NA,NA,NA,NA,NA,NA,NA,NA,NA,NA,NA,NA,NA,NA,NA,NA,NA,NA,-0.129603828971404,0.2911810498519687,0.1956224000728637,0.1927846555047099,-0.17282199896822392,0.17273616307236117,-0.027098101151805776
ESMV,iShares ESG MSCI USA Min Vol Factor ETF,2021-11-11,NA,NA,NA,NA,NA,NA,NA,NA,NA,NA,NA,NA,NA,NA,NA,NA,NA,NA,NA,NA,NA,NA,0.03601191634727985,-0.11078340980176116,0.1220374525530512,0.005595499084213529
ESUS,ETRACS 2x Leveraged MSCI US ESG Focus TR ETN,2021-09-17,NA,NA,NA,NA,NA,NA,NA,NA,NA,NA,NA,NA,NA,NA,NA,NA,NA,NA,NA,NA,NA,NA,0.12159993841634664,-0.4196444555422746,0.4536825816930037,0.0013143448124945944
ETHO,Etho Climate Leadership U.S. ETF,2015-11-19,NA,NA,NA,NA,NA,NA,NA,NA,NA,NA,NA,NA,NA,NA,NA,NA,-0.013610652752197638,0.1345868462529487,0.24087246966721354,-0.05024322107372459,0.34631726405519325,0.25454728324458076,0.2211886084501542,-0.2248812290519857,0.14402825277444764,-0.023652330590171022
EUSA,iShares MSCI USA Equal Weighted ETF,2010-05-07,NA,NA,NA,NA,NA,NA,NA,NA,NA,NA,NA,0.15563442711847397,0.02252393285197596,0.15170756478242042,0.32008571681990117,0.14118310003604462,-0.02761263552853721,0.14031392031945322,0.19015519350612275,-0.0856736120295083,0.3054599363213306,0.15032027991157637,0.25593006085332837,-0.17125657470454603,0.17723404904833417,-0.013500702945141385
EVAV,Direxion Shares ETF Trust Direxion Daily Electric and Autonomo,2022-08-11,NA,NA,NA,NA,NA,NA,NA,NA,NA,NA,NA,NA,NA,NA,NA,NA,NA,NA,NA,NA,NA,NA,NA,-0.7569992875275612,-0.22797693998056456,-0.29906647303215617
EVUS,iShares Trust iShares ESG Aware MSCI USA Value ETF,2023-02-02,NA,NA,NA,NA,NA,NA,NA,NA,NA,NA,NA,NA,NA,NA,NA,NA,NA,NA,NA,NA,NA,NA,NA,NA,0.034546780523904586,-0.003192106273356421
EVX,VanEck Environmental Services ETF,2006-10-16,NA,NA,NA,NA,NA,NA,NA,0.07711079282735667,0.17728036331055685,-0.31414553723321337,0.22336828551177312,0.22104420092395705,-0.08489701033601305,0.1109843690020147,0.29873024231452505,0.03618979025621427,-0.11013375323195373,0.29705248102108905,0.16049963788664035,-0.038258272307668983,0.2850191335746848,0.13277219269268925,0.2747445945113123,-0.1057585057778645,0.12972338672416894,-0.040679724422732044
EVXX,ETF Series Solutions Defiance Pure Electric Vehicle ETF,2023-06-21,NA,NA,NA,NA,NA,NA,NA,NA,NA,NA,NA,NA,NA,NA,NA,NA,NA,NA,NA,NA,NA,NA,NA,NA,0.14669457213578507,-0.18333937354068475
EWC,iShares MSCI Canada Index Fund,1999-12-31,0,0.08175212784675767,-0.19977950036573255,-0.10830436718830705,0.5352569775741745,0.2276917672284362,0.27527690230880975,0.1692114729018046,0.2841928131995979,-0.4443308662792017,0.5315336617916728,0.19784308341452017,-0.1240306618367163,0.09086652266499096,0.053094246081546004,0.01121400319566268,-0.23909362022799785,0.23816469951621433,0.15731622836766346,-0.17167295005578764,0.27579844036028667,0.05517989098789333,0.26975640370159715,-0.12954363160676485,0.14725761657835745,-0.01008721179951999
EWW,iShares Inc iShares MSCI Mexico ETF,1999-12-31,0,-0.23945232198468747,0.15392557617936098,-0.1472056537152565,0.43537709292933524,0.48961248928460366,0.43814348610388554,0.4483040049001563,0.11351176996198786,-0.4106886147116211,0.538704669471177,0.27924751227560773,-0.11965125274054178,0.3281199936173609,-0.015799724066417387,-0.11566344077800805,-0.14248697286144596,-0.10312464585274239,0.14465640700805338,-0.14577074472665275,0.12637016206305351,-0.03057903773764481,0.20274529415471543,0.012396913027528988,0.40317946732341237,-0.022107590769837926
EZM,WisdomTree U.S. MidCap Fund,2007-02-23,NA,NA,NA,NA,NA,NA,NA,NA,-0.06953673209553457,-0.35139042208779636,0.5026596927779519,0.2560244031724124,0.009473404192973156,0.17721900324225826,0.40229433182924423,0.08378760285522557,-0.047661657865005536,0.19799858597358377,0.173699785686807,-0.12354684730396848,0.2447828534792087,0.05568380161493458,0.3099864110859194,-0.1222448977454168,0.1968730426782752,-0.022477799777778418
FAB,First Trust Multi Cap Value AlphaDEX Fund,2007-05-11,NA,NA,NA,NA,NA,NA,NA,NA,-0.12839447049476027,-0.3609241156755656,0.48357395108163637,0.22367602477015325,0.004227184805161599,0.1675950949496079,0.37304979887499634,0.07756823398061652,-0.12473385249604763,0.2545794261234464,0.1461627090431703,-0.14617185264566301,0.23727606241625798,0.024056413349104355,0.30827396152613007,-0.06789409802845447,0.15822219444292518,-0.022552564269387232
FAD,First Trust Multi Cap Growth AlphaDEX Fund,2007-05-11,NA,NA,NA,NA,NA,NA,NA,NA,0.017804183584006372,-0.38762667106717086,0.3089408817161541,0.25139514188655543,-0.007830947835454016,0.1022125219073382,0.3843910527853771,0.08663936458824262,0.022130052389098376,0.05928599387561628,0.2574924814531534,-0.06452289902771802,0.26664561070331794,0.349200012015467,0.21170602478071587,-0.24060858598443824,0.1907076986669689,-0.017993980349382266
FALN,iShares Fallen Angels USD Bond ETF,2016-06-21,NA,NA,NA,NA,NA,NA,NA,NA,NA,NA,NA,NA,NA,NA,NA,NA,NA,0.09400576896901325,0.08702579326043058,-0.049737971999307296,0.17413692595044106,0.14853602235451335,0.05397772307024851,-0.1378888471497235,0.134732715378596,0.012121200736670001
FAPR,FT Vest U.S. Equity Buffer ETF - April,2021-04-19,NA,NA,NA,NA,NA,NA,NA,NA,NA,NA,NA,NA,NA,NA,NA,NA,NA,NA,NA,NA,NA,NA,0.08647570392409332,-0.10329290139552938,0.19496022232118992,0.004034416865656976
FAS,Direxion Financial Bull 3X Shares,2008-11-19,NA,NA,NA,NA,NA,NA,NA,NA,NA,0.2167844160966752,-0.4146382263268701,0.13018029704421052,-0.5339798696189578,0.8486208369821131,1.2590057861264095,0.40808419182117217,-0.08548966829145566,0.4069486823826449,0.6737295827361325,-0.3383565191314465,1.1303661944936292,-0.3497466748151732,1.1659264182814666,-0.4318741877874328,0.149181895774958,-0.010163387196334694
FAUG,FT Vest U.S. Equity Buffer ETF - August,2019-11-07,NA,NA,NA,NA,NA,NA,NA,NA,NA,NA,NA,NA,NA,NA,NA,NA,NA,NA,NA,NA,0.023700615551138338,0.12434025919388003,0.11542779913838364,-0.1052387059359906,0.1724138652224645,0.0014766811965662985
FAZ,Direxion Financial Bear 3X Shares,2008-11-19,NA,NA,NA,NA,NA,NA,NA,NA,NA,-0.723897932094453,-0.9455742273686728,-0.513638771361967,-0.20952372126971508,-0.5954484692900348,-0.6442752957653057,-0.41069772700301843,-0.1874505967458887,-0.47255955977273756,-0.4617863454943929,0.16848127872952157,-0.5862579083110258,-0.7390200958578659,-0.6704703552534681,0.011542712195816707,-0.2666796475077501,0.013167542368045071
FBL,GraniteShares 1.5x Long META Daily ETF,2022-12-13,NA,NA,NA,NA,NA,NA,NA,NA,NA,NA,NA,NA,NA,NA,NA,NA,NA,NA,NA,NA,NA,NA,NA,-0.012212303275504155,3.41590997512818,0.08235606805825357
FBY,Tidal ETF Trust II YieldMax META Option Income Strategy ETF,2023-07-28,NA,NA,NA,NA,NA,NA,NA,NA,NA,NA,NA,NA,NA,NA,NA,NA,NA,NA,NA,NA,NA,NA,NA,NA,0.15653848971233164,0.014401716019452504
FCFY,First Trust Exchange-Traded Fund First Trust S&P 500 Diversifi,2023-08-28,NA,NA,NA,NA,NA,NA,NA,NA,NA,NA,NA,NA,NA,NA,NA,NA,NA,NA,NA,NA,NA,NA,NA,NA,0.0985638859194693,-0.007085761811010838
SDD,ProShares UltraShort SmallCap600,2007-01-25,NA,NA,NA,NA,NA,NA,NA,NA,0.0211611277715269,0.25397062284062444,-0.5708931106270532,-0.48385866650914,-0.2915747386404981,-0.3300440678054546,-0.5372093936186098,-0.1873950895845642,-0.042257259406671466,-0.43664249495724405,-0.2545367094010861,0.14125385621884323,-0.36315557817576716,-0.5510752650080919,-0.46581836546376265,0.2053207688655132,-0.25985486836698,0.08138903826164068
SDOG,ALPS Sector Dividend Dogs ETF,2012-07-16,NA,NA,NA,NA,NA,NA,NA,NA,NA,NA,NA,NA,NA,0.0577652678879228,0.3422699811351255,0.15003687045790115,-0.03180633712446812,0.2246505909727743,0.12649190550368683,-0.11433435250599133,0.24024137941305246,-0.003558448791834423,0.24589229747330288,-0.0020444264444057225,0.04190840232091042,-0.004486920596322164
SDP,ProShares UltraShort Utilities,2007-03-14,NA,NA,NA,NA,NA,NA,NA,NA,-0.2001008639590246,0.39101259591135995,-0.33291123059454,-0.1980487443263318,-0.36861318654366926,-0.04495812612628325,-0.2955615373959136,-0.43317427857738144,0.004631589139012515,-0.32187758294711133,-0.22033376189115328,-0.09312459176388388,-0.35571563456446853,-0.3627877215861245,-0.33136409018916146,-0.1251885585238146,0.18946199214939763,0.0016013177045783866
SDS,ProShares UltraShort S&P500,2006-07-13,NA,NA,NA,NA,NA,NA,NA,-0.19868803865478635,-0.03701655147949867,0.6049833841782271,-0.5059204527879004,-0.3221112210460534,-0.188131234017326,-0.29873002355088263,-0.45185744451859966,-0.2565744356429114,-0.09614492409448472,-0.24184669797423364,-0.32021559731096183,0.06037421982206026,-0.41173819480138363,-0.500793687779058,-0.4301857244501709,0.30686894758446437,-0.31529643431341203,-0.0013369289914887394
SDSI,American Century Short Duration Strategic Income ETF,2022-10-13,NA,NA,NA,NA,NA,NA,NA,NA,NA,NA,NA,NA,NA,NA,NA,NA,NA,NA,NA,NA,NA,NA,NA,0.020527621789892647,0.05455715757155266,0.0037360855062280596
SDVD,FT Vest SMID Rising Dividend Achievers Target Income ETF,2023-08-10,NA,NA,NA,NA,NA,NA,NA,NA,NA,NA,NA,NA,NA,NA,NA,NA,NA,NA,NA,NA,NA,NA,NA,NA,0.09452877855865771,-0.029397858451761127
SDVY,First Trust SMID Cap Rising Dividend Achievers ETF,2017-11-03,NA,NA,NA,NA,NA,NA,NA,NA,NA,NA,NA,NA,NA,NA,NA,NA,NA,NA,0.057839713871994825,-0.15264081662917317,0.25632214315149504,0.11716167038550562,0.29129342102431677,-0.119815004957318,0.2857453852775651,-0.029905386894926056
SDY,SPDR S&P Dividend ETF,2005-11-15,NA,NA,NA,NA,NA,NA,0.011056051962852198,0.1772677532829523,-0.06696117320542194,-0.22823903555733094,0.19175271210891842,0.16401532795086782,0.0714984072406406,0.11600789100079689,0.30092267995967714,0.1381142964151858,-0.007958038281141722,0.20285564491604902,0.15817245852512718,-0.0274170387519852,0.23285251197106915,0.01711656923524396,0.2454895469700551,-0.0053553454544548185,0.026063405694515485,-0.00424100803488725
SECT,Northern Lights Fund Trust IV Main Sector Rotation ETF,2017-09-06,NA,NA,NA,NA,NA,NA,NA,NA,NA,NA,NA,NA,NA,NA,NA,NA,NA,NA,0.09389301332871058,-0.09653723896523492,0.280615800576673,0.15648240124990287,0.2887477419626807,-0.12800343509329948,0.21097901240154626,-0.008378075102908777
SEF,ProShares Short Financials,2008-06-12,NA,NA,NA,NA,NA,NA,NA,NA,NA,0.11104207772550678,-0.416020209062282,-0.17432418568793517,0.019640044270038404,-0.2405031122510044,-0.27404012242405573,-0.14895679067620904,-0.038198348802637394,-0.1724955533118998,-0.17120356858270003,0.10347678411776884,-0.23508545025984184,-0.16940985939945308,-0.2700501034203052,0.11854112583323606,-0.08807495596290482,0.0044014253737652
SEIM,SEI EXCHANGE TRADED FDS SEI Enhanced U.S. Large Cap Momentum F,2022-05-18,NA,NA,NA,NA,NA,NA,NA,NA,NA,NA,NA,NA,NA,NA,NA,NA,NA,NA,NA,NA,NA,NA,NA,-0.023947587252237557,0.15734165405132505,0.013263987302849722
SEIQ,SEI EXCHANGE TRADED FDS SEI Enhanced U.S. Large Cap Quality Fa,2022-05-19,NA,NA,NA,NA,NA,NA,NA,NA,NA,NA,NA,NA,NA,NA,NA,NA,NA,NA,NA,NA,NA,NA,NA,0.019288206845084144,0.21983638304387942,0.003488822772323097
SEIV,SEI EXCHANGE TRADED FDS SEI Enhanced U.S. Large Cap Value Fact,2022-05-18,NA,NA,NA,NA,NA,NA,NA,NA,NA,NA,NA,NA,NA,NA,NA,NA,NA,NA,NA,NA,NA,NA,NA,-0.03710531181599408,0.206022764681709,0.0020967346169644685
SELV,SEI EXCHANGE TRADED FDS SEI Enhanced Low Volatility U.S. Large,2022-05-18,NA,NA,NA,NA,NA,NA,NA,NA,NA,NA,NA,NA,NA,NA,NA,NA,NA,NA,NA,NA,NA,NA,NA,0.013782704402515833,0.0516809359305348,0.013376068205906533
SEMI,Columbia ETF Trust I Columbia Seligman Semiconductor and Techn,2022-03-30,NA,NA,NA,NA,NA,NA,NA,NA,NA,NA,NA,NA,NA,NA,NA,NA,NA,NA,NA,NA,NA,NA,NA,-0.21865718538214163,0.4536539712179979,-0.043406376171597594
SEPT,AIM ETF Products Trust AllianzIM U.S. Large Cap Buffer10 Sep E,2023-09-01,NA,NA,NA,NA,NA,NA,NA,NA,NA,NA,NA,NA,NA,NA,NA,NA,NA,NA,NA,NA,NA,NA,NA,NA,0.048652957406633224,0.0032732146591871736
SEPW,AIM ETF Products Trust AllianzIM U.S. Large Cap Buffer20 Sep E,2023-09-01,NA,NA,NA,NA,NA,NA,NA,NA,NA,NA,NA,NA,NA,NA,NA,NA,NA,NA,NA,NA,NA,NA,NA,NA,0.03742523596312286,0.0034961586295052527
SEPZ,Listed Funds Trust TrueShares Structured Outcome (September) E,2020-09-01,NA,NA,NA,NA,NA,NA,NA,NA,NA,NA,NA,NA,NA,NA,NA,NA,NA,NA,NA,NA,NA,0.05952859722709025,0.21828681785510096,-0.08506334639483082,0.17933976408433683,9.576125460142304e-4
SFLR,Innovator ETFs Trust Innovator Equity Managed Floor ETF,2022-11-09,NA,NA,NA,NA,NA,NA,NA,NA,NA,NA,NA,NA,NA,NA,NA,NA,NA,NA,NA,NA,NA,NA,NA,0.013812931032338716,0.21208671693796832,0.003658996770906864
SFY,SoFi Select 500 ETF,2019-04-11,NA,NA,NA,NA,NA,NA,NA,NA,NA,NA,NA,NA,NA,NA,NA,NA,NA,NA,NA,NA,0.13374716331409808,0.24514402263731117,0.28034751816213177,-0.22846190998892435,0.2935813295963434,5.903322648503906e-4
SFYF,SoFi Social 50 ETF,2019-05-08,NA,NA,NA,NA,NA,NA,NA,NA,NA,NA,NA,NA,NA,NA,NA,NA,NA,NA,NA,NA,0.04952038782125978,0.3364462180948433,0.35826683309904395,-0.4772823163293948,0.5680093973864018,-0.040426283597018275
SFYX,SoFi Next 500 ETF,2019-04-11,NA,NA,NA,NA,NA,NA,NA,NA,NA,NA,NA,NA,NA,NA,NA,NA,NA,NA,NA,NA,0.0694597557665555,0.17632450636976627,0.18886985040941595,-0.22875419137880149,0.17703239385998226,-0.022691703279527853
SGLC,The RBB Fund Inc. SGI U.S. Large Cap Core ETF,2023-03-31,NA,NA,NA,NA,NA,NA,NA,NA,NA,NA,NA,NA,NA,NA,NA,NA,NA,NA,NA,NA,NA,NA,NA,NA,0.18934171820527834,0.010249804210430646
SHDG,Trust For Advised Portfolios Soundwatch Hedged Equity ETF,2022-10-25,NA,NA,NA,NA,NA,NA,NA,NA,NA,NA,NA,NA,NA,NA,NA,NA,NA,NA,NA,NA,NA,NA,NA,0.014989281387937758,0.17848162774195542,0.0024101313873390318
SHNY,Bank Of Montreal MicroSectors Gold 3X Leveraged ETNs due Janua,2023-02-22,NA,NA,NA,NA,NA,NA,NA,NA,NA,NA,NA,NA,NA,NA,NA,NA,NA,NA,NA,NA,NA,NA,NA,NA,0.12515265775877138,-0.03291733884404946
SHOC,EA Series Trust Strive U.S. Semiconductor ETF,2022-10-06,NA,NA,NA,NA,NA,NA,NA,NA,NA,NA,NA,NA,NA,NA,NA,NA,NA,NA,NA,NA,NA,NA,NA,-0.011656569650454585,0.6196806141137754,-0.03471867622074665
SHRT,Tidal ETF Trust Gotham Short Strategies ETF,2023-11-06,NA,NA,NA,NA,NA,NA,NA,NA,NA,NA,NA,NA,NA,NA,NA,NA,NA,NA,NA,NA,NA,NA,NA,NA,-0.058249835667464,0.029224968139158314
SHUS,Syntax Stratified U.S. Total Market Hedged ETF,2021-06-22,NA,NA,NA,NA,NA,NA,NA,NA,NA,NA,NA,NA,NA,NA,NA,NA,NA,NA,NA,NA,NA,NA,0.04803187000208897,-0.033167271802912235,0.04572463186840148,-0.013339943716252134
SIJ,ProShares UltraShort Industrials,2007-02-01,NA,NA,NA,NA,NA,NA,NA,NA,-0.13322814718076992,0.7314960834556454,-0.5504621090077195,-0.4625821659727254,-0.20504977601162733,-0.33517805962138214,-0.5240680900862434,-0.19448656257369812,-0.0495633657972917,-0.3431834544836687,-0.36332715001201954,0.20550667558817337,-0.45120757285959734,-0.5406392822706044,-0.34343932487862083,0.1816804825979983,-0.24196405598838633,0.03703704326653812
SIMS,SPDR S&P Kensho Intelligent Structures ETF ,2017-12-27,NA,NA,NA,NA,NA,NA,NA,NA,NA,NA,NA,NA,NA,NA,NA,NA,NA,NA,3.322653424284727e-4,-0.18068397922070956,0.35293593539832946,0.298853210728943,0.08899504175736017,-0.2712951501513823,0.07424844662036723,-0.055886584425750674
SIXA,ETC 6 Meridian Mega Cap Equity ETF,2020-05-11,NA,NA,NA,NA,NA,NA,NA,NA,NA,NA,NA,NA,NA,NA,NA,NA,NA,NA,NA,NA,NA,0.18621959334375426,0.23869785485593842,-0.05715508327044816,0.11616495100900548,0.01681602391102155
SIXH,ETC 6 Meridian Hedged Equity Index Option ETF,2020-05-11,NA,NA,NA,NA,NA,NA,NA,NA,NA,NA,NA,NA,NA,NA,NA,NA,NA,NA,NA,NA,NA,0.05830313161350986,0.1837552274620715,0.06898860712944899,0.046565743495722955,0.02091795104442995
SIXJ,AIM ETF Products Trust AllianzIM U.S. Large Cap 6 Month Buffer,2022-01-03,NA,NA,NA,NA,NA,NA,NA,NA,NA,NA,NA,NA,NA,NA,NA,NA,NA,NA,NA,NA,NA,NA,NA,-0.10718821970595627,0.18073037510057044,0.005500297807648602
SIXL,ETC 6 Meridian Low Beta Equity ETF,2020-05-11,NA,NA,NA,NA,NA,NA,NA,NA,NA,NA,NA,NA,NA,NA,NA,NA,NA,NA,NA,NA,NA,0.1842540691546266,0.19998641348722668,-0.0749403732588273,0.02181423266937843,-0.0015095932943512969
SIXO,AllianzIM U.S. Large Cap 6 Month Buffer10 Apr/Oct ETF,2021-10-01,NA,NA,NA,NA,NA,NA,NA,NA,NA,NA,NA,NA,NA,NA,NA,NA,NA,NA,NA,NA,NA,NA,0.036512578964892795,-0.056561744192046404,0.17436747220454074,0.0038791058152765068
SIXS,ETC 6 Meridian Small Cap Equity ETF,2020-05-11,NA,NA,NA,NA,NA,NA,NA,NA,NA,NA,NA,NA,NA,NA,NA,NA,NA,NA,NA,NA,NA,0.4340626998266761,0.4074139376332613,-0.1851933588710193,0.14643342790003921,-0.028070140508123953
SJIM,Northern Lights Fund Trust IV Inverse Cramer Tracker ETF,2023-03-02,NA,NA,NA,NA,NA,NA,NA,NA,NA,NA,NA,NA,NA,NA,NA,NA,NA,NA,NA,NA,NA,NA,NA,NA,-0.0820071821418169,-0.046324500242452826
SKF,ProShares UltraShort Financials,2007-02-01,NA,NA,NA,NA,NA,NA,NA,NA,0.48969397312316065,0.03616161333833867,-0.7647801616018802,-0.3532810726920629,-0.053605552944785306,-0.43459202888294435,-0.4806201919483034,-0.279707165376058,-0.08627215245706132,-0.3327519170978682,-0.3169934457182938,0.16422773545827085,-0.42974066345448003,-0.42399616263609663,-0.47658224990901,0.17635872750117132,-0.2179152143805957,0.007477882827463533
SKYU,ProShares Ultra Cloud Computing,2021-01-21,NA,NA,NA,NA,NA,NA,NA,NA,NA,NA,NA,NA,NA,NA,NA,NA,NA,NA,NA,NA,NA,NA,0.07146342207745815,-0.7594809945062455,1.0575430439630682,-0.00643971440305291
SKYY,First Trust Cloud Computing ETF,2011-07-06,NA,NA,NA,NA,NA,NA,NA,NA,NA,NA,NA,NA,-0.15161655779900673,0.15540449369005382,0.3361852820401794,0.07334428171279983,0.060204021693347265,0.15215648555297,0.33465009415337454,0.06624348271845659,0.25252344475623234,0.5777478052803182,0.10621599197235909,-0.44680909983616124,0.5217843645221636,-0.001254712132417124
SLYG,SPDR S&P 600 Small Cap Growth ETF (based on S&P SmallCap 600 G,2000-10-02,NA,-0.1774863736064256,-0.0871423507342749,-0.38721515875606105,0.4779361013750336,0.14838108798452043,0.08772229884412308,0.1338659148975374,0.0610415080795188,-0.41155018751999173,0.47153100465357745,0.3020944072037888,0.03743644495484877,0.14146452455571867,0.4264171333918383,0.03945140810246506,0.02418657337766139,0.22162864860760223,0.14617399635863748,-0.04196268162651273,0.2097338470922534,0.19481316288768524,0.221755251999751,-0.21255406561732126,0.17273015745312215,-0.030132688339451263
SLYV,SPDR S&P 600 Small Cap Value ETF (based on S&P SmallCap Value ,2000-10-02,NA,0.12557736614301396,0.1439256572309,-0.03870334558321942,0.4301471472773064,0.18219280240900937,0.027769158424332252,0.19794852753956582,-0.045886539792489356,-0.33961169957341075,0.3701540596174624,0.24581378710991197,-0.017222398689381135,0.17385194042731023,0.4064909543861701,0.06890693234622947,-0.06485026528392401,0.3117276490653744,0.11740229333603747,-0.12772720565174966,0.24255970750778366,0.026825893463839012,0.3015528158562393,-0.11074614327729748,0.14818694037678082,-0.043332141593361184
SMAY,FT Vest U.S. Small Cap Moderate Buffer ETF - May,2023-05-22,NA,NA,NA,NA,NA,NA,NA,NA,NA,NA,NA,NA,NA,NA,NA,NA,NA,NA,NA,NA,NA,NA,NA,NA,0.08936178847210141,-0.01671511709756579
SMCF,Themes US Small Cap Cash Flow Champions ETF,2023-12-13,NA,NA,NA,NA,NA,NA,NA,NA,NA,NA,NA,NA,NA,NA,NA,NA,NA,NA,NA,NA,NA,NA,NA,NA,0.04473265968121276,-0.022216745199594823
SMCO,Hilton Small-MidCap Opportunity ETF,2023-11-29,NA,NA,NA,NA,NA,NA,NA,NA,NA,NA,NA,NA,NA,NA,NA,NA,NA,NA,NA,NA,NA,NA,NA,NA,0.07832982795341148,-0.01517249920637087
SMDY,Syntax Stratified MidCap ETF,2020-01-17,NA,NA,NA,NA,NA,NA,NA,NA,NA,NA,NA,NA,NA,NA,NA,NA,NA,NA,NA,NA,NA,0.15338620863285324,0.21623268584022792,-0.12687449770924342,0.17311762143951248,-0.022733875192629927
SMH,VanEck Semiconductor ETF,2000-06-05,NA,-0.5034833296151192,-0.1459181222270347,-0.470728854978813,0.8731379508338202,-0.195709950867489,0.0979922686292265,-0.08160476085014834,-0.03536416971308798,-0.4574861289130462,0.5854627693528822,0.1651146931119778,-0.06455596061535829,0.08549921839274477,0.33329846382728556,0.3022336561197938,-0.003373018202155187,0.3554260187838112,0.3847761421478715,-0.09052263360906365,0.6445060616764324,0.5553444029511918,0.42131537364782123,-0.3353173974701599,0.7337542047428971,-0.010979574670077819
SMIG,ETF Series Solutions AAM Bahl & Gaynor Small/Mid Cap Income Gr,2021-08-26,NA,NA,NA,NA,NA,NA,NA,NA,NA,NA,NA,NA,NA,NA,NA,NA,NA,NA,NA,NA,NA,NA,0.05516683150220292,-0.11829741932354365,0.13396134077379895,-0.009523875841295881
SMIZ,Zacks Trust Zacks Small/Mid Cap ETF,2023-10-03,NA,NA,NA,NA,NA,NA,NA,NA,NA,NA,NA,NA,NA,NA,NA,NA,NA,NA,NA,NA,NA,NA,NA,NA,0.16393906742210018,-0.016704749052191326
SMLE,Xtrackers S&P SmallCap 600 ESG ETF,2021-02-26,NA,NA,NA,NA,NA,NA,NA,NA,NA,NA,NA,NA,NA,NA,NA,NA,NA,NA,NA,NA,NA,NA,0.11220698721016031,-0.1523465029803961,0.17469411251797373,-0.033868299678206815
SMLF,iShares U.S. Small?Cap Equity Factor ETF,2015-04-30,NA,NA,NA,NA,NA,NA,NA,NA,NA,NA,NA,NA,NA,NA,NA,NA,0.023820474757016763,0.20430422508091395,0.126956704933052,-0.08421343846469054,0.21559197549343256,0.08377411731455697,0.26531139507914525,-0.12184546973578003,0.19988430169834026,-0.025501530224115054
SMMD,iShares Trust iShares Russell 2500 ETF,2017-07-10,NA,NA,NA,NA,NA,NA,NA,NA,NA,NA,NA,NA,NA,NA,NA,NA,NA,NA,0.10822949424773132,-0.10577346040524949,0.2800952695231764,0.19975787986685756,0.18301673810149688,-0.18533175975487537,0.1770942712121859,-0.028260481929412773
SMMV,iShares MSCI USA Small-Cap Min Vol Factor ETF,2016-09-09,NA,NA,NA,NA,NA,NA,NA,NA,NA,NA,NA,NA,NA,NA,NA,NA,NA,0.07494938581880062,0.14307495742947451,0.011496260609244802,0.2421257092786233,-0.028795097124074687,0.16641702248283385,-0.09997092622418191,0.05085421394390943,-0.008966088740186784
SMN,ProShares UltraShort Materials,2007-02-02,NA,NA,NA,NA,NA,NA,NA,NA,-0.3833205386278643,0.5634978802847181,-0.7816357831349313,-0.5467609327295806,-0.031704860310362015,-0.2784486346074897,-0.36339977383515354,-0.13438505316542726,0.15828549927418112,-0.3793706158584428,-0.38028173266219356,0.327224202322167,-0.336226290348833,-0.557575705734203,-0.4579257232402004,-0.031037955333812928,-0.20173693367839873,0.05372412168512275
SMOT,VanEck ETF Trust VanEck Morningstar SMID Moat ETF,2022-10-06,NA,NA,NA,NA,NA,NA,NA,NA,NA,NA,NA,NA,NA,NA,NA,NA,NA,NA,NA,NA,NA,NA,NA,0.05413435986291315,0.17311242310340202,-0.025714268760075654
SMRI,Bushido Capital US Equity ETF,2023-09-14,NA,NA,NA,NA,NA,NA,NA,NA,NA,NA,NA,NA,NA,NA,NA,NA,NA,NA,NA,NA,NA,NA,NA,NA,0.05105374297991605,-0.0057462735965174705
SMTH,ALPS ETF Trust ALPS,2023-12-06,NA,NA,NA,NA,NA,NA,NA,NA,NA,NA,NA,NA,NA,NA,NA,NA,NA,NA,NA,NA,NA,NA,NA,NA,0.03488194234111508,-0.0025009824790321877
SNAV,Collaborative Investment Series Trust Mohr Sector Nav ETF,2023-01-11,NA,NA,NA,NA,NA,NA,NA,NA,NA,NA,NA,NA,NA,NA,NA,NA,NA,NA,NA,NA,NA,NA,NA,NA,0.12248880601144818,-0.015690976750942665
SNOV,FT Vest U.S. Small Cap Moderate Buffer ETF - November,2023-11-20,NA,NA,NA,NA,NA,NA,NA,NA,NA,NA,NA,NA,NA,NA,NA,NA,NA,NA,NA,NA,NA,NA,NA,NA,0.056215647133468494,-0.010209850721751512
SNPD,DBX ETF Trust Xtrackers S&P ESG Dividend Aristocrats ETF,2022-11-16,NA,NA,NA,NA,NA,NA,NA,NA,NA,NA,NA,NA,NA,NA,NA,NA,NA,NA,NA,NA,NA,NA,NA,-0.007251806565510388,0.02677829285524025,-0.008601243264733771
SNPE,Xtrackers S&P 500 ESG ETF,2019-06-26,NA,NA,NA,NA,NA,NA,NA,NA,NA,NA,NA,NA,NA,NA,NA,NA,NA,NA,NA,NA,0.12922729026718893,0.19839652807346342,0.31432642356000784,-0.17665443367511413,0.2779005248978854,0.002985697075895244
SNPG,DBX ETF Trust Xtrackers S&P 500 Growth ESG ETF,2022-11-11,NA,NA,NA,NA,NA,NA,NA,NA,NA,NA,NA,NA,NA,NA,NA,NA,NA,NA,NA,NA,NA,NA,NA,-0.06290095107799909,0.38445024235631875,0.01298323814518132
SNPV,DBX ETF Trust Xtrackers S&P 500 Value ESG ETF,2022-11-10,NA,NA,NA,NA,NA,NA,NA,NA,NA,NA,NA,NA,NA,NA,NA,NA,NA,NA,NA,NA,NA,NA,NA,-0.008990653286544914,0.15997071887375247,-0.007545046853231208
SOVF,Elevation Series Trust Sovereign's Capital Flourish Fund,2023-10-03,NA,NA,NA,NA,NA,NA,NA,NA,NA,NA,NA,NA,NA,NA,NA,NA,NA,NA,NA,NA,NA,NA,NA,NA,0.16186528531394972,-0.027801253728923836
SOXL,Direxion Daily Semiconductor Bull 3X Shares,2010-03-11,NA,NA,NA,NA,NA,NA,NA,NA,NA,NA,NA,0.2617819418902032,-0.480695899657953,0.03582399026212313,1.5667507791760045,0.9534168791519635,-0.20575561992419145,1.2347970242416295,1.4170539784648493,-0.3906988910755166,2.3182665717324613,0.7003783563670456,1.1883889780047534,-0.8566309742029906,2.269804764806501,-0.10509551838061482
SOXQ,Invesco PHLX Semiconductor ETF,2021-06-11,NA,NA,NA,NA,NA,NA,NA,NA,NA,NA,NA,NA,NA,NA,NA,NA,NA,NA,NA,NA,NA,NA,0.24821694321227628,-0.35590547627209757,0.6674673261904709,-0.02860622387698608
SOXS,Direxion Daily Semiconductor Bear 3X Shares,2010-03-11,NA,NA,NA,NA,NA,NA,NA,NA,NA,NA,NA,-0.5941362353892405,-0.2628131918546154,-0.4202668804509362,-0.7158436684212814,-0.6431236094773711,-0.2500000522424224,-0.7316405661184323,-0.6938775755201136,-0.1938676032121821,-0.8380939009307933,-0.9289844258729819,-0.8093645658243912,0.15755668108306198,-0.8455869671993353,0.08934707312527013
SOXX,iShares Semiconductor ETF,2001-07-13,NA,NA,-0.0846523352067311,-0.4784960426705742,0.8095303234653941,-0.14262959469376324,0.13383804491186369,0.002271965567726797,-0.02148644168316216,-0.5170983652529146,0.7494308954170974,0.13645585920693692,-0.10595323649962118,0.0662124987338486,0.4157920604412215,0.2985074044999372,-0.02018507611185505,0.3834406094123153,0.39786290172107774,-0.0648855478627064,0.6241719832772585,0.5271724742818769,0.4408976829261224,-0.3508611941912707,0.6711779051914875,-0.032476934091987375
SPAX,Robinson Alternative Yield Pre-Merger SPAC ETF,2021-06-24,NA,NA,NA,NA,NA,NA,NA,NA,NA,NA,NA,NA,NA,NA,NA,NA,NA,NA,NA,NA,NA,NA,0.020109534442014354,0.012449503937436823,0.06629411384716555,0.0031908995596992007
SPBC,Simplify U.S. Equity PLUS GBTC ETF,2021-05-25,NA,NA,NA,NA,NA,NA,NA,NA,NA,NA,NA,NA,NA,NA,NA,NA,NA,NA,NA,NA,NA,NA,0.15193734829686,-0.28007290379252026,0.480398228945889,0.02040098197257012
SPC,CrossingBridge Pre-Merger SPAC ETF,2021-09-21,NA,NA,NA,NA,NA,NA,NA,NA,NA,NA,NA,NA,NA,NA,NA,NA,NA,NA,NA,NA,NA,NA,0.02397605040804418,0.020268646936769663,0.06047987559290613,0.003071042943414204
SPCX,AXS SPAC and New Issue ETF,2020-12-16,NA,NA,NA,NA,NA,NA,NA,NA,NA,NA,NA,NA,NA,NA,NA,NA,NA,NA,NA,NA,NA,0.03004795900722379,0.0928026980803176,-0.12250002699670226,-0.04098493023740302,0.012630772681111013
SPCZ,Listed Funds Trust RiverNorth Enhanced Pre-Merger SPAC ETF,2022-07-12,NA,NA,NA,NA,NA,NA,NA,NA,NA,NA,NA,NA,NA,NA,NA,NA,NA,NA,NA,NA,NA,NA,NA,0.019558068128633588,0.05936080556957468,0.006415526124980753
SPD,Simplify Exchange Traded Funds Simplify US Equity PLUS Downsid,2020-09-04,NA,NA,NA,NA,NA,NA,NA,NA,NA,NA,NA,NA,NA,NA,NA,NA,NA,NA,NA,NA,NA,0.08751152281543684,0.24811590242371095,-0.2595980118951564,0.20936177857321225,0.002957930271858311
SPDG,SPDR Series Trust SPDR Portfolio S&P Sector Neutral Dividend E,2023-09-13,NA,NA,NA,NA,NA,NA,NA,NA,NA,NA,NA,NA,NA,NA,NA,NA,NA,NA,NA,NA,NA,NA,NA,NA,0.08232000434859144,-0.0010259255209617013
SPDN,Direxion Daily S&P 500 Bear 1X Shares,2016-06-10,NA,NA,NA,NA,NA,NA,NA,NA,NA,NA,NA,NA,NA,NA,NA,NA,NA,-0.07940430114377894,-0.17162618957581166,0.05411199068411854,-0.21941016921888223,-0.2456320110314677,-0.23724215267910986,0.18631767214196038,-0.15043387658005314,7.524626719743743e-4
SPDV,AAM S&P 500 High Dividend Value ETF,2017-11-29,NA,NA,NA,NA,NA,NA,NA,NA,NA,NA,NA,NA,NA,NA,NA,NA,NA,NA,0.03648703338439363,-0.0658573072727382,0.20459902485702286,-0.060901430107837995,0.295297874605686,-0.022678826680728625,0.051125566502255415,-0.0033234358794077545
SPHB,Invesco S&P 500 High Beta ETF,2011-05-05,NA,NA,NA,NA,NA,NA,NA,NA,NA,NA,NA,NA,-0.218868010580626,0.17929418700205746,0.4068338809698586,0.12679919449102472,-0.1285139449558962,0.2623168990479918,0.1785565995821783,-0.1555133928940018,0.3396087499572984,0.24980019919976648,0.40207625445669093,-0.20585487017820114,0.3327720643792973,-0.03470874462852214
SPHD,Invesco S&P 500 High Dividend Low Volatility ETF,2012-10-26,NA,NA,NA,NA,NA,NA,NA,NA,NA,NA,NA,NA,NA,-0.017254437557676194,0.20808363798816432,0.19986164241854998,0.05179666959532514,0.21594940833329335,0.11898514721580433,-0.06170315971727247,0.20260597900977162,-0.10374102494409065,0.24613915865515867,0.005818010092421666,0.013167084721431799,0.0073096292008105745
SPHQ,Invesco S&P 500 Quality ETF,2005-12-06,NA,NA,NA,NA,NA,NA,-0.020513171285820753,0.04581178922636875,0.16770946829292188,-0.4634920250466813,0.12586623256761653,0.20500164626587125,0.0628457191197922,0.14320586679958036,0.327348049306575,0.16083930898116394,0.016445792007451665,0.14297316168566954,0.19103859816250335,-0.07091336543822013,0.3363315648794658,0.16925061997617918,0.27587033148459694,-0.1576227089276213,0.24827479756447812,0.007766238068138032
SPLG,SPDR Portfolio S&P 500 ETF,2005-11-15,NA,NA,NA,NA,NA,NA,0.020747169652685304,0.145475913200237,0.05745960468746847,-0.3689651179877923,0.2723011779313631,0.15887833798288953,0.01714397410758184,0.1514428964689225,0.3317241263965547,0.1368698926023728,0.011449430336627264,0.11820991549321636,0.21301198173929747,-0.047801307009103566,0.31992920862102836,0.18491720309245707,0.2877869228307326,-0.18092017569225427,0.26242820479906825,0.0032200411495955095
SPMD,SPDR Portfolio S&P 400 Mid Cap ETF  ,2013-07-09,NA,NA,NA,NA,NA,NA,NA,NA,NA,NA,NA,NA,NA,NA,0.05333668741437747,0.022168383589735052,-0.09006872171873836,0.16806719773274592,0.15118720970561617,-0.10345662263288591,0.25192280773382825,0.13454431349890883,0.24762463863726092,-0.1312732056128516,0.16478812314582614,-0.01908867573633366
SPMV,Invesco S&P 500 Minimum Variance ETF,2017-07-14,NA,NA,NA,NA,NA,NA,NA,NA,NA,NA,NA,NA,NA,NA,NA,NA,NA,NA,0.09748611178143385,-0.04593160798770557,0.32588668278536015,0.08563073382661002,0.24347575531097054,-0.10841439023642119,0.10275981091468589,0.01574482278582634
SPQ,Simplify Exchange Traded Funds Simplify US Equity PLUS QIS ETF,2023-11-14,NA,NA,NA,NA,NA,NA,NA,NA,NA,NA,NA,NA,NA,NA,NA,NA,NA,NA,NA,NA,NA,NA,NA,NA,0.05508828291437817,0.0012174596199971965
SPRX,Spear Alpha ETF,2021-08-04,NA,NA,NA,NA,NA,NA,NA,NA,NA,NA,NA,NA,NA,NA,NA,NA,NA,NA,NA,NA,NA,NA,0.08911421232711558,-0.4498689897979252,0.8801704675904938,-0.01688885158962672
SPTM,SPDR Portfolio S&P 1500 Composite Stock Market ETF,2000-10-10,NA,-0.026806025945736334,-0.10153674747218933,-0.2159283250771472,0.2697986326181079,0.10564502797696962,0.06660504795679012,0.1478172615794877,0.05208209073062631,-0.36675796417266526,0.2794737121735369,0.17318491590401042,0.007797279318286554,0.1585737662770874,0.33546344745427614,0.1342612300183048,0.0023324330959979545,0.12234501791516794,0.21176909636294483,-0.053020295069634016,0.313414155210324,0.17927099963957005,0.2857660444721746,-0.17746305084224867,0.25547709190914936,5.132383046244637e-4
SPUC,Simplify Exchange Traded Funds Simplify US Equity PLUS Upside ,2020-09-04,NA,NA,NA,NA,NA,NA,NA,NA,NA,NA,NA,NA,NA,NA,NA,NA,NA,NA,NA,NA,NA,0.09528785910731519,0.3383549382697706,-0.24765511188163236,0.27499213852835314,-3.032314051443219e-5
SPUS,SP Funds S&P 500 Sharia Industry Exclusions ETF,2019-12-18,NA,NA,NA,NA,NA,NA,NA,NA,NA,NA,NA,NA,NA,NA,NA,NA,NA,NA,NA,NA,0.008072478284206985,0.25679590030997934,0.3562169504951551,-0.22761219611594918,0.34196405223426285,0.005847975394087879
SPVM,Invesco S&P 500 Value with Momentum ETF,2011-06-16,NA,NA,NA,NA,NA,NA,NA,NA,NA,NA,NA,NA,-0.026370101335174256,0.18198735180408665,0.3381537895669642,0.1077788704209044,-0.05456748931643307,0.23549843587469854,0.1470060778644271,-0.09169473837007003,0.29328262859974696,-0.03751264260192477,0.28392761680130874,-0.020945778584985364,0.05513977685001192,-0.004337563395273025
SPXE,ProShares S&P 500 Ex-Energy ETF,2015-09-24,NA,NA,NA,NA,NA,NA,NA,NA,NA,NA,NA,NA,NA,NA,NA,NA,0.07216824494570084,0.1010835994452175,0.24990350766160163,-0.05516331469945668,0.3244921424523799,0.2061698031089323,0.27929240054882487,-0.2057652303843145,0.27709517800222083,0.003967935502333431
SPXL,Direxion Daily S&P 500 Bull 3X Shares,2008-11-05,NA,NA,NA,NA,NA,NA,NA,NA,NA,-0.2852248601034696,0.6515046851051711,0.39810939717366933,-0.14909074225376062,0.4406639170999229,1.1836850228626035,0.3749214777945238,-0.055175412196712514,0.30007226367784656,0.7103037615035954,-0.25112910859020054,1.027964454845332,0.09637136806286373,0.9875238247614302,-0.5655093100843075,0.6948406326485608,0.0025002610017463844
SPXS,Direxion Daily S&P 500 Bear 3X,2008-11-19,NA,NA,NA,NA,NA,NA,NA,NA,NA,-0.43190656844348274,-0.7070205770544582,-0.4874342515910872,-0.326567910114542,-0.42736190404030305,-0.6070964584418275,-0.379891570120675,-0.17864094317939216,-0.361701952794267,-0.44518531746523593,0.034364151603693216,-0.5639793658983118,-0.7046905889214427,-0.5810742184001263,0.36141653814688435,-0.45966598929276914,-0.0025973794351324964
SPXU,ProShares UltraPro Short S&P500,2009-06-25,NA,NA,NA,NA,NA,NA,NA,NA,NA,NA,-0.5048437877000003,-0.4651418512247997,-0.3235446847817667,-0.4249807779867447,-0.6007948260753997,-0.3689449088605783,-0.1664036943235505,-0.35635446266551707,-0.4423279956067263,0.03962153292402815,-0.5626844720841621,-0.7038809870979987,-0.5793919372553575,0.36048531986565435,-0.460192640700933,-0.0023256345205246998
SPY,SPDR S&P 500,1999-12-31,0,-0.09741456242943736,-0.11758568831851512,-0.21584570232421108,0.2818154754446205,0.10697914729578262,0.04828244260945813,0.15845291005144335,0.05146226903596762,-0.36795014635040657,0.26351752601724754,0.1505618335723098,0.01894970544376995,0.15990365702996434,0.323077551732992,0.134637796086988,0.01234301649297942,0.11997871377787361,0.21705433991643397,-0.04569008068076552,0.31223879299681845,0.18331598431631368,0.28728768695255646,-0.18175356934642606,0.26175781200316894,0.002882319169014824
SPYC,Simplify Exchange Traded Funds Simplify US Equity PLUS Convexi,2020-09-04,NA,NA,NA,NA,NA,NA,NA,NA,NA,NA,NA,NA,NA,NA,NA,NA,NA,NA,NA,NA,NA,0.09101048478592078,0.2926022493987388,-0.2564921175875591,0.23976804481688974,0.0010696955395841368
SPYG,SPDR Series Trust SPDR Portfolio S&P 500 Growth ETF,2000-10-02,NA,-0.24101852366130883,-0.25900553211103183,-0.32132367102137005,0.2833950917601,0.05270698471029034,0.027740548022004985,0.09011456547313834,0.10752781417959167,-0.3741164348158357,0.369958552240635,0.16243479663511295,0.04648126468177094,0.14177926540351793,0.32603808278417423,0.1480466597720047,0.050765381324233694,0.06837929190857084,0.27236765782417294,-0.00118432267802282,0.30841840709756374,0.33464372700233036,0.3201279761109743,-0.29409980543321057,0.30023850162065835,0.008146308010841041
SPYV,SPDR Series Trust SPDR Portfolio S&P 500 Value ETF,2000-10-02,NA,0.03764047375178525,-0.056054211997916936,-0.17972539013001443,0.25222402972999736,0.1319916187734067,0.053571622452059486,0.2157084762542214,0.014036565696195158,-0.3626361799194572,0.17100328272354015,0.15485540174323398,-0.007254115071265388,0.1722356238224414,0.31759468423863857,0.12169080025894963,-0.031795768909713584,0.17070539005843388,0.15399783561054115,-0.09015487433030933,0.3170602198382575,0.013798473242531584,0.24910097705536827,-0.052746739100173246,0.22199745879031618,-0.002787927624649522
SQEW,LeaderShares Equity Skew ETF,2020-05-12,NA,NA,NA,NA,NA,NA,NA,NA,NA,NA,NA,NA,NA,NA,NA,NA,NA,NA,NA,NA,NA,0.35570488636176134,0.19841692595160754,-0.2075458701468671,0.13986036098532395,-0.018741021590954254
SQLV,Royce Quant Small-Cap Quality Value ETF,2017-07-13,NA,NA,NA,NA,NA,NA,NA,NA,NA,NA,NA,NA,NA,NA,NA,NA,NA,NA,0.08490317617718457,-0.10545341027824584,0.17405935899683178,0.07128543141500532,0.3714782752464616,-0.12858621099615297,0.21211576097935247,-0.038661489493880485
SQQQ,ProShares UltraPro Short QQQ,2010-02-11,NA,NA,NA,NA,NA,NA,NA,NA,NA,NA,NA,-0.594959681693814,-0.36850551138644905,-0.48514471547170024,-0.6461159017283205,-0.48013941028560414,-0.37500002263836163,-0.30134050980288185,-0.5867049977826274,-0.20835544491107771,-0.6591921589568517,-0.8640167739715757,-0.6086956405600601,0.8239940703467779,-0.736088542576181,0.0014870229031449522
SQY,Tidal Trust II YieldMax SQ Option Income Strategy ETF,2023-10-11,NA,NA,NA,NA,NA,NA,NA,NA,NA,NA,NA,NA,NA,NA,NA,NA,NA,NA,NA,NA,NA,NA,NA,NA,0.4444566601100899,-0.12938724400775437
SRHQ,Elevation Series Trust SRH U.S. Quality ETF,2022-10-05,NA,NA,NA,NA,NA,NA,NA,NA,NA,NA,NA,NA,NA,NA,NA,NA,NA,NA,NA,NA,NA,NA,NA,0.04197937823414599,0.2180804993633938,-0.012498069821351487
SRHR,Elevation Series Trust SRH REIT Covered Call ETF,2023-11-02,NA,NA,NA,NA,NA,NA,NA,NA,NA,NA,NA,NA,NA,NA,NA,NA,NA,NA,NA,NA,NA,NA,NA,NA,0.15814090237785905,-0.0013899842889615321
SRS,ProShares UltraShort Real Estate,2007-02-01,NA,NA,NA,NA,NA,NA,NA,NA,0.6346824524426231,-0.5002137130596656,-0.8521001769301202,-0.5162666815703871,-0.32451311132573135,-0.3400434765170126,-0.11005759791457126,-0.4103751990047997,-0.11999227543729452,-0.20419543173687738,-0.1803141288861052,0.06003732231723524,-0.38968110220582997,-0.3304881866425107,-0.5221953270910358,0.5468662296191455,-0.18758577905832063,0.0294117705985808
SSG,ProShares UltraShort Semiconductors,2007-02-01,NA,NA,NA,NA,NA,NA,NA,NA,-0.15389469603423023,1.1085885819127403,-0.7664655216296166,-0.38592632048034425,-0.1837063312012489,-0.08839655006343217,-0.5127526545068266,-0.527703805051012,-0.1741947833846501,-0.45682448705832135,-0.5160839387689307,-0.00802794732973,-0.6332217189100118,-0.7649815208632462,-0.6746231486120796,0.37444793218282135,-0.7869060418453061,-0.035573089006745384
SSLY,Syntax Stratified SmallCap ETF,2020-05-29,NA,NA,NA,NA,NA,NA,NA,NA,NA,NA,NA,NA,NA,NA,NA,NA,NA,NA,NA,NA,NA,0.46473138917494183,0.2534190488602588,-0.1857660452639215,0.11552339699915493,-0.04215120940913142
SSO,ProShares Ultra S&P500,2006-06-21,NA,NA,NA,NA,NA,NA,NA,0.2594937045235364,0.010689532770547183,-0.6793842034469194,0.47233031494775113,0.26819110690976644,-0.02930817550874787,0.310275207073788,0.7046800914600106,0.25533116460839334,-0.011956086306002867,0.21269356016980234,0.44353209988003517,-0.14599752212583983,0.6344548707946944,0.2153747852098553,0.6045244932927931,-0.3898434532814903,0.46654533802518894,0.001997806270595426
SSPX,Janus Henderson U.S. Sustainable Equity ETF,2021-09-13,NA,NA,NA,NA,NA,NA,NA,NA,NA,NA,NA,NA,NA,NA,NA,NA,NA,NA,NA,NA,NA,NA,0.058289722704588653,-0.2673267757377811,0.24391958837302918,-0.004834619202859325
SSPY,Syntax Stratified LargeCap ETF,2014-12-31,NA,NA,NA,NA,NA,NA,NA,NA,NA,NA,NA,NA,NA,NA,NA,0,-0.014418014931259493,0.14108221799236254,0.19725667236275135,-0.06574391896117693,0.2889162597398631,0.12203109601094453,0.2881222062276094,-0.09174952489888633,0.13702615126581574,-0.008123951599006252
SSUS,Day Hagan/Ned Davis Research Smart Sector ETF,2020-01-17,NA,NA,NA,NA,NA,NA,NA,NA,NA,NA,NA,NA,NA,NA,NA,NA,NA,NA,NA,NA,NA,0.1744214434364757,0.28023585398769124,-0.1763775752674276,0.1818903430651282,-0.0011787767509251479
STLG,iShares Factors US Growth Style ETF,2020-01-16,NA,NA,NA,NA,NA,NA,NA,NA,NA,NA,NA,NA,NA,NA,NA,NA,NA,NA,NA,NA,NA,0.2650564172093739,0.27987141451185304,-0.26743319860865444,0.4285820550234085,0.011435553239717677
STNC,Hennessy Stance ESG ETF,2021-03-16,NA,NA,NA,NA,NA,NA,NA,NA,NA,NA,NA,NA,NA,NA,NA,NA,NA,NA,NA,NA,NA,NA,0.1777215491271904,-0.13095328312413423,0.11485791402735668,-0.011274699253050025
STRV,EA Series Trust Strive 500 ETF,2022-09-15,NA,NA,NA,NA,NA,NA,NA,NA,NA,NA,NA,NA,NA,NA,NA,NA,NA,NA,NA,NA,NA,NA,NA,-0.019595749593584344,0.27695849097973624,0.004252570147628809
STXD,EA Series Trust Strive 1000 Dividend Growth ETF,2022-11-11,NA,NA,NA,NA,NA,NA,NA,NA,NA,NA,NA,NA,NA,NA,NA,NA,NA,NA,NA,NA,NA,NA,NA,-0.0011100281181574134,0.13944791540268686,0.0029422289240943478
STXG,EA Series Trust Strive 1000 Growth ETF,2022-11-11,NA,NA,NA,NA,NA,NA,NA,NA,NA,NA,NA,NA,NA,NA,NA,NA,NA,NA,NA,NA,NA,NA,NA,-0.047456455459336966,0.3594782029681802,0.003856926783756931
STXK,EA Series Trust Strive Small-Cap ETF,2022-11-11,NA,NA,NA,NA,NA,NA,NA,NA,NA,NA,NA,NA,NA,NA,NA,NA,NA,NA,NA,NA,NA,NA,NA,-0.059275445643060864,0.20154587371898702,-0.03311531560941339
STXV,EA Series Trust Strive 1000 Value ETF,2022-11-11,NA,NA,NA,NA,NA,NA,NA,NA,NA,NA,NA,NA,NA,NA,NA,NA,NA,NA,NA,NA,NA,NA,NA,-0.021974478222542948,0.09272537699763328,-0.003450639825956392
SURE,AdvisorShares Insider Advantage ETF,2011-10-05,NA,NA,NA,NA,NA,NA,NA,NA,NA,NA,NA,NA,0.12487948080754285,0.1400265084284844,0.43541486909984806,0.14877089518876074,-0.01564940756282629,0.1881749466451923,0.13163371518211253,-0.17024666582608272,0.28891888391506204,0.08756589695473527,0.22523094194072502,-0.11248304015120325,0.23310898339028752,-0.010720807250838571
SUSA,iShares MSCI USA ESG Select ETF,2005-01-28,NA,NA,NA,NA,NA,NA,0.07947585440119687,0.12841151250279226,0.043039620863847716,-0.35835454541887424,0.30385262984617656,0.13856221562324356,0.017088321973961484,0.09720034814837475,0.3116717421581998,0.13648232520014414,-0.017959337798438724,0.1213894130411648,0.22523996701807247,-0.056662034638263914,0.32101630253873137,0.24660948764595925,0.30447621891169074,-0.2138031235909652,0.2387992923805089,-0.0029848079333556488
SUSL,iShares ESG MSCI USA Leaders ETF,2019-05-10,NA,NA,NA,NA,NA,NA,NA,NA,NA,NA,NA,NA,NA,NA,NA,NA,NA,NA,NA,NA,0.1629172082225001,0.18889713029823474,0.3153203671114311,-0.2022375594932183,0.2907509479733019,0.006399631821574436
SVAL,iShares US Small Cap Value Factor ETF,2020-10-29,NA,NA,NA,NA,NA,NA,NA,NA,NA,NA,NA,NA,NA,NA,NA,NA,NA,NA,NA,NA,NA,0.27927203435397074,0.3318540543868378,-0.10147622728368155,0.12266599852379168,-0.04223890685226794
SVIX,VS TR -1x Short VIX Futures ETF,2022-03-30,NA,NA,NA,NA,NA,NA,NA,NA,NA,NA,NA,NA,NA,NA,NA,NA,NA,NA,NA,NA,NA,NA,NA,-0.008789730546059471,1.5736698454943507,0.038695974083919005
SVOL,Simplify Volatility Premium ETF,2021-05-13,NA,NA,NA,NA,NA,NA,NA,NA,NA,NA,NA,NA,NA,NA,NA,NA,NA,NA,NA,NA,NA,NA,0.1271907439905462,-0.0466255188193333,0.22880277629021006,0.011413530335592004
SXQG,ETC 6 Meridian Quality Growth ETF,2021-05-12,NA,NA,NA,NA,NA,NA,NA,NA,NA,NA,NA,NA,NA,NA,NA,NA,NA,NA,NA,NA,NA,NA,0.15571760206769536,-0.2393002939541241,0.2832525394988925,0.006054881428048109
SYII,Syntax ETF Trust Syntax Stratified Total Market II ETF,2022-06-17,NA,NA,NA,NA,NA,NA,NA,NA,NA,NA,NA,NA,NA,NA,NA,NA,NA,NA,NA,NA,NA,NA,NA,0.08235174632402065,0.12004670638723791,-0.011354953235766074
SYNB,Putnam ETF Trust Putnam BioRevolution ETF,2022-09-30,NA,NA,NA,NA,NA,NA,NA,NA,NA,NA,NA,NA,NA,NA,NA,NA,NA,NA,NA,NA,NA,NA,NA,0.04738283685839284,0.1213013302776027,-0.009449834030321846
SYUS,Syntax Stratified U.S. Total Market ETF,2021-03-19,NA,NA,NA,NA,NA,NA,NA,NA,NA,NA,NA,NA,NA,NA,NA,NA,NA,NA,NA,NA,NA,NA,0.15381899885858874,-0.10034246627980314,0.12067373904096779,-0.01136744373869969
SZK,ProShares UltraShort Consumer Staples,2007-02-01,NA,NA,NA,NA,NA,NA,NA,NA,-0.04799723062680872,0.46908345152751885,-0.4291311963359843,-0.34863913467445085,-0.24273251303591836,-0.25155953468971404,-0.44093608783443206,-0.46330270940701435,0.14903829037432437,-0.13063670166407448,-0.27219254565843876,0.336417300415887,-0.39444067003483696,-0.5821885064132883,-0.37804884800168126,0.4719269507094601,-0.031080665040456368,-0.01701565966958052
SZNE,Pacer CFRA-Stovall Equal Weight Seasonal Rotation ETF,2018-08-02,NA,NA,NA,NA,NA,NA,NA,NA,NA,NA,NA,NA,NA,NA,NA,NA,NA,NA,NA,-0.0884956699992071,0.3653032678745951,0.0403527071086871,0.2601268315129399,-0.12326447998844647,0.06532775238187827,-0.02282419339323627
TACK,Capitol Series Trust Fairlead Tactical Sector ETF,2022-03-23,NA,NA,NA,NA,NA,NA,NA,NA,NA,NA,NA,NA,NA,NA,NA,NA,NA,NA,NA,NA,NA,NA,NA,-0.05401782889055651,0.07438296114315901,-0.006295150981178943
TAFL,AB Active ETFs Inc. AB Tax-Aware Long Municipal ETF,2023-12-13,NA,NA,NA,NA,NA,NA,NA,NA,NA,NA,NA,NA,NA,NA,NA,NA,NA,NA,NA,NA,NA,NA,NA,NA,0.019541169466506414,-6.357159426250147e-4
TAN,Invesco Solar ETF,2008-04-15,NA,NA,NA,NA,NA,NA,NA,NA,NA,-0.6617775846781289,0.16875716460796908,-0.28501426707115907,-0.6339613757024731,-0.30793018685550677,1.2789807238929005,-0.012362066015173423,-0.08741767914172205,-0.4323806426637362,0.5437600783502807,-0.256646627417665,0.6653168599884507,2.3395641458945513,-0.2509731746964323,-0.05235801040949439,-0.26789833670626595,-0.12933454374002795
TARK,AXS 2X Innovation ETF,2022-05-02,NA,NA,NA,NA,NA,NA,NA,NA,NA,NA,NA,NA,NA,NA,NA,NA,NA,NA,NA,NA,NA,NA,NA,-0.7335040039062499,1.2137368313240517,-0.1883271919383669
TBG,EA Series Trust TBG Dividend Focus ETF,2023-11-07,NA,NA,NA,NA,NA,NA,NA,NA,NA,NA,NA,NA,NA,NA,NA,NA,NA,NA,NA,NA,NA,NA,NA,NA,0.09663729446996738,0.004712822537501271
TCAF,T. Rowe Price Exchange-Traded Funds Inc. T. Rowe Price Capita,2023-06-16,NA,NA,NA,NA,NA,NA,NA,NA,NA,NA,NA,NA,NA,NA,NA,NA,NA,NA,NA,NA,NA,NA,NA,NA,0.09643647173674896,0
TCHP,T. Rowe Price Blue Chip Growth ETF,2020-08-05,NA,NA,NA,NA,NA,NA,NA,NA,NA,NA,NA,NA,NA,NA,NA,NA,NA,NA,NA,NA,NA,0.11372824558035166,0.18077209610161815,-0.3781102057097008,0.5009699080152947,0.011631621781218238
TDIV,First Trust NASDAQ Technology Dividend Index Fund,2012-08-14,NA,NA,NA,NA,NA,NA,NA,NA,NA,NA,NA,NA,NA,-0.02069435039488643,0.30978183432843687,0.15521763267722277,-0.06822618361845434,0.2014639661508313,0.2194694026065085,-0.03181215067308041,0.332663458947849,0.17553382449424393,0.29485252844310295,-0.2212549269252102,0.36710995787550904,-0.00982988437222776
FTQI,First Trust Nasdaq BuyWrite Income ETF,2014-01-07,NA,NA,NA,NA,NA,NA,NA,NA,NA,NA,NA,NA,NA,NA,NA,0.0514128793174522,-3.2486568615819333e-4,0.10112000908834862,0.12495725214001774,-0.09779885224533869,0.13975797988582528,-0.06562298702880442,0.10477388939782761,-0.08769829623062408,0.2363309978642527,0.005549980426098999
FTWO,EA Series Trust Strive FAANG 2.0 ETF,2023-08-31,NA,NA,NA,NA,NA,NA,NA,NA,NA,NA,NA,NA,NA,NA,NA,NA,NA,NA,NA,NA,NA,NA,NA,NA,0.014642524348026376,-0.017912258044274654
FTXG,First Trust Nasdaq Food & Beverage ETF,2016-10-10,NA,NA,NA,NA,NA,NA,NA,NA,NA,NA,NA,NA,NA,NA,NA,NA,NA,0.0017571870715822335,0.05642439245147779,-0.12093777111589121,0.23981616847250198,0.06626057210659053,0.13475606337495938,0.06149676355828282,-0.06474903566603663,0.002267118905889376
FTXH,First Trust Nasdaq Pharmaceuticals ETF,2016-09-22,NA,NA,NA,NA,NA,NA,NA,NA,NA,NA,NA,NA,NA,NA,NA,NA,NA,-0.10109738051557737,0.1943974123581269,-0.09503908366225522,0.22136090020824173,0.11723856009101574,0.061386987407466176,0.025480638328795546,-0.014125410647870207,0.025361681390719815
FTXL,First Trust Nasdaq Semiconductor ETF,2016-09-21,NA,NA,NA,NA,NA,NA,NA,NA,NA,NA,NA,NA,NA,NA,NA,NA,NA,0.1448260473954941,0.3219039207033658,-0.14473211612404857,0.6177646534494414,0.46083023635274856,0.360413452772415,-0.33882361089880775,0.5441145074848655,-0.04059852334297187
FTXN,First Trust Nasdaq Oil & Gas ETF,2016-09-23,NA,NA,NA,NA,NA,NA,NA,NA,NA,NA,NA,NA,NA,NA,NA,NA,NA,0.10466744065289935,-0.022883269060960387,-0.20991177457451182,0.03205575697451457,-0.28097915840715393,0.6920168659476122,0.47448492800904174,0.04909622299105987,-0.016184895670093513
FTXO,First Trust Nasdaq Bank ETF,2016-10-07,NA,NA,NA,NA,NA,NA,NA,NA,NA,NA,NA,NA,NA,NA,NA,NA,NA,0.26357984293193715,0.14254177167802728,-0.21784302934187216,0.3011648975681549,-0.12529071023732197,0.40526102441869716,-0.17925047117996984,5.465281373220332e-4,-0.022367400195491882
FTXR,First Trust Nasdaq Transportation ETF,2016-09-22,NA,NA,NA,NA,NA,NA,NA,NA,NA,NA,NA,NA,NA,NA,NA,NA,NA,0.11967799265445134,0.15823438727950667,-0.15264859931577712,0.14821628807719134,0.15031648586260604,0.24017300817773424,-0.2537909130506154,0.20937352156369604,-0.03532154141479249
FUNL,CornerCap Fundametrics Large-Cap ETF,2020-08-20,NA,NA,NA,NA,NA,NA,NA,NA,NA,NA,NA,NA,NA,NA,NA,NA,NA,NA,NA,NA,NA,0.14917307537139535,0.25926415708399686,-0.05764310440536169,0.14326252774809456,-0.005126799419941319
FUSI,American Century ETF Trust American Century Multisector Floati,2023-03-22,NA,NA,NA,NA,NA,NA,NA,NA,NA,NA,NA,NA,NA,NA,NA,NA,NA,NA,NA,NA,NA,NA,NA,NA,0.03470863684881631,0.004253217721717828
FUTY,Fidelity MSCI Utilities Index ETF,2013-10-24,NA,NA,NA,NA,NA,NA,NA,NA,NA,NA,NA,NA,NA,NA,-0.005702820319145041,0.26958217507928706,-0.047260124301965356,0.16261243555164295,0.12520377982690079,0.043559446789355194,0.24893740339420556,-0.007989119304775194,0.1753184389519875,0.004495232488279877,-0.07461768986952455,-0.0026921343296234523
FVAL,Fidelity Value Factor ETF,2016-09-15,NA,NA,NA,NA,NA,NA,NA,NA,NA,NA,NA,NA,NA,NA,NA,NA,NA,0.08569546335353762,0.22491941001437832,-0.07867503066908788,0.30327023657157604,0.090815044689599,0.30328060397466006,-0.14399279624163086,0.2310260819020724,-0.002981262364044057
FVD,First Trust VL Dividend,2003-08-27,NA,NA,NA,NA,-0.023113349438230957,0.16744310712325627,0.03853013387976434,0.37548605456515927,-0.043594227764716886,-0.22944444840747458,0.19231521520592465,0.16027520025291864,0.0897981328638997,0.11240849698131661,0.26776332555046967,0.15884268403113988,0.012047401158872706,0.1930631665062028,0.12512159812489942,-0.0349527219151099,0.2658245428493977,-1.8878647796538583e-4,0.25077331718087414,-0.05184500478053633,0.0411475402130832,-0.0029586474980016764
FXD,First Trust Cons. Discret. AlphaDEX,2007-05-10,NA,NA,NA,NA,NA,NA,NA,NA,-0.15151248120454242,-0.42662608850897343,0.571300531506773,0.31976508728115793,0.009428812097329153,0.15584868131262342,0.4326006110523932,0.1161916914605432,-0.039300022453298666,0.052168200897172445,0.19770676466868387,-0.1159699725703831,0.24220259129148225,0.1297483091732936,0.2272140614500906,-0.21564109677671361,0.23390648672564684,-0.03543574379126968
FXG,First Trust Cons. Staples AlphaDEX,2007-05-10,NA,NA,NA,NA,NA,NA,NA,NA,-0.023109663126183566,-0.25220937589463477,0.274937046752616,0.19715656198171594,0.1293485863825825,0.09112262493243461,0.42248888904805737,0.2097565924886986,0.061778860411370706,0.04674067799134929,0.07870120748430365,-0.11494551264358721,0.2064815907160571,0.04851896205053885,0.21733355432083012,0.032841828604935897,0.019713818323874532,0.0020605653479286445
FXH,First Trust Health Care AlphaDEX,2007-05-10,NA,NA,NA,NA,NA,NA,NA,NA,0.01502260223400187,-0.295017322241263,0.512246505746385,0.19013706699391975,0.0568154224506181,0.20610790484291464,0.4760875330971963,0.25421265575199636,0.0026537136896402913,-0.052109089122624686,0.21815029547295905,-0.013323833563416154,0.22259329568392383,0.2800474181173689,0.15197631218471042,-0.12240907668117629,-0.045363047797661094,0.004635400419052971
FXL,First Trust Technology AlphaDEX,2007-05-10,NA,NA,NA,NA,NA,NA,NA,NA,0.03838482500123597,-0.4839174275501571,0.6679072145130214,0.26637092951718366,-0.11718069152499777,0.08560515958286774,0.3821379142787884,0.16358232230957248,-0.033302661110174214,0.1539512699368455,0.3581853185875894,0.02721143234721679,0.38658316659655845,0.5420122519818322,0.1819537313627977,-0.30439557906035175,0.4049681278211592,-0.002967165308661923
FXN,First Trust Energy AlphaDEX Fund,2007-05-10,NA,NA,NA,NA,NA,NA,NA,NA,0.16780596631794165,-0.5023028470582933,0.4655027888001615,0.27610415155302137,-0.08366964901185792,0.03937784856462523,0.284026261264021,-0.1593872705067747,-0.325606781621128,0.20564602428197132,-0.05023899156412737,-0.24782014836289967,-0.06757481709689417,-0.19861649519191582,0.5170313282411965,0.4691584215570377,0.009747054547132983,-0.01318161855382749
FXO,First Trust Financials AlphaDEX,2007-05-10,NA,NA,NA,NA,NA,NA,NA,NA,-0.2018885155848441,-0.39145803277389457,0.33624599234110475,0.1921339023663211,-0.07557636869667783,0.21072685649700795,0.40624050360898334,0.08745970069813391,0.011178942241730327,0.1833502665404887,0.17882783966329918,-0.11715667842774558,0.26307385785988124,0.059537320226061174,0.3776775841020701,-0.09237455777700221,0.09280796082297638,-0.008085060785776532
FXR,First Trust Industrials AlphaDEX,2007-05-10,NA,NA,NA,NA,NA,NA,NA,NA,-0.021891100669204744,-0.4601131480382825,0.4198597580144394,0.26040461420034755,-0.06563434103467713,0.1556511924851205,0.46780568010769974,0.08016465844350207,-0.1341026656238533,0.2670500935511626,0.24202997246599867,-0.15118733089446823,0.3342338552424211,0.12815355904062042,0.25073559364193065,-0.16681651718846358,0.26983688360277913,-0.02019736911753811
FXU,First Trust Utilities AlphaDEX Fund,2007-05-10,NA,NA,NA,NA,NA,NA,NA,NA,-0.03667607119281091,-0.27863997119798467,0.22679909217078054,0.1036856116153102,0.1049732277884643,0.034298427028340406,0.17713197006185033,0.2548785930105475,-0.06493408785095334,0.2260711088292804,0.009875157550442104,0.054348062465472635,0.11673309059508585,0.01533111077513416,0.1766276113052634,0.036904220811560196,-0.021160149689129826,-0.014835896975238905
FXZ,First Trust Materials AlphaDEX Fund,2007-05-11,NA,NA,NA,NA,NA,NA,NA,NA,0.0949572457110548,-0.4441910410004851,0.5950384143856131,0.2824232747008466,-0.1036359476344928,0.25146578337923997,0.26908434544301874,-0.010070715162868393,-0.0985066028563033,0.2912508613320606,0.23724402567614167,-0.2261883353967291,0.21519309163867506,0.22520202548528623,0.3084434555990092,-0.009205611663381297,0.16267590043877922,-0.0398781907846516
FYC,First Trust Small Cap Growth AlphaDEX Fund,2011-04-20,NA,NA,NA,NA,NA,NA,NA,NA,NA,NA,NA,NA,-0.06296977930049397,0.11574003131350152,0.43456607524513435,-0.011191705610760772,0.012095982939958505,0.1383639685462441,0.2295554693152726,-0.0554042031827886,0.16791903046724332,0.32345210018956116,0.21642717591032223,-0.25855642129033496,0.14525237997402196,-0.04052764321787794
FYLG,Global X Funds Global X Financials Covered Call & Growth ETF,2022-11-23,NA,NA,NA,NA,NA,NA,NA,NA,NA,NA,NA,NA,NA,NA,NA,NA,NA,NA,NA,NA,NA,NA,NA,-0.02581097572169666,0.06790917374890748,0.0022317930200046465
FYT,First Trust Small Cap Value AlphaDEX Fund,2011-04-20,NA,NA,NA,NA,NA,NA,NA,NA,NA,NA,NA,NA,-0.04080218106546463,0.1714424767130489,0.4334817528697852,0.041324215757269966,-0.17109950889005232,0.3017648258444534,0.07135686607699077,-0.14729231396802922,0.25796306540242986,0.09813031204397915,0.2931861859398681,-0.1403368934902035,0.22895663496820862,-0.040632452827224386
FYX,First Trust Small Cap Core AlphaDEX Fund,2007-05-10,NA,NA,NA,NA,NA,NA,NA,NA,-0.1030930355542089,-0.346443620026438,0.3683709203937571,0.27338095630588954,-0.0036594105907831187,0.15425747003658485,0.4318704419156161,0.012921276846646013,-0.09099709435771453,0.23084986333208146,0.1433936170350023,-0.1063490287101615,0.21325336687675867,0.1947552271594959,0.2742687330985851,-0.18410045811786757,0.18296258941009147,-0.042594954133638785
GAPR,FT Vest U.S. Equity Moderate Buffer ETF - April,2023-04-24,NA,NA,NA,NA,NA,NA,NA,NA,NA,NA,NA,NA,NA,NA,NA,NA,NA,NA,NA,NA,NA,NA,NA,NA,0.10070614869815753,0.00427674926036703
GAST,Gabelli Automation ETF,2022-01-05,NA,NA,NA,NA,NA,NA,NA,NA,NA,NA,NA,NA,NA,NA,NA,NA,NA,NA,NA,NA,NA,NA,NA,-0.15919570242980519,0.18166416900107363,-0.019920702296253645
GAUG,FT Vest U.S. Equity Moderate Buffer ETF - August,2023-08-21,NA,NA,NA,NA,NA,NA,NA,NA,NA,NA,NA,NA,NA,NA,NA,NA,NA,NA,NA,NA,NA,NA,NA,NA,0.058350093525325164,0.0034854439864699938
GCAD,Gabelli Commercial Aerospace and Defense ETF,2023-01-04,NA,NA,NA,NA,NA,NA,NA,NA,NA,NA,NA,NA,NA,NA,NA,NA,NA,NA,NA,NA,NA,NA,NA,NA,0.1409016188570391,-0.028961950438980533
GCLN,Goldman Sachs ETF Trust Goldman Sachs Bloomberg Clean Energy E,2022-02-10,NA,NA,NA,NA,NA,NA,NA,NA,NA,NA,NA,NA,NA,NA,NA,NA,NA,NA,NA,NA,NA,NA,NA,-0.06440034303415232,-0.05145872577628707,-0.028668977632573367
GDEF,Goldman Sachs ETF Trust Goldman Sachs Defensive Equity ETF,2023-01-23,NA,NA,NA,NA,NA,NA,NA,NA,NA,NA,NA,NA,NA,NA,NA,NA,NA,NA,NA,NA,NA,NA,NA,NA,0.04700747675199257,0.012001783992939385
GDIV,Harbor ETF Trust Harbor Dividend Growth Leaders ETF,2022-05-23,NA,NA,NA,NA,NA,NA,NA,NA,NA,NA,NA,NA,NA,NA,NA,NA,NA,NA,NA,NA,NA,NA,NA,0.0259434733353634,0.1553665591420399,7.435114515723651e-4
GERM,ETFMG Treatments Testing and Advancements ETF,2020-06-18,NA,NA,NA,NA,NA,NA,NA,NA,NA,NA,NA,NA,NA,NA,NA,NA,NA,NA,NA,NA,NA,0.2470741798179772,0.1485555674678043,-0.36775717943746566,-0.11562726804849177,-0.013803607248822125
GFEB,FT Vest U.S. Equity Moderate Buffer ETF - February,2023-02-21,NA,NA,NA,NA,NA,NA,NA,NA,NA,NA,NA,NA,NA,NA,NA,NA,NA,NA,NA,NA,NA,NA,NA,NA,0.13760805643476814,0.0037838656145716687
GFGF,Guru Favorite Stocks ETF,2021-12-16,NA,NA,NA,NA,NA,NA,NA,NA,NA,NA,NA,NA,NA,NA,NA,NA,NA,NA,NA,NA,NA,NA,0.02135410788114389,-0.2031521744474486,0.24028785091227278,-0.00609904589713417
GGLL,Direxion Daily GOOGL Bull 1.5X Shares,2022-09-07,NA,NA,NA,NA,NA,NA,NA,NA,NA,NA,NA,NA,NA,NA,NA,NA,NA,NA,NA,NA,NA,NA,NA,-0.30347516632393123,0.8119811127034018,0.02546367430183749
GGLS,Direxion Daily GOOGL Bear 1X Shares,2022-09-16,NA,NA,NA,NA,NA,NA,NA,NA,NA,NA,NA,NA,NA,NA,NA,NA,NA,NA,NA,NA,NA,NA,NA,0.1292503727794183,-0.37721237137295527,-0.01864009292966351
GGM,Northern Lights Fund Trust II GGM Macro Alignment ETF,2023-09-26,NA,NA,NA,NA,NA,NA,NA,NA,NA,NA,NA,NA,NA,NA,NA,NA,NA,NA,NA,NA,NA,NA,NA,NA,0.07466802441472242,0.004413450728925961
GGME,Invesco Next Gen Media and Gaming ETF,2005-06-23,NA,NA,NA,NA,NA,NA,-0.04145009650769882,0.13127898141241334,-0.10190049750578511,-0.4907066981603755,0.6192349045901939,0.20185939962657096,-0.04279536623390978,0.2705481128957381,0.6015567007297629,-0.034532927967634075,-0.006568942824394575,0.04431395701720353,0.07608176397591282,0.019688289853255547,0.20175974144087094,0.3600669051699099,0.10673929799108062,-0.364260080563507,0.23747752893321472,-0.002843862706403466
GGRW,Gabelli Growth Innovators ETF,2021-02-19,NA,NA,NA,NA,NA,NA,NA,NA,NA,NA,NA,NA,NA,NA,NA,NA,NA,NA,NA,NA,NA,NA,0.07324682614327838,-0.4391358241605616,0.421818166872322,0.03021694035231115
GGUS,Goldman Sachs ETF Trust Goldman Sachs MarketBeta Russell 1000 ,2023-11-30,NA,NA,NA,NA,NA,NA,NA,NA,NA,NA,NA,NA,NA,NA,NA,NA,NA,NA,NA,NA,NA,NA,NA,NA,0.045354184556167354,0.007399507881272305
GJAN,FT Vest U.S. Equity Moderate Buffer ETF - January,2023-01-23,NA,NA,NA,NA,NA,NA,NA,NA,NA,NA,NA,NA,NA,NA,NA,NA,NA,NA,NA,NA,NA,NA,NA,NA,0.13421052549024037,0.003480247490658339
GJUL,FT Vest U.S. Equity Moderate Buffer ETF - July,2023-07-24,NA,NA,NA,NA,NA,NA,NA,NA,NA,NA,NA,NA,NA,NA,NA,NA,NA,NA,NA,NA,NA,NA,NA,NA,0.03869197323351026,0.002805371968635839
GJUN,FT Vest U.S. Equity Moderate Buffer ETF - June,2023-06-20,NA,NA,NA,NA,NA,NA,NA,NA,NA,NA,NA,NA,NA,NA,NA,NA,NA,NA,NA,NA,NA,NA,NA,NA,0.06434546112019657,0.002767971325456031
GLDB,Strategy Shares Gold-Hedged Bond ETF,2021-05-18,NA,NA,NA,NA,NA,NA,NA,NA,NA,NA,NA,NA,NA,NA,NA,NA,NA,NA,NA,NA,NA,NA,-0.012988338794795107,-0.20106758500943778,0.12747968106998542,-0.016645086585045377
GLRY,Northern Lights Fund Trust IV Inspire Faithward Mid Cap Moment,2020-12-09,NA,NA,NA,NA,NA,NA,NA,NA,NA,NA,NA,NA,NA,NA,NA,NA,NA,NA,NA,NA,NA,0.06344022642908054,0.15971907530310148,-0.22503532308751417,0.19189216845590962,-0.002968268784589334
GMAR,FT Vest U.S. Equity Moderate Buffer ETF - March,2023-03-20,NA,NA,NA,NA,NA,NA,NA,NA,NA,NA,NA,NA,NA,NA,NA,NA,NA,NA,NA,NA,NA,NA,NA,NA,0.11947046275064466,0.0035923589572588455
GMAY,FT Vest U.S. Equity Moderate Buffer ETF - May,2023-05-22,NA,NA,NA,NA,NA,NA,NA,NA,NA,NA,NA,NA,NA,NA,NA,NA,NA,NA,NA,NA,NA,NA,NA,NA,0.08881535659309914,0.004437147806537478
GNOV,FT Vest U.S. Equity Moderate Buffer ETF - November,2023-11-20,NA,NA,NA,NA,NA,NA,NA,NA,NA,NA,NA,NA,NA,NA,NA,NA,NA,NA,NA,NA,NA,NA,NA,NA,0.028552922674526027,0.0026813590670959897
GOCT,FT Vest U.S. Equity Moderate Buffer ETF - October,2023-10-23,NA,NA,NA,NA,NA,NA,NA,NA,NA,NA,NA,NA,NA,NA,NA,NA,NA,NA,NA,NA,NA,NA,NA,NA,0.0658977946462389,0.0037095132068716286
GOOP,NEOS ETF Trust Kurv Yield Premium Strategy Google (GOOGL) ETF,2023-10-31,NA,NA,NA,NA,NA,NA,NA,NA,NA,NA,NA,NA,NA,NA,NA,NA,NA,NA,NA,NA,NA,NA,NA,NA,0.10476318846568966,0.01691718121916108
GOOY,Tidal ETF Trust II YieldMax GOOGL Option Income Strategy ETF,2023-07-28,NA,NA,NA,NA,NA,NA,NA,NA,NA,NA,NA,NA,NA,NA,NA,NA,NA,NA,NA,NA,NA,NA,NA,NA,-0.037278724062296376,0.019766910492827083
GPAL,Goldman Sachs ETF Trust Goldman Sachs ActiveBeta Paris-Aligned,2021-12-15,NA,NA,NA,NA,NA,NA,NA,NA,NA,NA,NA,NA,NA,NA,NA,NA,NA,NA,NA,NA,NA,NA,0.012902668340273094,-0.2001500931996072,0.2451824869358854,0.0060519493747013264
GPIQ,Goldman Sachs Nasdaq-100 Core Premium Income ETF,2023-10-27,NA,NA,NA,NA,NA,NA,NA,NA,NA,NA,NA,NA,NA,NA,NA,NA,NA,NA,NA,NA,NA,NA,NA,NA,0.15012537015702776,0.0020533044519943644
GPIX,Goldman Sachs S&P 500 Core Premium Income ETF,2023-10-27,NA,NA,NA,NA,NA,NA,NA,NA,NA,NA,NA,NA,NA,NA,NA,NA,NA,NA,NA,NA,NA,NA,NA,NA,0.14127367713043615,0.004304141992814703
GPOW,Goldman Sachs ETF Trust Goldman Sachs North American Pipelines,2023-07-14,NA,NA,NA,NA,NA,NA,NA,NA,NA,NA,NA,NA,NA,NA,NA,NA,NA,NA,NA,NA,NA,NA,NA,NA,0.05832857614100795,-0.002244496761182657
GQI,Natixis ETF Trust Natixis Gateway Quality Income ETF,2023-12-13,NA,NA,NA,NA,NA,NA,NA,NA,NA,NA,NA,NA,NA,NA,NA,NA,NA,NA,NA,NA,NA,NA,NA,NA,0.006839620945970237,0.008373708939524827
GSC,Goldman Sachs ETF Trust Goldman Sachs Small Cap Core Equity ET,2023-10-06,NA,NA,NA,NA,NA,NA,NA,NA,NA,NA,NA,NA,NA,NA,NA,NA,NA,NA,NA,NA,NA,NA,NA,NA,0.138701778776124,-0.022315756570004175
GSEP,FT Vest U.S. Equity Moderate Buffer ETF - September,2023-09-18,NA,NA,NA,NA,NA,NA,NA,NA,NA,NA,NA,NA,NA,NA,NA,NA,NA,NA,NA,NA,NA,NA,NA,NA,0.04703544389447867,0.004618788536165264
GSEW,Goldman Sachs Equal Weight U.S. Large Cap Equity ETF,2017-09-15,NA,NA,NA,NA,NA,NA,NA,NA,NA,NA,NA,NA,NA,NA,NA,NA,NA,NA,0.0759000287715228,-0.0811049455285856,0.31036308834169724,0.1627855458573313,0.2542772844184409,-0.17542199422356242,0.17796578993551315,-0.009991025847561397
GSLC,Goldman Sachs ActiveBeta U.S. Large Cap Equity ETF,2015-09-21,NA,NA,NA,NA,NA,NA,NA,NA,NA,NA,NA,NA,NA,NA,NA,NA,0.036089483557072866,0.08287277340037802,0.22488910739387458,-0.04072788153742479,0.30745904629436294,0.18551220171180272,0.2717340084794422,-0.18712734914654916,0.24690731419217493,0.004370575341431815
GSPY,Gotham Enhanced 500 ETF,2020-12-29,NA,NA,NA,NA,NA,NA,NA,NA,NA,NA,NA,NA,NA,NA,NA,NA,NA,NA,NA,NA,NA,0.005766234520279356,0.2753789782908129,-0.17065037512466685,0.26009609529543853,0.0043728546900292375
GSSC,GS ActiveBeta U.S. Small Cap Equity ETF,2017-07-10,NA,NA,NA,NA,NA,NA,NA,NA,NA,NA,NA,NA,NA,NA,NA,NA,NA,NA,0.08663632086724071,-0.0923784065633313,0.23145017045723515,0.15747847364351975,0.24134764986696067,-0.1680920529203479,0.16442841911130057,-0.03612165427564895
GSUS,Goldman Sachs MarketBeta U.S. Equity ETF,2020-05-19,NA,NA,NA,NA,NA,NA,NA,NA,NA,NA,NA,NA,NA,NA,NA,NA,NA,NA,NA,NA,NA,0.31466341729172975,0.2713232173239397,-0.19817823437774273,0.27738558110790845,0.0032134520179953885
GUSA,Goldman Sachs ETF Trust II Goldman Sachs MarketBeta U.S. 1000 ,2022-04-13,NA,NA,NA,NA,NA,NA,NA,NA,NA,NA,NA,NA,NA,NA,NA,NA,NA,NA,NA,NA,NA,NA,NA,-0.13264654284444588,0.26193326486409907,0.0018392192102258953
GUSH,Direxion Daily S&P Oil & Gas Exp. & Prod. Bull 2X Shares,2015-05-29,NA,NA,NA,NA,NA,NA,NA,NA,NA,NA,NA,NA,NA,NA,NA,NA,-0.8326602686079732,0.7392888987809956,-0.4020882424545016,-0.742245156037701,-0.512546707732472,-0.9736854628825242,1.2994493764892283,0.6870784309519158,-0.018018647556688028,-0.04831803935297607
GVIP,Goldman Sachs Hedge Industry VIP ETF,2016-11-11,NA,NA,NA,NA,NA,NA,NA,NA,NA,NA,NA,NA,NA,NA,NA,NA,NA,0.03904723660027165,0.25793412488094614,-0.06853335666014149,0.3020531197918912,0.44118628025310747,0.11859582462690965,-0.31945833909703336,0.39149964963475825,0.012270268790053107
GVLU,Tidal ETF Trust Gotham 1000 Value ETF,2022-06-08,NA,NA,NA,NA,NA,NA,NA,NA,NA,NA,NA,NA,NA,NA,NA,NA,NA,NA,NA,NA,NA,NA,NA,-0.03802981952696771,0.1802391554888203,-0.013929570905101829
GVUS,Goldman Sachs ETF Trust Goldman Sachs MarketBeta Russell 1000 ,2023-11-30,NA,NA,NA,NA,NA,NA,NA,NA,NA,NA,NA,NA,NA,NA,NA,NA,NA,NA,NA,NA,NA,NA,NA,NA,0.055008486523068445,-0.006337130614257114
HAIL,SPDR S&P Kensho Smart Mobility ETF,2017-12-27,NA,NA,NA,NA,NA,NA,NA,NA,NA,NA,NA,NA,NA,NA,NA,NA,NA,NA,-0.006547038650660086,-0.19961040826044496,0.30630568001460867,0.8433695856658379,0.019487090091511394,-0.45718618581158277,0.09646047193043028,-0.10899616511945487
HAPI,Harbor Human Capital Factor US Large Cap ETF,2022-10-13,NA,NA,NA,NA,NA,NA,NA,NA,NA,NA,NA,NA,NA,NA,NA,NA,NA,NA,NA,NA,NA,NA,NA,0.0648459992292405,0.3004093145312159,0.01190902597730803
HAPS,Harbor Human Capital Factor US Small Cap ETF,2023-04-14,NA,NA,NA,NA,NA,NA,NA,NA,NA,NA,NA,NA,NA,NA,NA,NA,NA,NA,NA,NA,NA,NA,NA,NA,0.13335452483875976,-0.038978508080609875
HAPY,Harbor Human Capital Factor Unconstrained ETF,2022-02-24,NA,NA,NA,NA,NA,NA,NA,NA,NA,NA,NA,NA,NA,NA,NA,NA,NA,NA,NA,NA,NA,NA,NA,-0.20164807272923424,0.3413199987234721,-0.01664783215404364
HAUS,Tidal ETF Trust Residential REIT ETF,2022-03-01,NA,NA,NA,NA,NA,NA,NA,NA,NA,NA,NA,NA,NA,NA,NA,NA,NA,NA,NA,NA,NA,NA,NA,-0.2088785500910867,0.131390307966484,-0.004532748563695899
HCMT,Direxion Shares ETF Trust Direxion HCM Tactical Enhanced US ET,2023-06-22,NA,NA,NA,NA,NA,NA,NA,NA,NA,NA,NA,NA,NA,NA,NA,NA,NA,NA,NA,NA,NA,NA,NA,NA,0.056737968165382124,0
HCOW,Amplify Cash Flow High Income ETF,2023-09-20,NA,NA,NA,NA,NA,NA,NA,NA,NA,NA,NA,NA,NA,NA,NA,NA,NA,NA,NA,NA,NA,NA,NA,NA,0.06440031111886824,-0.022435634771889146
HDGE,Ranger Equity Bear Bear ETF,2011-01-27,NA,NA,NA,NA,NA,NA,NA,NA,NA,NA,NA,NA,0.008870932815776111,-0.2681854430734093,-0.3031130353838295,-0.10423195228105264,-0.05861780021206475,-0.1403344456397948,-0.1524324766903652,0.07525508841055917,-0.36274622437082127,-0.43470148555430377,-0.18613860703270269,0.16585564030123368,-0.26982232709979836,0.057411293853339984
HDLB,ETRACS Monthly Pay 2xLeveraged US High Dividend Low Volatility,2019-10-30,NA,NA,NA,NA,NA,NA,NA,NA,NA,NA,NA,NA,NA,NA,NA,NA,NA,NA,NA,NA,0.08484028393006615,-0.5093213761521618,0.6267079864843701,-0.10334134557394725,-0.04128808562190667,0.01832888425124568
HDUS,Lattice Strategies Trust Hartford Disciplined US Equity ETF,2022-11-17,NA,NA,NA,NA,NA,NA,NA,NA,NA,NA,NA,NA,NA,NA,NA,NA,NA,NA,NA,NA,NA,NA,NA,-0.02143723674175102,0.21170656153448375,0.003701172416895382
HEGD,Swan Hedged Equity US Large Cap ETF,2020-12-23,NA,NA,NA,NA,NA,NA,NA,NA,NA,NA,NA,NA,NA,NA,NA,NA,NA,NA,NA,NA,NA,0.009866223559965803,0.17304207331717647,-0.11247252881071601,0.14161991954080433,-0.001024613590913992
HELO,J.P. Morgan Exchange-Traded Fund Trust JPMorgan Hedged Equity ,2023-09-29,NA,NA,NA,NA,NA,NA,NA,NA,NA,NA,NA,NA,NA,NA,NA,NA,NA,NA,NA,NA,NA,NA,NA,NA,0.06300384592114039,0.005484060041083039
HEQT,Simplify Hedged Equity ETF,2021-11-02,NA,NA,NA,NA,NA,NA,NA,NA,NA,NA,NA,NA,NA,NA,NA,NA,NA,NA,NA,NA,NA,NA,0.02157037186198374,-0.08248720907321494,0.1660658706945486,0.005542335248610364
HFGO,Hartford Large Cap Growth ETF,2021-11-10,NA,NA,NA,NA,NA,NA,NA,NA,NA,NA,NA,NA,NA,NA,NA,NA,NA,NA,NA,NA,NA,NA,-0.05150016060553242,-0.3668636398417864,0.424463474248042,0.011612077096277762
HIBL,Direxion Daily S&P 500 High Beta Bull 3X Shares,2019-11-07,NA,NA,NA,NA,NA,NA,NA,NA,NA,NA,NA,NA,NA,NA,NA,NA,NA,NA,NA,NA,0.2144989085965201,-0.2496052798546986,1.2914042048719336,-0.6824396692694135,0.8101841874696005,-0.10865472441548873
HIBS,Direxion Daily S&P 500 High Beta Bear 3X Shares,2019-11-07,NA,NA,NA,NA,NA,NA,NA,NA,NA,NA,NA,NA,NA,NA,NA,NA,NA,NA,NA,NA,-0.19544008705838822,-0.9159009096768275,-0.7526946084541262,-0.07623509566994968,-0.6361617901546245,0.11098813526505369
HIDV,AB Active ETFs Inc. AB US High Dividend ETF,2023-03-28,NA,NA,NA,NA,NA,NA,NA,NA,NA,NA,NA,NA,NA,NA,NA,NA,NA,NA,NA,NA,NA,NA,NA,NA,0.21085335300824504,0.006200023234286922
HIPS,GraniteShares HIPS US High Income ETF,2015-01-09,NA,NA,NA,NA,NA,NA,NA,NA,NA,NA,NA,NA,NA,NA,NA,NA,-0.17374070759439508,0.2205868580600474,0.0633300170456137,-0.09266538360337118,0.23752408541852144,-0.12250505139279011,0.22699411970521433,-0.13424506979604844,0.16146737692882662,-0.002399978637695366
HKND,Humankind US Stock ETF,2021-02-24,NA,NA,NA,NA,NA,NA,NA,NA,NA,NA,NA,NA,NA,NA,NA,NA,NA,NA,NA,NA,NA,NA,0.1880073619161231,-0.0965887425241303,0.12347955703335134,0.0032470169726521725
HLAL,Wahed FTSE USA Shariah ETF,2019-07-16,NA,NA,NA,NA,NA,NA,NA,NA,NA,NA,NA,NA,NA,NA,NA,NA,NA,NA,NA,NA,0.10962120272421227,0.24644835078108218,0.28634012876952863,-0.17559377125868136,0.3012626337903397,-0.0013197879410922209
HLGE,Hartford Longevity Economy ETF,2021-03-17,NA,NA,NA,NA,NA,NA,NA,NA,NA,NA,NA,NA,NA,NA,NA,NA,NA,NA,NA,NA,NA,NA,0.1284836728146994,-0.15735514895539215,0.19012917952718356,-0.0038219870589646376
VEGN,US Vegan Climate Index,2019-09-10,NA,NA,NA,NA,NA,NA,NA,NA,NA,NA,NA,NA,NA,NA,NA,NA,NA,NA,NA,NA,0.09106965926971466,0.2771436784354302,0.2600767844049321,-0.26864293159324326,0.3809600528065715,-0.0036198728941757574
VERS,ProShares Trust ProShares Metaverse ETF,2022-03-17,NA,NA,NA,NA,NA,NA,NA,NA,NA,NA,NA,NA,NA,NA,NA,NA,NA,NA,NA,NA,NA,NA,NA,-0.34521303042847906,0.5113333245598357,-0.03713777973167276
VETZ,Tidal ETF Trust Academy Veteran Impact ETF,2023-08-02,NA,NA,NA,NA,NA,NA,NA,NA,NA,NA,NA,NA,NA,NA,NA,NA,NA,NA,NA,NA,NA,NA,NA,NA,0.039702830257459576,0
VFH,Vanguard Financials ETF,2004-01-30,NA,NA,NA,NA,NA,0.10220054033904136,0.06062697230365077,0.1944111841562084,-0.17609868317343313,-0.48895491128159274,0.14338205005024762,0.1481516242699621,-0.1430052288382121,0.26218466802721174,0.3283660066397236,0.14095606812779327,-0.0056451308316258775,0.248607836047277,0.1999273505861705,-0.13517935161068262,0.3156795190897501,-0.019596292663288106,0.3522210854077088,-0.12309771011136694,0.14171556110707484,-0.007912457620103619
VFLO,VictoryShares Free Cash Flow ETF,2023-06-26,NA,NA,NA,NA,NA,NA,NA,NA,NA,NA,NA,NA,NA,NA,NA,NA,NA,NA,NA,NA,NA,NA,NA,NA,0.14943856768074792,-0.001516751622934298
VFMF,Vanguard U.S. Multifactor ETF,2018-02-15,NA,NA,NA,NA,NA,NA,NA,NA,NA,NA,NA,NA,NA,NA,NA,NA,NA,NA,NA,-0.11290609560301479,0.2234542053357469,0.04989338310140412,0.30051176827546566,-0.05695609726830875,0.18524975321559856,-0.012590766217844274
VFMO,Vanguard U.S. Momentum Factor ETF,2018-02-16,NA,NA,NA,NA,NA,NA,NA,NA,NA,NA,NA,NA,NA,NA,NA,NA,NA,NA,NA,-0.1160822696220778,0.2822322549325238,0.3135868575970877,0.19162851656258262,-0.12842237720833527,0.16251271868332862,-0.007982238757521909
VFMV,Vanguard U.S. Minimum Volatility ETF,2018-02-15,NA,NA,NA,NA,NA,NA,NA,NA,NA,NA,NA,NA,NA,NA,NA,NA,NA,NA,NA,-0.010983735273548123,0.2725679275011561,-0.0019345769766492271,0.20745951790027162,-0.057272526188439477,0.08862821820360423,5.733821203939282e-4
VFQY,Vanguard U.S. Quality Factor ETF,2018-02-15,NA,NA,NA,NA,NA,NA,NA,NA,NA,NA,NA,NA,NA,NA,NA,NA,NA,NA,NA,-0.07853647581164136,0.2574751737614065,0.16970519983387122,0.2796294319432915,-0.15742793460278348,0.2248186491132249,-0.012002828552600042
VFVA,Vanguard U.S. Value Factor ETF,2018-02-15,NA,NA,NA,NA,NA,NA,NA,NA,NA,NA,NA,NA,NA,NA,NA,NA,NA,NA,NA,-0.15612019685214884,0.2542521735014702,0.022818848769324163,0.3693771459938453,-0.03964153468582765,0.17367650187564831,-0.02217095179931694
VGT,Vanguard Information Tech ETF,2004-01-30,NA,NA,NA,NA,NA,-0.028632151216841373,0.029958152553796857,0.08854488760411794,0.1477836002776558,-0.4282253708934831,0.6189100336403024,0.12777192991092057,0.005423028157760079,0.13956413415208146,0.30972795013065246,0.16685274302574893,0.05046133448953749,0.13771745665334567,0.3708280625987328,0.02459605130908904,0.48623095195620936,0.4604364444047926,0.30450262885670565,-0.29695174900778665,0.5265885833549346,-0.0047934035624354054
VHT,Vanguard Health Care ETF,2004-01-30,NA,NA,NA,NA,NA,0.007306930225481789,0.08200849624697493,0.06543790209654676,0.0787417248430855,-0.23343985423778912,0.21821166463923558,0.05598729909431954,0.10716459986727145,0.19020254263020142,0.4267704841362445,0.24223524252713124,0.07119979732583936,-0.03212291331275896,0.2325957598356252,0.05581718873800301,0.21870187888187465,0.18289643233100739,0.2056740630816325,-0.056031443178613305,0.025207056897677438,0.025927464451190207
VICE,AdvisorShares Trust AdvisorShares Vice ETF,2017-12-13,NA,NA,NA,NA,NA,NA,NA,NA,NA,NA,NA,NA,NA,NA,NA,NA,NA,NA,0.043144048791216916,-0.16933950901823192,0.20045003134733186,0.23891771228606573,0.07420443973041024,-0.1828635137769401,0.030087574312707588,-0.0179430483918257
VIG,Vanguard Div Appreciation ETF,2006-05-02,NA,NA,NA,NA,NA,NA,NA,0.08397068408096531,0.05625208625006284,-0.2669162972832009,0.19583531531580656,0.14741933957184883,0.06163563435400321,0.1164998806369204,0.2886829985589132,0.10082837941132139,-0.01943133326822133,0.1196297733228544,0.222193377050679,-0.020824853270809407,0.2961871139371395,0.15433613305795713,0.237631505864204,-0.09799607487738382,0.1451433765429928,4.6949433051790557e-4
VIOG,Vanguard S&P Small-Cap 600 Growth ETF,2010-09-09,NA,NA,NA,NA,NA,NA,NA,NA,NA,NA,NA,0.24428887568786228,0.03612873228838254,0.13532449210573483,0.42860747382846065,0.03761346919981312,0.029623116505883784,0.21380539367714935,0.14699308733867644,-0.04572069933050438,0.21160361677747908,0.1967887410503497,0.22491611053363703,-0.21134693411605032,0.1692129424866342,-0.030483260462924155
VIOO,Vanguard S&P Small-Cap 600 ETF,2010-09-09,NA,NA,NA,NA,NA,NA,NA,NA,NA,NA,NA,0.2272590818073008,0.006902296439381006,0.15326448883880417,0.41295894934780986,0.054019775579244644,-0.021623172305522687,0.2675763923250971,0.13155623522899296,-0.08645354336830047,0.22682817940585442,0.11475057603948557,0.267856241740555,-0.16262360148743737,0.1615675664616305,-0.037100516328242295
VIOV,Vanguard S&P Small-Cap 600 Value ETF,2010-09-09,NA,NA,NA,NA,NA,NA,NA,NA,NA,NA,NA,0.2386618821817319,-0.021360231564556242,0.17606709875457804,0.3952332517648549,0.07431956347267477,-0.062239345049246,0.30046329037784614,0.1153878107852131,-0.12847520628679654,0.24439851878703212,0.02807292307462772,0.3067187961444704,-0.1136516368241719,0.15358136269296585,-0.04338978912870761
VIRS,Pacer BioThreat Strategy ETF,2020-06-29,NA,NA,NA,NA,NA,NA,NA,NA,NA,NA,NA,NA,NA,NA,NA,NA,NA,NA,NA,NA,NA,0.14442826871491654,0.25368432760385295,-0.1801556165414081,0.15670430915275935,0.021692719895202384
VIS,Vanguard Industrials ETF,2004-09-29,NA,NA,NA,NA,NA,0.12237681353407082,0.054855185122326455,0.151636497310643,0.1318225827239501,-0.39816997912965146,0.22058990218350805,0.27321065059400684,-0.023122061924850112,0.17148886618616532,0.4192338136156848,0.06787966471156825,-0.03511090089055635,0.2037079231775314,0.21469764984117545,-0.14006839520209602,0.3008638806749291,0.1234161016691464,0.20798310060450653,-0.08570729238415498,0.2250190819611464,-0.021095105253320923
VLU,SPDR S&P 1500 Value Tilt ETF,2012-10-25,NA,NA,NA,NA,NA,NA,NA,NA,NA,NA,NA,NA,NA,0.021394635527765216,0.34612927460249576,0.13578152207928995,-0.02438666027205627,0.15284117163078115,0.18160008257028348,-0.0788158001896182,0.2619571030697121,0.09907040553373503,0.30951006111274837,-0.08240310791720407,0.17185803039547443,-0.005802300242476521
VMAX,Lattice Strategies Trust Hartford US Value ETF,2023-12-06,NA,NA,NA,NA,NA,NA,NA,NA,NA,NA,NA,NA,NA,NA,NA,NA,NA,NA,NA,NA,NA,NA,NA,NA,0.06975803784668688,-0.0027210315784799155
VNMC,Natixis Vaughan Nelson Mid Cap ETF,2020-09-17,NA,NA,NA,NA,NA,NA,NA,NA,NA,NA,NA,NA,NA,NA,NA,NA,NA,NA,NA,NA,NA,0.19054831479406054,0.21586408812071456,-0.10743695856161639,0.16915092577380375,-0.022784350852263602
VNQ,Vanguard Real Estate ETF,2004-09-29,NA,NA,NA,NA,NA,0.15997945511293832,0.11937312463005512,0.35277906084338917,-0.16515306917915185,-0.36982231016825284,0.30137398186640674,0.28390732701346977,0.08635780779336932,0.1763326138418917,0.023034229157416375,0.303989585729014,0.024325301749468897,0.08573669818794416,0.04898964807658612,-0.06026930971774225,0.2891078038361894,-0.04610472109823305,0.4053703739664678,-0.2625116212548897,0.11851839547119458,-0.014599376489549454
VNSE,Natixis Vaughan Nelson Select ETF,2020-09-17,NA,NA,NA,NA,NA,NA,NA,NA,NA,NA,NA,NA,NA,NA,NA,NA,NA,NA,NA,NA,NA,0.11214874769192984,0.39896196339051815,-0.16735856995514398,0.22511160225630844,0.0016915535308783536
VOE,Vanguard Mid-Cap Value ETF,2006-08-25,NA,NA,NA,NA,NA,NA,NA,0.12601490679177796,-0.043257769699254434,-0.36636398639705015,0.3826655352306787,0.2176174159550408,-0.003836743730155412,0.16013857611775828,0.37767961228633173,0.1396858639490126,-0.018875192563837184,0.15386064130211818,0.1707222556795165,-0.1247980185220664,0.2785265938716197,0.026462817627571633,0.2878536227351012,-0.07968677411142866,0.09852246871247572,-0.010619911347284572
VONE,Vanguard Russell 1000 ETF,2010-09-22,NA,NA,NA,NA,NA,NA,NA,NA,NA,NA,NA,0.11855712845155164,0.014189840506710238,0.16230204512659396,0.3302028182654757,0.12688085658197878,0.00665694704344566,0.11777921027158977,0.21547375151827652,-0.04836119685264151,0.31122777085110576,0.20946181904654115,0.26488504501646815,-0.19138090125191376,0.2641143211779946,0.0012906738090985304
VONG,Vanguard Russell 1000 Growth ETF,2010-09-22,NA,NA,NA,NA,NA,NA,NA,NA,NA,NA,NA,0.13427872368264948,0.023016628755148982,0.15189123383294012,0.33226516382484217,0.12428278815069138,0.05569827577402564,0.07030791504559519,0.3005236979632686,-0.015330407693412873,0.36056202694118333,0.3830167192896323,0.2760281298938847,-0.29176336949544834,0.426730187661037,0.007946715883858424
VONV,Vanguard Russell 1000 Value ETF,2010-09-22,NA,NA,NA,NA,NA,NA,NA,NA,NA,NA,NA,0.10908726953580272,0.003672449841044534,0.16716019401132565,0.3269915494418152,0.12426529483444848,-0.038121213052399794,0.17078540650051766,0.13591317432299532,-0.08446522692928948,0.2647733215936605,0.027147730510628687,0.25279798593404346,-0.0765083443641541,0.11397412636227444,-0.007168517588888368
VOO,Vanguard S&P 500 ETF,2010-09-09,NA,NA,NA,NA,NA,NA,NA,NA,NA,NA,NA,0.14780177952772844,0.018974765844796737,0.1599280707608488,0.3238645838845997,0.12927927480795787,0.013250787849047985,0.12166745983394311,0.21773602105811096,-0.04500676019215033,0.3136502258127103,0.18324362267021543,0.28794469849770876,-0.1817404032885369,0.26323884104141326,0.002724364639795418
VOOG,Vanguard S&P 500 Growth ETF,2010-09-09,NA,NA,NA,NA,NA,NA,NA,NA,NA,NA,NA,0.15797164707596156,0.04632083400914899,0.14158355487697083,0.3264892037145961,0.14709958358417263,0.05404199567462009,0.06843178155499241,0.2718669429238396,-0.0021072333384546393,0.3093144644584498,0.33348512170998457,0.3195378674532656,-0.2947614249585164,0.29957648138148185,0.008087456598469434
VOOV,Vanguard S&P 500 Value ETF,2010-09-09,NA,NA,NA,NA,NA,NA,NA,NA,NA,NA,NA,0.1257837693806585,-0.0012247672560316003,0.1700110166293074,0.3187929892984762,0.12104362708152894,-0.03162986077722507,0.1724144635590683,0.15255719730131267,-0.09089408782760544,0.3175015495123408,0.012280478653735605,0.24873488578549985,-0.053725627494167094,0.22154033512430882,-0.002679281906661779
VOT,Vanguard Mid-Cap Growth ETF,2006-08-25,NA,NA,NA,NA,NA,NA,NA,0.09162160823554966,0.17166388236882768,-0.47319608660569934,0.4389887186821593,0.2914235977164932,-0.039197012762727024,0.15977044056346856,0.3241791872329398,0.13478151084112344,-0.010729116265101202,0.06862973168518494,0.21798328197077432,-0.05559297900508142,0.33764724204989727,0.34503285784875026,0.2049834342355319,-0.28867851033386216,0.23104054234518068,-0.017762030446693222
VOTE,TCW Transform 500 ETF,2021-06-23,NA,NA,NA,NA,NA,NA,NA,NA,NA,NA,NA,NA,NA,NA,NA,NA,NA,NA,NA,NA,NA,NA,0.12075629086458184,-0.19737467256809726,0.2760078357420668,0.0021575467257557435
VOX,Vanguard Communication Services  ETF,2004-09-29,NA,NA,NA,NA,NA,0.120774469588381,0.020055564132582138,0.36691747597288993,0.051103397716097065,-0.38565238648312616,0.29491454673620265,0.19535426354779806,-0.021562887495070404,0.16561029908306546,0.24276942612081398,0.012670467821476628,0.02698318637668251,0.22775149012157225,-0.05498967447319769,-0.16748244311125737,0.2802672496699441,0.2912016412977616,0.13826297161322376,-0.3884802692214546,0.4480228923902998,0.009938822263106939
VPU,Vanguard Utilities ETF,2004-01-30,NA,NA,NA,NA,NA,0.20599847026297335,0.14556140304891252,0.21659461975787808,0.1699441897927585,-0.2794588214133148,0.11301418841380606,0.07056369617224889,0.18985302579773822,0.018449509615083404,0.14905046388189858,0.2595076980057447,-0.04806421263891425,0.17580027335461756,0.12443188640129343,0.043796284959213505,0.24894179078272294,-0.007349817850256235,0.1739932280118046,0.010623373337283137,-0.0744553331675194,-0.003064225616774774
VRAI,Virtus Real Asset Income ETF,2019-02-08,NA,NA,NA,NA,NA,NA,NA,NA,NA,NA,NA,NA,NA,NA,NA,NA,NA,NA,NA,NA,0.056091313964069744,-0.05943869985723349,0.24352434134540624,-0.09957448245837897,0.040839415842385485,-0.019105602078629547
VSDA,VictoryShares Dividend Accelerator ETF,2017-04-18,NA,NA,NA,NA,NA,NA,NA,NA,NA,NA,NA,NA,NA,NA,NA,NA,NA,NA,0.14078595545427075,-0.014017424484288665,0.3139772100868983,0.1271193840519509,0.21949667976271758,-0.044224508781683824,0.0874159114327131,-0.008722493695822342
VSLU,Applied Finance Valuation Large Cap ETF,2021-04-30,NA,NA,NA,NA,NA,NA,NA,NA,NA,NA,NA,NA,NA,NA,NA,NA,NA,NA,NA,NA,NA,NA,0.14052292213736317,-0.16051219720377607,0.2678517293961351,0.004473640415826319
VSMV,VictoryShares US Multi-Factor Minimum Volatility ETF,2017-06-26,NA,NA,NA,NA,NA,NA,NA,NA,NA,NA,NA,NA,NA,NA,NA,NA,NA,NA,0.11310017236840575,-0.011232046198448864,0.2679099721042655,0.05053465432228177,0.25658753246950017,-0.07559741779073192,0.12339800094812503,0.009438529501595738
VTHR,Vanguard Russell 3000 ETF ,2010-09-22,NA,NA,NA,NA,NA,NA,NA,NA,NA,NA,NA,0.12796048143496286,0.011257513943505826,0.1566392762354727,0.33772086365124476,0.12279088383058046,0.001811860038726687,0.12447073344756299,0.21050918691436826,-0.05648680001713546,0.3081643067355091,0.20934329109058392,0.2549187478217756,-0.19197871674874978,0.25925623313926605,-0.001691493714487402
VTI,Vanguard Total Stock Market ETF,2001-06-15,NA,NA,-0.04404124514108665,-0.20479566581719533,0.3074307287342857,0.12781535566404845,0.06304075376555884,0.15696624662341496,0.053698644208681534,-0.36986047224167573,0.2890465098473194,0.17428287303566226,0.009685324359102854,0.16451335564370884,0.3344974852595102,0.1254936772658639,0.0035505613313786544,0.12817728297682218,0.2121345028586128,-0.052347995840910544,0.3066863455919233,0.21076133315911405,0.2568185346283538,-0.19523443168973864,0.26046976070902095,-4.637071485773525e-4
VTV,Vanguard Value ETF,2004-01-30,NA,NA,NA,NA,NA,0.13845240954344873,0.0721298823303369,0.22376797996122422,-0.0011590322494342553,-0.3588636867852161,0.19876752535681486,0.14541387819636142,0.011117855675550903,0.15179353576826715,0.33087161691240863,0.13172367144455333,-0.009781478957427314,0.17101990279088986,0.17144964561900067,-0.05473898741929395,0.2565596366925327,0.0233176824975041,0.2653435014892416,-0.020871942189514825,0.09315447383967923,-8.026429243310762e-4
VTWG,Vanguard Russell 2000 Growth ETF,2010-09-22,NA,NA,NA,NA,NA,NA,NA,NA,NA,NA,NA,0.21676120929731746,-0.03299486544755803,0.1435139360993296,0.4336972147652227,0.06187359676816517,-0.01148402530480963,0.10453096813798712,0.2226591222838643,-0.09445192801205704,0.28753819712239337,0.34720297551469836,0.02843633130214185,-0.2649273673754199,0.18898070519841448,-0.036284410522354316
VTWO,Vanguard Russell 2000 ETF,2010-09-22,NA,NA,NA,NA,NA,NA,NA,NA,NA,NA,NA,0.200945326697898,-0.0439467693906167,0.16267249828722408,0.3876445027814648,0.050216020677295914,-0.04436909589375859,0.21357091451298782,0.14687128606868605,-0.11147037138484828,0.2580953396761141,0.20221208232652121,0.1479362539724154,-0.2049266140439816,0.17080540860131688,-0.03736126801856532
VTWV,Vanguard Russell 2000 Value ETF,2010-09-22,NA,NA,NA,NA,NA,NA,NA,NA,NA,NA,NA,0.1862040536261751,-0.04908894260707919,0.16212436682828812,0.3491162004669228,0.04187028616368793,-0.07538567289459175,0.31577202266515014,0.08060772346846035,-0.1333470912625685,0.22445057177576477,0.0487819864211847,0.2789485077447251,-0.14462187217641786,0.1467497487014855,-0.04034261555840091
VUG,Vanguard Growth ETF,2004-01-30,NA,NA,NA,NA,NA,0.04991430869686386,0.050175643075872634,0.09192035076539828,0.12517015963372047,-0.38022853135817547,0.3613498073747432,0.17215457335722872,0.01822042190704054,0.1701115096907022,0.32475956945628015,0.1361317622208018,0.032391552306286986,0.06273682562401128,0.27723128736815905,-0.03321767913482754,0.37034435403966026,0.40247325617750507,0.27346950143267046,-0.33158691454281064,0.468331904555477,0.0060794650706847975
VUSE,Vident U.S. Equity Strategy ETF,2014-01-22,NA,NA,NA,NA,NA,NA,NA,NA,NA,NA,NA,NA,NA,NA,NA,0.08331355741859614,-0.060857148273689265,0.17849241812533356,0.1662304335626248,-0.15249439697009448,0.20745314330554754,0.06762640279031862,0.3545368498140453,-0.09420591306758463,0.24362383271012567,-0.0089254507805121
VXF,Vanguard Extended Market ETF,2002-01-04,NA,NA,NA,-0.19424277460597805,0.4378985519099694,0.18521660841600207,0.10447422858035993,0.14294795475737332,0.044733945233154326,-0.38697634704702877,0.3789110647447227,0.2761540792637176,-0.03644303188487308,0.18622246391487995,0.3827185288269248,0.07564379073462457,-0.032712463200561204,0.16195125815647193,0.1806111774980439,-0.0934195934575881,0.27962907179649177,0.32448643495173735,0.12310872220733371,-0.2652043787330369,0.25509256099274036,-0.02700402925953116
VYM,Vanguard High Dividend Yield ETF,2006-11-16,NA,NA,NA,NA,NA,NA,NA,0.0282503807647958,0.013665509892691219,-0.3191988210531006,0.17185437425063887,0.14221995528750497,0.10550117657827962,0.12692436261218343,0.30078823249179254,0.1353937856566625,0.002805484719674345,0.170365491622255,0.16419337999911954,-0.05922384412661341,0.24063399202858737,0.011449965115050809,0.2619917752902321,-0.0043463047054689286,0.06573977873445336,-0.0012541377147096133
WANT,Direxion Daily Consumer Discretionary Bull 3X Shares,2018-11-29,NA,NA,NA,NA,NA,NA,NA,NA,NA,NA,NA,NA,NA,NA,NA,NA,NA,NA,NA,-0.24912737357655446,0.9008245003631847,0.4525323608918632,0.8481410982852318,-0.8302625855952734,1.1441885394530371,-0.08660037932688558
WCEO,Affinity World Leaders Equity ETF Hypatia Women CEO ETF,2023-01-09,NA,NA,NA,NA,NA,NA,NA,NA,NA,NA,NA,NA,NA,NA,NA,NA,NA,NA,NA,NA,NA,NA,NA,NA,0.11350702026505033,-0.022683703842180103
WCLD,WisdomTree Cloud Computing Fund,2019-09-06,NA,NA,NA,NA,NA,NA,NA,NA,NA,NA,NA,NA,NA,NA,NA,NA,NA,NA,NA,NA,0.009083710308390947,1.0970647135416085,-0.03210155210756682,-0.516390288690048,0.3935407045158761,-0.021173151997509687
WEBL,Direxion Daily Dow Jones Internet Bull 3X Shares,2019-11-07,NA,NA,NA,NA,NA,NA,NA,NA,NA,NA,NA,NA,NA,NA,NA,NA,NA,NA,NA,NA,0.13465102721941102,1.3256062568223586,0.02731027064617919,-0.910361067978683,1.65499119897237,0.013852245399779584
WEBS,Direxion Daily Dow Jones Internet Bear 3X Shares,2019-11-07,NA,NA,NA,NA,NA,NA,NA,NA,NA,NA,NA,NA,NA,NA,NA,NA,NA,NA,NA,NA,-0.13157439712718866,-0.8718234806025381,-0.39819592784282887,1.1715283002607078,-0.7558108260877265,-0.024647890477002776
WFH,Direxion Work From Home ETF,2020-06-25,NA,NA,NA,NA,NA,NA,NA,NA,NA,NA,NA,NA,NA,NA,NA,NA,NA,NA,NA,NA,NA,0.3426290687556548,0.10769531054328874,-0.45262159243195466,0.35749669065349376,-0.003649190559909754
WGMI,Valkyrie Bitcoin Miners ETF,2022-02-08,NA,NA,NA,NA,NA,NA,NA,NA,NA,NA,NA,NA,NA,NA,NA,NA,NA,NA,NA,NA,NA,NA,NA,-0.8347504745581098,3.0407622192459334,-0.22333335876464844
WINN,Harbor ETF Trust Harbor Long-Term Growers ETF,2022-02-03,NA,NA,NA,NA,NA,NA,NA,NA,NA,NA,NA,NA,NA,NA,NA,NA,NA,NA,NA,NA,NA,NA,NA,-0.2666398281786587,0.5244018548497305,0.014029947126672049
WKLY,SoFi Weekly Dividend ETF,2021-05-11,NA,NA,NA,NA,NA,NA,NA,NA,NA,NA,NA,NA,NA,NA,NA,NA,NA,NA,NA,NA,NA,NA,0.05346717054809269,-0.07500039929436075,0.08098658040268347,-0.0016843872368047519
WOMN,Impact Shares Trust I ETF Impact Shares YWCA Womenas Empowerme,2018-08-30,NA,NA,NA,NA,NA,NA,NA,NA,NA,NA,NA,NA,NA,NA,NA,NA,NA,NA,NA,-0.1216659233988544,0.3249687825719032,0.34175064498139607,0.24871693120504212,-0.18068407674831855,0.2785618813155135,0.006004111077658303
WTID,Bank Of Montreal MicroSectors Energy 3X Inverse Leveraged ETNs,2023-02-15,NA,NA,NA,NA,NA,NA,NA,NA,NA,NA,NA,NA,NA,NA,NA,NA,NA,NA,NA,NA,NA,NA,NA,NA,-0.1712073526611143,0.03036041106077292
WTIU,Bank Of Montreal MicroSectors Energy 3X Leveraged ETNs,2023-02-15,NA,NA,NA,NA,NA,NA,NA,NA,NA,NA,NA,NA,NA,NA,NA,NA,NA,NA,NA,NA,NA,NA,NA,NA,-0.2842272403227215,-0.046093238174333195
WTV,WisdomTree U.S. Value Fund,2007-02-23,NA,NA,NA,NA,NA,NA,NA,NA,-0.008687212784811882,-0.41400293194624693,0.2949652199654642,0.14228724154509864,0.05140738057164507,0.11239889452543328,0.3073193699387138,0.14463919168388628,-0.0067270219980093415,0.07619167656576908,0.23759090654628912,-0.08287922486393196,0.296910797088469,0.06150488700365253,0.3059109503204762,-0.08066240235517286,0.21839817923183258,-0.007587868850560953
WUCT,UBS AG,2023-03-28,NA,NA,NA,NA,NA,NA,NA,NA,NA,NA,NA,NA,NA,NA,NA,NA,NA,NA,NA,NA,NA,NA,NA,NA,0.1791646462079337,0.009346079304134003
XAR,SPDR S&P Aerospace & Defense ETF,2011-09-29,NA,NA,NA,NA,NA,NA,NA,NA,NA,NA,NA,NA,0.1159413545397836,0.1476492565492704,0.6117433361985982,0.11595112455077339,-0.009784870037391036,0.21250004820912727,0.3299558662851818,-0.045828119106041676,0.3933461139845462,0.061767897821839224,0.02311586804544863,-0.05020513860650411,0.23789307450176422,-0.03574063213213463
XAUG,FT Vest U.S. Equity Enhance & Moderate Buffer ETF - August,2023-08-21,NA,NA,NA,NA,NA,NA,NA,NA,NA,NA,NA,NA,NA,NA,NA,NA,NA,NA,NA,NA,NA,NA,NA,NA,0.05219724199046327,0.003793961343564911
XBAP,Innovator U.S. Equity Accelerated 9 Buffer ETF - April,2021-04-01,NA,NA,NA,NA,NA,NA,NA,NA,NA,NA,NA,NA,NA,NA,NA,NA,NA,NA,NA,NA,NA,NA,0.0747846428717589,-0.07591990831385798,0.2053142136277153,0.0042192618759031575
XBI,SPDR Series Trust  SPDR S&P Biotech ETF,2006-02-06,NA,NA,NA,NA,NA,NA,NA,-0.06314726992785202,0.29030151766155665,-0.08617883008407201,0.0035326723548654293,0.17598813999555585,0.05263175151451338,0.32687485343582035,0.48390545108554694,0.4497314081114172,0.13576709442826607,-0.15446947586640047,0.43772495895522745,-0.1527711238192686,0.3256230783754679,0.4833156600537638,-0.20449723871455783,-0.25866379333259815,0.07599569249377591,0.012655361651155106
XBJA,Innovator ETFs Trust Innovator U.S. Equity Accelerated 9 Buffe,2022-01-03,NA,NA,NA,NA,NA,NA,NA,NA,NA,NA,NA,NA,NA,NA,NA,NA,NA,NA,NA,NA,NA,NA,NA,-0.11721076587237367,0.1761482844661253,0.006211174145593246
XBJL,Innovator U.S. Equity Accelerated 9 Buffer ETF - July,2021-07-01,NA,NA,NA,NA,NA,NA,NA,NA,NA,NA,NA,NA,NA,NA,NA,NA,NA,NA,NA,NA,NA,NA,0.04697201373142912,-0.04983314411896933,0.19488025815971,0.0027759334468648866
XBOC,Innovator U.S. Equity Accelerated 9 Buffer ETF - October,2021-10-01,NA,NA,NA,NA,NA,NA,NA,NA,NA,NA,NA,NA,NA,NA,NA,NA,NA,NA,NA,NA,NA,NA,0.037603298294341725,-0.07582641137718615,0.20055164015466231,0.0032304433099850094
XBTF,VanEck ETF Trust VanEck Bitcoin Strategy ETF,2021-11-16,NA,NA,NA,NA,NA,NA,NA,NA,NA,NA,NA,NA,NA,NA,NA,NA,NA,NA,NA,NA,NA,NA,-0.20174119085484077,-0.6469379388638944,1.3122490248496437,0.02628189697683525
XCLR,Global X Funds Global X S&P 500 Collar 95-110 ETF,2021-03-25,NA,NA,NA,NA,NA,NA,NA,NA,NA,NA,NA,NA,NA,NA,NA,NA,NA,NA,NA,NA,NA,NA,-0.29989038933403833,-0.12930890366502967,0.15636655011536793,0.0018764003878277702
XCOR,FundX Investment Trust FundX ETF,2022-10-17,NA,NA,NA,NA,NA,NA,NA,NA,NA,NA,NA,NA,NA,NA,NA,NA,NA,NA,NA,NA,NA,NA,NA,0.07113214968291737,0.14337514975862464,0.008547155248458838
XDAP,Innovator U.S. Equity Accelerated ETF - April,2021-04-01,NA,NA,NA,NA,NA,NA,NA,NA,NA,NA,NA,NA,NA,NA,NA,NA,NA,NA,NA,NA,NA,NA,0.12806901923459768,-0.14491348721875108,0.24312072863928913,0.00569665196356639
XDEC,FT Vest U.S. Equity Enhance & Moderate Buffer ETF - December,2021-12-20,NA,NA,NA,NA,NA,NA,NA,NA,NA,NA,NA,NA,NA,NA,NA,NA,NA,NA,NA,NA,NA,NA,0.018824860957464384,-0.03373922893070358,0.1436348362004456,0.007346459270286321
XDJA,Innovator ETFs Trust Innovator U.S. Equity Accelerated ETF - J,2022-01-03,NA,NA,NA,NA,NA,NA,NA,NA,NA,NA,NA,NA,NA,NA,NA,NA,NA,NA,NA,NA,NA,NA,NA,-0.20820774008355414,0.24321034118197127,0.0070641215724871476
XDJL,Innovator U.S. Equity Accelerated ETF - July,2021-07-01,NA,NA,NA,NA,NA,NA,NA,NA,NA,NA,NA,NA,NA,NA,NA,NA,NA,NA,NA,NA,NA,NA,0.08252619574540798,-0.16413745006607117,0.2858611188199627,0.0067265953942008405
XDOC,Innovator U.S. Equity Accelerated ETF - October,2021-10-01,NA,NA,NA,NA,NA,NA,NA,NA,NA,NA,NA,NA,NA,NA,NA,NA,NA,NA,NA,NA,NA,NA,0.06550288740816135,-0.1773569704050677,0.2804132952855074,0.007006602462858558
XDQQ,Innovator Growth Accelerated ETF - Quarterly,2021-04-01,NA,NA,NA,NA,NA,NA,NA,NA,NA,NA,NA,NA,NA,NA,NA,NA,NA,NA,NA,NA,NA,NA,0.18287036100178478,-0.3374102858721205,0.301501345753429,0.0018910452364075958
XDSQ,Innovator ETFs Trust Innovator U.S. Equity Accelerated ETF - Q,2021-04-01,NA,NA,NA,NA,NA,NA,NA,NA,NA,NA,NA,NA,NA,NA,NA,NA,NA,NA,NA,NA,NA,NA,0.12753512229348418,-0.16776203414279423,0.23004987407614275,0.00388578387519245
XES,SPDR Series Trust SPDR S&P Oil & Gas Equipment & Services ETF,2006-06-22,NA,NA,NA,NA,NA,NA,NA,0.0411555177454237,0.38281593004002556,-0.5758304416946582,0.6779154094320428,0.3011451936531544,-0.05325143498474372,0.006194035489683225,0.27134842758293254,-0.34697809677746216,-0.36591439259748426,0.2840975913135406,-0.21929910761217475,-0.4698742758344986,-0.08998233817742385,-0.43371812906663965,0.12004542125963513,0.6203177248717502,0.06684655967857722,-0.06153123235347091
XHB,SPDR Series Trust SPDR Homebuilders ETF,2006-02-06,NA,NA,NA,NA,NA,NA,NA,-0.16463396814967102,-0.476528801900983,-0.36746907156896746,0.27647045383091196,0.1742595707579988,-0.007296439437064928,0.5732876742619344,0.2558702667992183,0.030512366423452342,0.006554107024411504,-0.002952210489556961,0.31795872329850017,-0.25723891993672443,0.4129646449479756,0.2797510458205208,0.49696218338077114,-0.28932473943799375,0.6010658834115956,-0.012962632716845945
XHE,SPDR S&P Health Care Equipment,2011-01-27,NA,NA,NA,NA,NA,NA,NA,NA,NA,NA,NA,NA,-0.01568961056727647,0.12890054950650875,0.39452951654257684,0.15982104628698113,0.09997059111291451,0.11782507510478979,0.3051214828840334,0.08903844313507303,0.22305695990831498,0.32913005062480516,0.03041158734923677,-0.23338667692793746,-0.06232352438002964,-0.0016615165689419786
XHS,SPDR S&P Health Care Services ETF,2011-09-29,NA,NA,NA,NA,NA,NA,NA,NA,NA,NA,NA,NA,0.14261593225788682,0.2203160632552965,0.37386383834786785,0.2528920352517554,0.032069219714087494,-0.08320881720996143,0.17651902595936697,0.019596068841951197,0.1880579409947294,0.33660327282338987,0.09763885897684554,-0.198692083993386,0.051491343463635486,-0.009106212325842633
XISE,FT Vest U.S. Equity Buffer & Premium Income ETF - September,2023-09-18,NA,NA,NA,NA,NA,NA,NA,NA,NA,NA,NA,NA,NA,NA,NA,NA,NA,NA,NA,NA,NA,NA,NA,NA,0.024708193102925824,0.002422618784842845
XJH,iShares ESG Screened S&P Mid-Cap ETF,2020-09-25,NA,NA,NA,NA,NA,NA,NA,NA,NA,NA,NA,NA,NA,NA,NA,NA,NA,NA,NA,NA,NA,0.27798909158838514,0.23423088896500044,-0.14362847445646643,0.16743215573502956,-0.018157656363158026
XJR,iShares ESG Screened S&P Small-Cap ETF,2020-09-25,NA,NA,NA,NA,NA,NA,NA,NA,NA,NA,NA,NA,NA,NA,NA,NA,NA,NA,NA,NA,NA,0.34388003040754467,0.2495697237069765,-0.1730335096714024,0.16388147681539644,-0.03445033230781813
XJUL,FT Vest U.S. Equity Enhance & Moderate Buffer ETF - July,2023-07-24,NA,NA,NA,NA,NA,NA,NA,NA,NA,NA,NA,NA,NA,NA,NA,NA,NA,NA,NA,NA,NA,NA,NA,NA,0.04054755533557097,0.004582560109310796
XJUN,FT Vest U.S. Equity Enhance & Moderate Buffer ETF - June,2021-07-13,NA,NA,NA,NA,NA,NA,NA,NA,NA,NA,NA,NA,NA,NA,NA,NA,NA,NA,NA,NA,NA,NA,0.033569529680250065,4.5699163898316186e-4,0.1462690390252528,0.0033587621148831737
XLB,Materials Select Sector SPDR,1999-12-31,0,-0.162241267215251,0.021405729659611072,-0.053283832812394905,0.3741276326064422,0.1349250715421746,0.04080115943900453,0.1836479823506556,0.22085467001441494,-0.4404887476873074,0.4815797730496816,0.20555001123206096,-0.10921813427278315,0.14693377217360015,0.25988000026501257,0.07182951741434418,-0.08693300363186773,0.16796320545474241,0.24012701350602317,-0.1487743267431353,0.24129087725306242,0.20460653399854878,0.2743794348602082,-0.12296910303489328,0.12455919179453567,-0.024433059912508992
XLC,The Communication Services Select Sector SPDR Fund,2018-06-19,NA,NA,NA,NA,NA,NA,NA,NA,NA,NA,NA,NA,NA,NA,NA,NA,NA,NA,NA,-0.16880489711041902,0.31047844997259744,0.2690437329171744,0.15961955999481914,-0.3762951749319967,0.5282085876418421,0.01582705530586237
XLE,SPDR Select Sector Fund - Energy Select Sector,1999-12-31,0,0.24400760708061364,-0.1813304734559089,-0.1468161019482962,0.2581169963098904,0.3393513529154826,0.401789145834321,0.18068868308574282,0.368883160142192,-0.38955298891113777,0.21763769248202958,0.2177692381666192,0.028391149339742405,0.05212560903037455,0.26246398048166575,-0.086782553337031,-0.2149817197365007,0.2802539162853688,-0.008874513635498404,-0.18217593496028384,0.11741479260344123,-0.3267133246967059,0.5327987148749511,0.6432489861359643,-0.006302506950589648,-0.013835831147222977
XLF,SPDR Select Sector Fund - Financial,1999-12-31,0,0.2585638980510847,-0.09430577852431288,-0.14736081967310855,0.3049184497849464,0.10859663808648046,0.06204485037534546,0.18888609737306927,-0.19175736979221558,-0.5490217477555471,0.17565330166341808,0.11903994665903217,-0.17142523052879333,0.28415399094836347,0.35527314634678553,0.15053593540482324,-0.017700649000775615,0.22415192896396552,0.2199987421073355,-0.1305208530853602,0.31873996287868356,-0.017363422915189886,0.34797850589238566,-0.10586459792648328,0.12030936616217236,0
XLG,Invesco S&P 500 Top 50 ETF,2005-05-10,NA,NA,NA,NA,NA,NA,0.13697529691984656,0.40467394730867023,0.25503289994222644,-0.16327772139009789,0.5482480366862661,0.3208330028383426,0.2665567884060085,0.4133040850796035,0.5738865265385975,0.3449625099636815,0.26793762165578716,0.3506679036912117,0.4780454613608702,0.14493959161372083,0.5468062260907662,0.3865780517664259,0.40689211601882813,-0.15123193207337737,0.4238453480209514,0.011929929312812337
XLI,SPDR Select Sector Fund - Industrial,1999-12-31,0,0.06708749394714131,-0.10540631110871246,-0.24572986354162607,0.31857583190056293,0.17751425948735644,0.0274867166504551,0.1351579615349352,0.13493214331370051,-0.387276102302488,0.22031191505488512,0.2782066046867613,-0.0109967684699942,0.14924370727140368,0.40548666092084473,0.10365729217397224,-0.04323389444115211,0.20005504145022113,0.23979216889628363,-0.13247401527506053,0.2908456467979126,0.10904976604335048,0.2108202687823073,-0.05568727093376713,0.18129318695664964,-0.01649265101017694
XLK,SPDR Select Sector Fund - Technology,1999-12-31,0,-0.418793352981385,-0.23353315544468856,-0.38166858881074206,0.3867546291625641,0.05637662227475215,-0.003164990256293354,0.12157193708408509,0.15457069650124455,-0.41507249380881384,0.5132503550050966,0.11394626212789771,0.02613807873094176,0.1529624706168291,0.262412077802866,0.17842363889855983,0.054692575944759625,0.15011865514266898,0.3425641206390575,-0.016772143308557474,0.498558551131967,0.4361883855276212,0.34744062657147246,-0.27726280494400146,0.5601837757136312,-0.001246832084902505
XLP,SPDR Select Sector Fund - Consumer Staples,1999-12-31,0,0.25542386813234996,-0.09927130809526274,-0.2009413961876737,0.11173328373777958,0.07645438707661478,0.028418397439444743,0.14489837967793284,0.1268624648246679,-0.15023568188857583,0.14277669977155916,0.13779906052626556,0.1408674966501009,0.10725987580548546,0.263088578095382,0.15719806214018694,0.06873023832532232,0.04980689594991161,0.12981957291462254,-0.08071130441755514,0.2743394626827509,0.10110778355943517,0.172054621763299,-0.008093948362953962,-0.00818205607920408,0.010690049778013577
XLRE,Real Estate Select Sector SPDR Fund (The),2015-10-08,NA,NA,NA,NA,NA,NA,NA,NA,NA,NA,NA,NA,NA,NA,NA,NA,0.043654611079302574,0.027552139434949607,0.10695503066408252,-0.023876241460515923,0.28683802436390593,-0.021862717613969185,0.4610097110838982,-0.26249275318404197,0.12360009916237336,-0.012980540188158085
XLU,SPDR Select Sector Fund - Utilities,1999-12-31,0,0.2247931690413698,-0.1300515982246776,-0.28775511519815966,0.2646594421510906,0.23585813736180472,0.16385634707914565,0.2089275541370672,0.18420570544399628,-0.2891024159188378,0.11705852791514726,0.053085644465423076,0.19640147792688545,0.0103703885912787,0.13065661281987184,0.28747272183878314,-0.04929072164366266,0.16076419061083147,0.12048048000763667,0.03935211045930331,0.2593130942817967,0.0051053223532420144,0.17704020991591385,0.014429412687578136,-0.07174784540190449,-1.579367746925575e-4
XLV,SPDR Select Sector Fund - Health Care,1999-12-31,0,-0.11769621472776026,-0.008257699048260125,-0.007389382448100723,0.1493008853564053,0.01272977133028963,0.06416067414093862,0.0705139200808802,0.07159553687733755,-0.23310045825112435,0.19518733838996094,0.03299246309902193,0.12396824108117821,0.17371876682282217,0.4140927387343609,0.2513635908423386,0.06831157779437858,-0.027617095530182434,0.21772875181477436,0.06279979640520272,0.20451759672616898,0.13295213079153956,0.26038598821172165,-0.020792758222641594,0.02066592119159072,0.0303563516749088
XLY,SPDR Select Sector Fund - Consumer Discretionary,1999-12-31,0,-0.16874049170171557,0.12730003369108944,-0.18659975071105372,0.3720003861134964,0.128806079188877,-0.06573501855422526,0.18412109319507586,-0.13668226439590714,-0.3297117610908695,0.40569102503845955,0.27462391054576685,0.05994346708182241,0.23598972958614595,0.4273264062094515,0.09461695317303254,0.09902869238033274,0.05968949925523592,0.22822483735336285,0.015820110421486566,0.2838957095759731,0.29630299636615787,0.27928113295566326,-0.36272185772340004,0.3963929578896406,-0.027123711822306107
XMAR,FT Vest U.S. Equity Enhance & Moderate Buffer ETF - March,2023-03-20,NA,NA,NA,NA,NA,NA,NA,NA,NA,NA,NA,NA,NA,NA,NA,NA,NA,NA,NA,NA,NA,NA,NA,NA,0.10298563090147983,0.0012164567983807828
XME,SPDR S&P Metals & Mining ETF,2006-06-22,NA,NA,NA,NA,NA,NA,NA,0.0936655104453572,0.4175217621741265,-0.5938445700648831,0.8823876926096053,0.34134191267632863,-0.2817068280990661,-0.06599901827094334,-0.053813095958089474,-0.25276216229315007,-0.5052858048391629,1.0604042321072082,0.21174707690929462,-0.2678107859960338,0.14693058904804945,0.1595301899485957,0.34924301815415326,0.1313662018730526,0.21510378147699316,-0.03844230288096029
XMMO,Invesco S&P MidCap Momentum ETF,2005-03-03,NA,NA,NA,NA,NA,NA,0.16356410201810245,0.09337286761686414,0.27560496150799874,-0.44064305257916603,0.23605109909885913,0.2958176170019424,-0.057397919232501926,0.14725715682269702,0.2747511588895579,0.10614096854946053,-0.04575306354951414,0.033979506620186894,0.37186990362291317,0.061105817999886014,0.36786010905729216,0.28847982894691415,0.16631783057174632,-0.16016243291370869,0.20391066194766871,3.340249427943309e-4
HOCT,Innovator ETFs Trust Innovator Premium Income 9 Buffer ETF - O,2023-10-02,NA,NA,NA,NA,NA,NA,NA,NA,NA,NA,NA,NA,NA,NA,NA,NA,NA,NA,NA,NA,NA,NA,NA,NA,0.02891236020758714,0.004179764691395693
HOMZ,Hoya Capital Housing ETF,2019-03-20,NA,NA,NA,NA,NA,NA,NA,NA,NA,NA,NA,NA,NA,NA,NA,NA,NA,NA,NA,NA,0.173101644621805,0.16471903274420918,0.41015289513658804,-0.2813949721236606,0.3651242317373029,-0.021809084674799695
HQGO,Hartford US Quality Growth ETF,2023-12-06,NA,NA,NA,NA,NA,NA,NA,NA,NA,NA,NA,NA,NA,NA,NA,NA,NA,NA,NA,NA,NA,NA,NA,NA,0.06119160724358652,0.009009889034961027
HSMV,First Trust Horizon Managed Volatility Small/Mid ETF,2020-04-07,NA,NA,NA,NA,NA,NA,NA,NA,NA,NA,NA,NA,NA,NA,NA,NA,NA,NA,NA,NA,NA,0.346922743816678,0.2372637706923193,-0.09435752036747358,0.050065599662032945,-0.01227570410139378
HUSV,First Trust Exchange-Traded Fund III First Trust Horizon Manag,2016-08-25,NA,NA,NA,NA,NA,NA,NA,NA,NA,NA,NA,NA,NA,NA,NA,NA,NA,0.006923303466618735,0.16077546702324796,-0.01913182474825026,0.26984880659293253,0.053915713130049614,0.26037869809331005,-0.06317245655010617,0.03512627417349501,0.006049382238881851
HYLG,Global X Funds Global X Health Care Covered Call & Growth ETF,2022-11-23,NA,NA,NA,NA,NA,NA,NA,NA,NA,NA,NA,NA,NA,NA,NA,NA,NA,NA,NA,NA,NA,NA,NA,0.0051672086594063416,0.039996971003990245,0.019922604152152967
IAI,iShares U.S. Broker-Dealers & Securities Exchanges ETF,2006-05-05,NA,NA,NA,NA,NA,NA,NA,0.056755435540322585,-0.04292190248573058,-0.60313906170539755,0.4207368726513814,0.048815502646075704,-0.2708999115941785,0.1641453893433984,0.6565874513112173,0.1169955833037597,-0.013751208645131796,0.21322413073832713,0.2886342140271976,-0.09473070357017632,0.24261387585543304,0.186115510435229,0.4048443896661382,-0.10868453250244481,0.15271553648324643,-0.03464481874616698
IAK,iShares U.S. Insurance ETF,2006-05-05,NA,NA,NA,NA,NA,NA,NA,0.08662786608743933,-0.07426089858807583,-0.5108225117179581,0.14020581764456908,0.20025789148309103,-0.07411419831761412,0.17525967917873753,0.4544336183540729,0.07309988529366374,0.0397933757210196,0.18174665225291053,0.14178605114342369,-0.11478417908016891,0.25940114483462473,-0.028646170462990117,0.2684230350332282,0.1133446417010282,0.11273717443273457,0.0239711728989771
IAT,iShares U.S. Regional Banks ETF,2006-05-05,NA,NA,NA,NA,NA,NA,NA,0.060274055449627495,-0.2549749874367887,-0.3351270619378308,-0.10928068061069385,0.2023656693083833,-0.12746993939431828,0.17733306609794974,0.37666114927979844,0.07516008558133147,0.017955135185656612,0.3230446951817951,0.10421338127546198,-0.17454924185492005,0.3138135407501781,-0.07601750827067888,0.388932531085332,-0.20609584462473007,-0.08525106565395835,-0.027724661643921178
IBBQ,Invesco Nasdaq Biotechnology ETF,2021-06-11,NA,NA,NA,NA,NA,NA,NA,NA,NA,NA,NA,NA,NA,NA,NA,NA,NA,NA,NA,NA,NA,NA,-0.06720964393030093,-0.10401978025787795,0.04734986808042807,0.021927887755536002
ICAP,Series Portfolios Trust InfraCap Equity Income Fund ETF,2021-12-29,NA,NA,NA,NA,NA,NA,NA,NA,NA,NA,NA,NA,NA,NA,NA,NA,NA,NA,NA,NA,NA,NA,0.00566733411627518,-0.10094239648211834,0.08822700607775902,-0.013215856338833154
ICF,iShares Cohen & Steers REIT ETF,2001-02-02,NA,NA,0.11164468899856428,0.03257091840368154,0.3756252003586402,0.34686779285511715,0.14547152480619752,0.3852378777487344,-0.18250060813891233,-0.4094118219885091,0.25146843156278575,0.29128803759884137,0.10180074174960785,0.15354469352044098,-0.01724656339942543,0.3392246088808848,0.06012300002046955,0.04754843886597415,0.04901902848910433,-0.02549259356973299,0.2548195381180456,-0.0542804845027709,0.4417321893190964,-0.26122379508106086,0.10360540664764595,-0.008172987331476644
IDGT,iShares U.S. Digital Infrastructure and Real Estate ETF,2001-08-27,NA,NA,-0.11014471677871784,-0.5573290414861838,1.031640873159319,0.09706612298286821,0.023472681792128913,0.03777405869139083,0.05784734479017506,-0.5032592847570792,0.6057577113088273,0.24303067541638135,-0.1813174164326784,0.054174864396929534,0.15220376365941113,0.15649229333833725,0.005224418573206213,0.186521513493213,0.11805124349140517,-0.019702143419465634,0.17388609301913882,0.08776118342515615,0.420593255143757,-0.17905485868078808,-0.06160658644655759,0.020098995757948046
IDU,iShares U.S. Utilities ETF,2000-06-20,NA,0.31219084290536747,-0.2586934966504222,-0.22201210697767715,0.25563012558097054,0.23071917822164956,0.14562724325915566,0.20783285137288487,0.16708919718669812,-0.3016914466070829,0.1233900043503724,0.07204316793533949,0.1868512046863462,0.011505336467209082,0.14784005982290505,0.27346846888838106,-0.048379107511437036,0.16459927840351152,0.11935867420687063,0.03926880314613812,0.24214597899616308,-0.010681375480469546,0.16959290361517199,0.0017451740719640618,-0.050236131329887135,-0.0013762118094780007
IEDI,iShares U.S. Consumer Focused ETF,2018-03-23,NA,NA,NA,NA,NA,NA,NA,NA,NA,NA,NA,NA,NA,NA,NA,NA,NA,NA,NA,0.007117977783956064,0.3040486942822995,0.2982982104793652,0.21194244654508343,-0.23420608767949258,0.24323737753879904,-6.789285539987588e-5
IEO,iShares U.S. Oil & Gas Exploration & Production ETF,2006-05-05,NA,NA,NA,NA,NA,NA,NA,-0.0653945902839449,0.39616924551701804,-0.4188683365949061,0.4107209201718607,0.18652708520513261,-0.03240203529862262,0.04268733302947503,0.3079924899092519,-0.1227147656349068,-0.24596916792378942,0.24965347065427723,0.0032836560397941916,-0.19437739328239667,0.09633288697616593,-0.327718029232803,0.7556637623057083,0.5781520911992915,0.03574036026120342,-0.017705778330849964
IETC,iShares U.S. Tech Independence Focused ETF,2018-03-23,NA,NA,NA,NA,NA,NA,NA,NA,NA,NA,NA,NA,NA,NA,NA,NA,NA,NA,NA,-0.03517330917959771,0.4285442268627919,0.46589288346615265,0.2973356697213416,-0.32780376628039487,0.5434757202071874,0.010101027399459506
IEZ,iShares U.S. Oil Equipment & Services ETF,2006-05-05,NA,NA,NA,NA,NA,NA,NA,-0.140250820729502,0.4263939230762992,-0.5869673690462884,0.6360378991601607,0.3176218550897516,-0.0758225944651375,-0.011276172620679925,0.2808579152185957,-0.21887924616561183,-0.2693003323860048,0.28396349403709675,-0.18184223120623422,-0.4246987312136563,0.018173688468845706,-0.42971666601758185,0.1597547295943118,0.6573346630129593,0.04428576140703688,-0.059306534331013516
IFED,ETRACS IFED Invest with the Fed TR Index ETN,2021-09-16,NA,NA,NA,NA,NA,NA,NA,NA,NA,NA,NA,NA,NA,NA,NA,NA,NA,NA,NA,NA,NA,NA,0.08946598541426831,-0.014643358863061895,0.20779549801577502,0.007266595092803474
IFRA,iShares U.S. Infrastructure ETF,2018-04-05,NA,NA,NA,NA,NA,NA,NA,NA,NA,NA,NA,NA,NA,NA,NA,NA,NA,NA,NA,-0.08570557840290927,0.26996278284933384,0.07367467630793323,0.2980905460093082,-0.03316755321635245,0.1341484259766892,-0.03029553530754725
IGM,iShares Expanded Tech Sector ETF,2001-03-19,NA,NA,-0.049859585309785404,-0.40737815958390244,0.5262988668500033,0.02725112563943166,0.01527282450977907,0.08697492972321386,0.1611310346861341,-0.4346219762114608,0.6242532014254081,0.11973977966760163,-0.01118504889466776,0.14600249823262157,0.3396641965244853,0.14820366926454276,0.09493040325335866,0.12933110400113645,0.37200073567716574,0.02257138715540674,0.41806750220076405,0.45106755963184386,0.25721399047002436,-0.359137770183512,0.6078137366066723,0.008054834950546708
IGPT,Invesco AI and Next Gen Software ETF,2005-06-23,NA,NA,NA,NA,NA,NA,0.1469036830486814,0.10396360407272764,0.04370446569917341,-0.33649059686010796,0.5619832963112126,0.200577164170038,-0.060496703020225806,0.15735607795555273,0.3308769398729292,0.10930945961823202,0.06253803014824899,0.11720418115188158,0.34590946244498677,0.16377929826344495,0.3520025567978873,0.5453578635927998,0.005115425121613448,-0.25696638333086463,0.272997055966816,0.0067339631552219
IGV,iShares Expanded Tech-Software Sector ETF,2001-07-17,NA,NA,-0.101303374347121,-0.4469345592854602,0.5001983332447391,0.13804835547033423,-0.05531067866405581,0.10760275697581068,0.15746949831166512,-0.3843022149558153,0.47529068185034773,0.246426354872326,-0.07322421525900646,0.16774797723864898,0.3068090709033673,0.13423156579168705,0.12119648853852794,0.057859301171337973,0.4215576181924061,0.12440635143517431,0.343228701115063,0.5286015471035981,0.1229878898868737,-0.35654507178155825,0.5855792106561515,0.007494275509230652
IHE,iShares U.S. Pharmaceutical ETF,2006-05-05,NA,NA,NA,NA,NA,NA,NA,0.06504302956183272,0.023661316302713953,-0.14919137941201432,0.30109268683136037,0.12711329977898034,0.2094371847378198,0.13378001690104657,0.4059337648245869,0.2990172131941513,0.08814498516300673,-0.11746956353639537,0.10640266622282346,-0.07764752389462004,0.15472450454193143,0.13661083549683228,0.13068763703404618,-0.04869057824334433,0.010609828946867239,0.03656957390776605
IHF,iShares U.S. Health Care Providers ETF,2006-05-05,NA,NA,NA,NA,NA,NA,NA,0.11156592203529936,0.18150204204467157,-0.4346039422134752,0.354405859209743,0.11466726575816488,0.09396845502400719,0.17386178965741506,0.36582323683639495,0.2719193840608849,0.052552241584617576,0.01005259705773387,0.2544590438028551,0.0956319460759576,0.22343858357574664,0.17674092668180275,0.24464678674289697,-0.06627908436875063,-0.011107178740277557,0.0035802798899671195
IHI,iShares U.S. Medical Devices ETF,2006-05-05,NA,NA,NA,NA,NA,NA,NA,0.027598971181878484,0.18746280499900814,-0.3678483994860794,0.3849809360314791,0.11348026834897906,8.878562989056427e-5,0.15777699278106527,0.3777203009303509,0.2272427140040849,0.09685363893833632,0.09303025784906893,0.3081387079790392,0.1545186902479183,0.3275007204600855,0.24175069064752375,0.21035243515560786,-0.19795689306442277,0.03237713318587021,0.023531599574551976
IJH,iShares Core S&P Mid-Cap ETF,2000-05-26,NA,0.13870603562363337,-0.0124617688331774,-0.1420554500142679,0.35199638001658995,0.16084163148279385,0.12884029979978262,0.09669320852882612,0.07297062399676246,-0.3617409321822549,0.37813558056463936,0.26724117841712536,-0.02166038980303886,0.1779068532563015,0.33465221631205666,0.09710202215534536,-0.023401657567209355,0.2071885951689305,0.1625789445411805,-0.11193601762983685,0.26095300532531374,0.1359802895238511,0.24715853549871247,-0.13108870227189928,0.164061569713138,-0.018329376453686708
IJJ,iShares S&P Mid-Cap 400 Value ETF,2000-07-28,NA,0.19961973679005873,0.07157761302791377,-0.10723777691252001,0.40432613784504023,0.17934752997116687,0.11595252078216056,0.14539555902886758,0.02076722267212494,-0.3515694715901918,0.3436222440381971,0.22574713123678225,-0.026612894394550946,0.1829739137630535,0.3402658168192856,0.11851997268961556,-0.06718234148669922,0.261664987781834,0.12045557327479606,-0.12060482736819311,0.25656607603412573,0.035588844649265594,0.3045178805231008,-0.07109629065104328,0.15236580955861956,-0.024728162681382893
IJK,iShares S&P Mid-Cap 400 Growth ETF,2000-07-28,NA,-0.027252300017675646,-0.07915197147229347,-0.19342959598428022,0.3042756661248678,0.13754186908533939,0.13233302075658315,0.058247206025684006,0.12729892179012814,-0.3737515660274042,0.41117285298496786,0.3043483968812619,-0.013329761548062646,0.17053341875417627,0.3257256253976133,0.073059173448073,0.019050765599442077,0.14565325938366125,0.19639592027733466,-0.10527184284484525,0.25958246589713596,0.2245052921094608,0.18681043698822486,-0.19032505876996575,0.1741003569388,-0.013885363003928175
IJR,iShares Core S&P Small-Cap ETF,2000-05-26,NA,0.1439856849392005,0.0642653676266689,-0.1430484022916767,0.38494455535788985,0.22405519479129188,0.07532732368330497,0.15087166292002308,-0.004835061545778729,-0.31514964223634445,0.2588840482377708,0.2661009573726021,0.008055536428132504,0.16304739932080747,0.41328197063748684,0.05847793318666894,-0.020827672695456823,0.2659475598899923,0.13145828949626637,-0.08509823617674062,0.22816573223323355,0.11277817303428761,0.26584882052736303,-0.16198055670930078,0.16063380544374306,-0.03593532923462761
IJS,iShares S&P SmallCap 600 Value ETF,2000-07-28,NA,0.15775923713422513,0.11678376589191553,-0.14027899680025246,0.39748094228724495,0.22596866242373603,0.05998863667766163,0.19371727913141323,-0.05578139940712101,-0.2938617480263209,0.2237063637415717,0.24694644914938357,-0.016340183905385386,0.18259196210495143,0.39350398983326773,0.07559026324119555,-0.06905402218203982,0.31228498319700093,0.11347472004110815,-0.12854988101408305,0.24115030142747518,0.026271423622635348,0.3052580319104363,-0.113397639143207,0.14682962044138392,-0.04375669107969293
IJT,iShares S&P SmallCap 600 Growth ETF,2000-07-28,NA,0.01692638413751446,-0.01767928074270031,-0.15077333738598542,0.3699735963409938,0.21167891022303897,0.09004839154192767,0.1054723685103558,0.05656730373546437,-0.333827642981225,0.2878233961914236,0.2824273464715088,0.032701921404714396,0.14473696941661274,0.4226261684678623,0.04012036583643308,0.026926253660034538,0.22053011553545443,0.1446782246975653,-0.04402671745594555,0.20982361406482508,0.19224062851053314,0.2237079641321058,-0.21319759169240393,0.17114595564491797,-0.030206159483244788
ILCB,iShares Morningstar Large-Cap ETF,2004-07-13,NA,NA,NA,NA,NA,0.10611639378260684,0.03493364089860651,0.15339143235296482,0.08221022190280625,-0.31321126886093864,0.2108944164827269,0.12665563872319496,0.03348027916815566,0.17265965779021664,0.3419034936288121,0.16821046767615577,-0.01249185553707255,0.1374666436519092,0.2209001279984799,-0.08512386510112124,0.3268139545939255,0.1939783441829619,0.24073491259966273,-0.19477980020055352,0.2690817707406199,0.0022810450274646232
ILCG,iShares Morningstar Large-Cap Growth ETF,2004-07-13,NA,NA,NA,NA,NA,0.0300410559826203,0.03150540371596011,0.05300284591213322,0.12043405335273949,-0.41950808126009453,0.439462395856014,0.12560322047954475,0.01584305176900025,0.17458069604496362,0.31743081881214996,0.1454364290366883,0.073573656042486,0.015824007403248075,0.3056929487258744,0.020654625736823196,0.33219496958432426,0.3855582631666086,0.24336601995108098,-0.3175194760800524,0.4041029874198936,0.005750507098250646
ILCV,iShares Morningstar Large-Cap  Value ETF,2004-07-13,NA,NA,NA,NA,NA,0.11814898704038268,0.06706325787906353,0.2527644669961653,-0.00663816719354926,-0.36045799241623877,0.11017174342744118,0.14541921884736198,0.01893617106741119,0.12698227961921016,0.2812122474484482,0.09902318718888603,-0.022778805094567867,0.18530106638003696,0.14998539154604829,-0.06238275428179729,0.2519395113499172,-0.00836582066013436,0.2671428947009842,-0.0702221163173472,0.1443466766608259,-0.0026904904278759467
ILDR,First Trust Innovation Leaders ETF,2021-05-26,NA,NA,NA,NA,NA,NA,NA,NA,NA,NA,NA,NA,NA,NA,NA,NA,NA,NA,NA,NA,NA,NA,0.07288323257794582,-0.3494329926563444,0.3933662226461372,0.014688053238831378
IMCB,iShares Morningstar Mid-Cap ETF,2004-07-13,NA,NA,NA,NA,NA,0.1538434907023254,0.09556149941527736,0.14224764239359677,0.01503212674646015,-0.3866412252125325,0.3864835107219631,0.2649358310609842,0.016168165708017268,0.17401339465668642,0.3292963862478753,0.15633623748088077,-0.01558503488548968,0.11983196151687481,0.19683445818627354,-0.11526835567095683,0.3149315435543558,0.1335166718755576,0.2280605488672165,-0.1608659467183814,0.163719068102961,-0.014002604654715034
IMCG,iShares Morningstar Mid-Cap Growth ETF,2004-07-13,NA,NA,NA,NA,NA,0.1747948219811355,0.1594372849886787,0.0916448574527946,0.19397924815389578,-0.4651257353263619,0.42174192004646494,0.2783843189991517,-0.028636604182329828,0.15509265358758229,0.33881300299772965,0.10447915165923316,-0.009089374020390117,0.053941603622887024,0.2556594536052996,-0.03684906076617034,0.356987959179774,0.45639995062822014,0.1539076462091309,-0.25789113027973365,0.20729252654228825,-0.015050387151838596
IMCV,iShares Morningstar Mid-Cap Value ETF,2004-07-13,NA,NA,NA,NA,NA,0.15795153213922708,0.1129870082556712,0.1838572110776826,-0.0622048050023889,-0.3565457607635065,0.35419716334355456,0.20469529456695912,-0.026680943566346094,0.16910835738402352,0.41761123975481484,0.1111886358129468,-0.024274788195589925,0.24367944188039048,0.12596550196335565,-0.1092757333779929,0.24714368340610182,-0.041127069045671316,0.3355417042995661,-0.06982200119788395,0.11890878800499793,-0.012847057455693811
INC,VanEck ETF Trust VanEck Dynamic High Income ETF,2022-11-03,NA,NA,NA,NA,NA,NA,NA,NA,NA,NA,NA,NA,NA,NA,NA,NA,NA,NA,NA,NA,NA,NA,NA,0.04347570955633073,0.08380408417652685,0.0040204535080730075
INNO,Harbor ETF Trust Harbor Disruptive Innovation ETF,2021-12-02,NA,NA,NA,NA,NA,NA,NA,NA,NA,NA,NA,NA,NA,NA,NA,NA,NA,NA,NA,NA,NA,NA,-0.023149055151653553,-0.450659413903994,0.33158577832264546,-0.0021413370741625304
IPDP,Listed Funds Trust Dividend Performers ETF,2022-03-07,NA,NA,NA,NA,NA,NA,NA,NA,NA,NA,NA,NA,NA,NA,NA,NA,NA,NA,NA,NA,NA,NA,NA,-0.08658777205876222,0.30241870875507226,1.176946303422799e-4
IQSM,IQ Candriam U.S. Mid Cap Equity ETF,2022-10-25,NA,NA,NA,NA,NA,NA,NA,NA,NA,NA,NA,NA,NA,NA,NA,NA,NA,NA,NA,NA,NA,NA,NA,0.02287132931957414,0.15816608771389418,-0.01869629782583293
XMVM,Invesco S&P MidCap Value with Momentum ETF,2005-03-03,NA,NA,NA,NA,NA,NA,0.10426739600888646,0.14335146913535501,5.858119004658047e-4,-0.3713240940164241,0.2569742218970088,0.14727643802340395,-0.011721505626437922,0.18145568043189875,0.4107055766498011,0.1335552846325887,-0.08018591995999313,0.287106995906117,0.027960189112622658,-0.09619616600285896,0.30379122200067066,0.052626193661823084,0.3470989785639218,-0.0821615702702303,0.1630829779434868,-0.028406839508169246
XNAV,FundX Investment Trust FundX Aggressive ETF,2022-10-17,NA,NA,NA,NA,NA,NA,NA,NA,NA,NA,NA,NA,NA,NA,NA,NA,NA,NA,NA,NA,NA,NA,NA,0.07030244665114527,0.16113026324891755,0.008666925103051781
XNOV,FT Vest U.S. Equity Enhance & Moderate Buffer ETF - November,2023-11-20,NA,NA,NA,NA,NA,NA,NA,NA,NA,NA,NA,NA,NA,NA,NA,NA,NA,NA,NA,NA,NA,NA,NA,NA,0.021419699452798202,0.004773318361834811
XNTK,SPDR NYSE Technology ETF,2000-10-02,NA,-0.2874172968578588,-0.24013491977029222,-0.43933474631359903,0.6575925153195898,0.06594905664157569,0.027552725658521293,0.09145169504172679,0.09577128749219721,-0.449519910919448,0.7047166100961966,0.15282604310631775,-0.10543506490428456,0.17689798632874032,0.32606082474177955,0.14673213001619745,0.07267013132944733,0.12881510074280467,0.4037040335551594,-0.07126088306557099,0.38078817293071565,0.739059685155955,0.17633896636461466,-0.4107077186609096,0.7013416782004553,-0.0038988694087435105
XOCT,FT Vest U.S. Equity Enhance & Moderate Buffer ETF - October,2023-10-23,NA,NA,NA,NA,NA,NA,NA,NA,NA,NA,NA,NA,NA,NA,NA,NA,NA,NA,NA,NA,NA,NA,NA,NA,0.055832533697887765,0.004940926351817865
XOMO,Tidal ETF Trust II YieldMax XOM Option Income Strategy ETF,2023-08-31,NA,NA,NA,NA,NA,NA,NA,NA,NA,NA,NA,NA,NA,NA,NA,NA,NA,NA,NA,NA,NA,NA,NA,NA,-0.08618092924493437,0.004442318481196361
XOP,SPDR S&P Oil & Gas Explor & Product,2006-06-22,NA,NA,NA,NA,NA,NA,NA,0.10522581800894315,0.3691177875982232,-0.42678822883275025,0.40151743645938387,0.2856563613428842,0.00949332406971859,0.03873667555290661,0.2789677066966987,-0.29421230870211434,-0.35781326235713673,0.38293335271174045,-0.09470084803129075,-0.28099852747117793,-0.09437888016855955,-0.36399702577175186,0.6674148099641188,0.4536458966439132,0.03560852403289427,-0.023080882167735406
XPH,SPDR S&P Pharmaceuticals ETF,2006-06-22,NA,NA,NA,NA,NA,NA,NA,0.11123893433893617,-0.010201192313098906,-0.08991626629689853,0.27658162794011365,0.2245680750313006,0.12732331987707912,0.10910297168678884,0.6083892721663029,0.29517254905963397,0.01654509360590839,-0.231985460863533,0.12049014478239362,-0.153164072621501,0.256146062483118,0.14681054485486822,-0.10535806659985081,-0.09833902784216575,0.029672356348003692,0.013455103019284431
XPND,First Trust Expanded Technology ETF,2021-06-16,NA,NA,NA,NA,NA,NA,NA,NA,NA,NA,NA,NA,NA,NA,NA,NA,NA,NA,NA,NA,NA,NA,0.1588205064527035,-0.2966403958489999,0.4613557868878737,0.008428399001215725
XRLV,Invesco S&P 500 ex-Rate Sensitive Low Volatility ETF,2015-04-09,NA,NA,NA,NA,NA,NA,NA,NA,NA,NA,NA,NA,NA,NA,NA,NA,0.03006021161127248,0.10960079529546629,0.2352062133624484,-0.031557455099032516,0.29797799055106666,0.024430092469205134,0.27243741907165364,-0.04767575169539506,6.014028599492516e-4,0.009873883520141957
XRMI,Global X Funds Global X S&P 500 Risk Managed Income ETF,2021-08-26,NA,NA,NA,NA,NA,NA,NA,NA,NA,NA,NA,NA,NA,NA,NA,NA,NA,NA,NA,NA,NA,NA,0.026799528154091146,-0.14050809856643642,0.03168494900110552,0.006349250881240609
XRT,SPDR S&P Retail ETF,2006-06-22,NA,NA,NA,NA,NA,NA,NA,0.09617660416531493,-0.17032127736770486,-0.3800126967784867,0.7739428090395215,0.3734265023035923,0.09747188620677893,0.20691997351924485,0.42178950779308133,0.09854133177517355,-0.08863937404817979,0.03310261383463331,0.04214275794274247,-0.08041070638878256,0.14116203128181448,0.4191371020235146,0.42597620189384533,-0.3163957094412556,0.21530611322580606,-0.048396017903336475
XSD,SPDR S&P Semiconductor ETF,2006-02-06,NA,NA,NA,NA,NA,NA,NA,-0.07727810140744307,-0.05119737901135624,-0.47671627090367874,0.9902274993783342,0.1569395329196115,-0.18174074834735676,0.023832436059155304,0.3636931049044865,0.31105270705689736,0.10213123318856332,0.2938147149846355,0.25213110620481527,-0.06347033772719801,0.6465560712827303,0.6194886845620426,0.425388614815299,-0.30919667292552255,0.3487241131963019,-0.06526090398637996
XSEP,FT Vest U.S. Equity Enhance & Moderate Buffer ETF - September,2022-09-22,NA,NA,NA,NA,NA,NA,NA,NA,NA,NA,NA,NA,NA,NA,NA,NA,NA,NA,NA,NA,NA,NA,NA,0.028267389095319118,0.16067271667946148,0.0036781087741437624
XSHD,Invesco S&P SmallCap High Dividend Low Volatility ETF,2016-12-08,NA,NA,NA,NA,NA,NA,NA,NA,NA,NA,NA,NA,NA,NA,NA,NA,NA,0.010382548420015292,0.015273466853545026,-0.07859509053102787,0.17905569249861553,-0.13551933923320525,0.18308310771075242,-0.19476402691587957,0.03004447430326196,-0.02732233602620393
XSHQ,Invesco S&P SmallCap Quality ETF,2017-04-11,NA,NA,NA,NA,NA,NA,NA,NA,NA,NA,NA,NA,NA,NA,NA,NA,NA,NA,0.11123135187683597,-0.06104904603749628,0.17373346174628224,0.11807883118580165,0.23989738716865117,-0.15012484363075929,0.23876731649706096,-0.03385161114997337
XSVM,Invesco S&P SmallCap Value with Momentum ETF,2005-03-03,NA,NA,NA,NA,NA,NA,0.03393726035766864,0.1764636050278412,-0.08781928651616855,-0.31750172212518335,0.20015560615006622,0.18896004687367007,-0.012119111382235204,0.21128256776508492,0.4409989031214929,0.06002998714784091,-0.09426402436707515,0.35451599746648976,0.03627835186536599,-0.12332694220871576,0.30007884539833074,0.0483292639423929,0.5587661683514207,-0.13629899911795462,0.20198461530387735,-0.04393570858162554
XSW,SPDR S&P Software & Services ETF,2011-09-29,NA,NA,NA,NA,NA,NA,NA,NA,NA,NA,NA,NA,0.1374491362558754,0.14891388771173952,0.482046381797822,0.05788812658685383,0.07120411365073087,0.08498221970967279,0.2793043871803331,0.07665685308826964,0.3649687421728698,0.5240502817643335,0.0747413961934944,-0.3421588965080675,0.3860099616027617,-0.022883006715267884
XTAP,Innovator U.S. Equity Accelerated Plus ETF - April,2021-04-01,NA,NA,NA,NA,NA,NA,NA,NA,NA,NA,NA,NA,NA,NA,NA,NA,NA,NA,NA,NA,NA,NA,0.11867700959210792,-0.14674782131029207,0.2346010814295807,0.005084898617546907
XTJA,Innovator ETFs Trust Innovator U.S. Equity Accelerated Plus ET,2022-01-03,NA,NA,NA,NA,NA,NA,NA,NA,NA,NA,NA,NA,NA,NA,NA,NA,NA,NA,NA,NA,NA,NA,NA,-0.20784079015614876,0.2232374330985445,0.008299051739332652
XTJL,Innovator U.S. Equity Accelerated Plus ETF - July,2021-07-01,NA,NA,NA,NA,NA,NA,NA,NA,NA,NA,NA,NA,NA,NA,NA,NA,NA,NA,NA,NA,NA,NA,0.07283617813015408,-0.1566360208550528,0.2572172324743205,0.006487991782572422
XTL,SPDR S&P Telecom ETF,2011-01-27,NA,NA,NA,NA,NA,NA,NA,NA,NA,NA,NA,NA,-0.17977408306999443,0.11590688542939387,0.2298485838535802,0.054390814512908836,-0.013138005714167567,0.24871991242187552,0.005550122681717173,-0.06599811278128709,0.1251216348386046,0.22461336315937963,0.21578806507982407,-0.19178352221017292,-0.011672536560701885,-0.020880291675995144
XTN,SPDR S&P Transportation ETF,2011-01-27,NA,NA,NA,NA,NA,NA,NA,NA,NA,NA,NA,NA,-0.12066679365552246,0.20371689211669608,0.5201497850622652,0.3392977929696961,-0.20253669704076227,0.26927940832556585,0.2154772254945012,-0.1726399793064517,0.21845750400664654,0.12108905708157813,0.33675290626121135,-0.2809805207504653,0.25221946473779044,-0.04707151042916968
XTOC,Innovator U.S. Equity Accelerated Plus ETF - October,2021-10-01,NA,NA,NA,NA,NA,NA,NA,NA,NA,NA,NA,NA,NA,NA,NA,NA,NA,NA,NA,NA,NA,NA,0.06182683946704648,-0.17851335945236724,0.25420618511663995,0.006838732972418438
XTR,Global X Funds Global X S&P 500 Tail Risk ETF,2021-09-07,NA,NA,NA,NA,NA,NA,NA,NA,NA,NA,NA,NA,NA,NA,NA,NA,NA,NA,NA,NA,NA,NA,0.03336935773228711,-0.17668757420935788,0.2116137869747301,0.002618155668851374
XUSP,Innovator ETFs Trust Innovator Uncapped Accelerated U.S. Equit,2022-08-11,NA,NA,NA,NA,NA,NA,NA,NA,NA,NA,NA,NA,NA,NA,NA,NA,NA,NA,NA,NA,NA,NA,NA,-0.09237833675667007,0.2645474653095419,-0.002536556585048255
XVOL,Acruence Active Hedge U.S. Equity ETF,2021-04-22,NA,NA,NA,NA,NA,NA,NA,NA,NA,NA,NA,NA,NA,NA,NA,NA,NA,NA,NA,NA,NA,NA,0.1321667630331056,-0.20778187092239564,0.07418882866198162,0.004146446159729589
XVV,iShares ESG Screened S&P 500 ETF,2020-09-25,NA,NA,NA,NA,NA,NA,NA,NA,NA,NA,NA,NA,NA,NA,NA,NA,NA,NA,NA,NA,NA,0.14230061348000111,0.29189758477462924,-0.2146301487971134,0.29788663501722956,0.004507163276919801
XXXX,Bank Of Montreal MAX S&P 500 4X Leveraged ETNs due October 30,2023-12-04,NA,NA,NA,NA,NA,NA,NA,NA,NA,NA,NA,NA,NA,NA,NA,NA,NA,NA,NA,NA,NA,NA,NA,NA,1.72693026332816,-0.0027624283920971715
XYLG,Global X S&P 500 Covered Call & Growth ETF,2020-10-05,NA,NA,NA,NA,NA,NA,NA,NA,NA,NA,NA,NA,NA,NA,NA,NA,NA,NA,NA,NA,NA,0.08393440597501045,0.23362662506152598,-0.15459022381283605,0.1876232114384606,0.006720856867082459
YALL,Tidal ETF Trust God Bless America ETF,2022-10-11,NA,NA,NA,NA,NA,NA,NA,NA,NA,NA,NA,NA,NA,NA,NA,NA,NA,NA,NA,NA,NA,NA,NA,0.0861960595173692,0.40744613835554544,-0.021110004137459226
YLDE,ClearBridge Dividend Strategy ESG ETF,2017-05-26,NA,NA,NA,NA,NA,NA,NA,NA,NA,NA,NA,NA,NA,NA,NA,NA,NA,NA,0.1055500640553213,-0.05735591414401775,0.3245879434567416,0.10022640477537581,0.22115512756271527,-0.08558685387088616,0.15689788390640458,0.001261994752921547
YOLO,AdvisorShares Pure Cannabis ETF,2019-04-18,NA,NA,NA,NA,NA,NA,NA,NA,NA,NA,NA,NA,NA,NA,NA,NA,NA,NA,NA,NA,-0.5001970521040056,0.47170834821166974,-0.20481089442007427,-0.7220819561552939,-0.15223832528826997,0.10264898832364744
YPS,Arrow Reverse Cap 500 ETF,2017-11-02,NA,NA,NA,NA,NA,NA,NA,NA,NA,NA,NA,NA,NA,NA,NA,NA,NA,NA,0.0670278360450638,-0.10251360528079656,0.2782825934443638,0.07697597202751516,0.2957639458841279,-0.13396554480757483,0.11833695743723682,-0.016219859095415567
ZALT,Innovator ETFs Trust Innovator U.S. Equity 10 Buffer ETF - Qua,2023-10-02,NA,NA,NA,NA,NA,NA,NA,NA,NA,NA,NA,NA,NA,NA,NA,NA,NA,NA,NA,NA,NA,NA,NA,NA,0.039483980918460615,0.0022564673034251026
ZHDG,ZEGA Buy and Hedge ETF,2021-07-07,NA,NA,NA,NA,NA,NA,NA,NA,NA,NA,NA,NA,NA,NA,NA,NA,NA,NA,NA,NA,NA,NA,0.06409687209642323,-0.22063571609115473,0.13143462890177582,0.0011338128376245926
ZIG,The Acquirers Fund,2019-05-15,NA,NA,NA,NA,NA,NA,NA,NA,NA,NA,NA,NA,NA,NA,NA,NA,NA,NA,NA,NA,0.09069174075446362,-0.15764165747047731,0.37380786282735,-0.17335291015984955,0.36699328861973624,-0.022331291433601907
IQSU,IQ Candriam U.S. Large Cap Equity ETF,2019-12-17,NA,NA,NA,NA,NA,NA,NA,NA,NA,NA,NA,NA,NA,NA,NA,NA,NA,NA,NA,NA,0.012946440150640726,0.2824981270754745,0.3016291616318687,-0.22095399058205323,0.32963256358482185,-0.0045963511727127315
ISCG,iShares Morningstar Small-Cap Growth ETF,2004-07-13,NA,NA,NA,NA,NA,0.14459664835778585,0.052803191345834,0.09772726634956719,0.10914813601015316,-0.4007077040302568,0.3273006610984044,0.3119220129049356,-0.011303689599200917,0.14230047782817268,0.42011706185194386,0.02575193583387847,0.002898858651598557,0.08776259837246103,0.24682499645792966,-0.06912692220280858,0.2766730653320535,0.4341350293576747,-0.012554023842993756,-0.2674909192817748,0.23127584387014566,-0.02977275848388672
ISCV,iShares Morningstar Small-Cap Value ETF,2004-07-13,NA,NA,NA,NA,NA,0.173393467721493,0.04523444766381424,0.19600606477118254,-0.08306882146912076,-0.31892092589869847,0.4006732529617054,0.25799430999365436,-0.021029089962387837,0.18202566246163188,0.3518448933965246,0.09895894144231798,-0.08811475141056446,0.27821787115258245,0.08595199345821425,-0.17392092416051153,0.19506400878503793,0.008617514289995354,0.2914809072071822,-0.10570950648778554,0.16548930432174758,-0.03512916818981815
ISHP,First Trust S-Network E-Commerce ETF,2016-10-11,NA,NA,NA,NA,NA,NA,NA,NA,NA,NA,NA,NA,NA,NA,NA,NA,NA,0.021588857583815235,0.0765945075315071,-0.020361207624769673,0.19743344967543286,0.15335142444543393,0.30086873512088164,-0.33792923221546634,0.22244069674119848,-0.01614245765830613
ISMD,Inspire Small/Mid Cap ETF,2017-02-28,NA,NA,NA,NA,NA,NA,NA,NA,NA,NA,NA,NA,NA,NA,NA,NA,NA,NA,0.0841032860609825,-0.11018444479960321,0.246127685438285,0.06837052828181145,0.2937904798697393,-0.1344224353064546,0.1637699263325887,-0.035884102690177944
ITA,iShares U.S. Aerospace & Defense ETF,2006-05-05,NA,NA,NA,NA,NA,NA,NA,0.03145473024587697,0.27618261855304493,-0.3864555483374629,0.2532836811902326,0.1659096772618649,0.05149225618016473,0.13886867635742717,0.5696252263570367,0.09893175181966218,0.04138824697358823,0.20249576036998973,0.3524358480612564,-0.07217105143322056,0.3050920011685656,-0.13574848754398694,0.09393929799685075,0.09960027905761693,0.14334517786888346,-0.03364930637895136
ITAN,Sparkline Intangible Value ETF,2021-06-29,NA,NA,NA,NA,NA,NA,NA,NA,NA,NA,NA,NA,NA,NA,NA,NA,NA,NA,NA,NA,NA,NA,0.0696730602804645,-0.24325765608818473,0.3456957746841913,-0.00637014555942339
ITB,iShares U.S. Home Construction ETF,2006-05-05,NA,NA,NA,NA,NA,NA,NA,-0.15068174671383328,-0.5788581255097125,-0.42983910397874636,0.2326536060649418,0.10421252232977629,-0.09097378863801964,0.7934374090030996,0.1745133682257245,0.04649712569298803,0.05068219022090936,0.018401604634170843,0.5964724269164923,-0.3091887419091943,0.48701997330881874,0.2641359029057495,0.4925370470828476,-0.2625423660101951,0.6889403231683078,-0.004914970839484556
ITOT,iShares Core S&P Total U.S. Stock Market ETF,2004-01-23,NA,NA,NA,NA,NA,0.08907660761876834,0.05324993882449025,0.15118067818375658,0.05150334480372987,-0.3646797919041016,0.26601400853937074,0.16220854656484307,0.0174719672190915,0.15832788958039368,0.33323728494571325,0.13526631658401378,0.008967270363587243,0.12602603765317388,0.21373110345229573,-0.05327980852792302,0.30670848681123974,0.20712028772043878,0.25676993157306804,-0.1946964039325365,0.26117641099222766,-0.0013304857414864202
IUS,Invesco RAFI Strategic US ETF,2018-09-12,NA,NA,NA,NA,NA,NA,NA,NA,NA,NA,NA,NA,NA,NA,NA,NA,NA,NA,NA,-0.12484143591004493,0.29341489850858316,0.15091853138837963,0.3217015184089831,-0.0834031703672492,0.20787564244147871,-6.92812467100401e-4
IUSG,iShares Core S&P U.S. Growth ETF,2000-07-28,NA,-0.19479361298994258,-0.20737330547918642,-0.28021213928142574,0.3056238037766261,0.06406832120799444,0.050543689258125246,0.09341508068096949,0.11217248206796793,-0.38625681229718445,0.3679804971004761,0.17439322461130113,0.018834901747757815,0.1495944380069525,0.33970794008222316,0.12401253827914971,0.04976832549829058,0.07363954382313498,0.2702040068395313,-0.007927984877366012,0.3061673020547089,0.3264677476482123,0.3126301773235818,-0.28813403621558087,0.2927878582535657,0.00634009290858395
IUSV,iShares Core S&P U.S. Value ETF,2000-08-04,NA,0.07668448665268923,-0.048235666231505325,-0.16074857875483006,0.31724824415780417,0.16711558861666886,0.06595065474406714,0.21897873541613477,-0.013913458094274578,-0.3602609421943377,0.19551570461561996,0.15797841753069686,-0.0028089218099029978,0.17365305378764928,0.32182626889874744,0.12753247136832147,-0.04328983122375052,0.1847406273375265,0.15074304820823703,-0.09211266966397358,0.31472082367705756,0.015575276062663068,0.25218404314925924,-0.053981112658327834,0.21726301160018968,-0.003794612686779053
IVE,iShares S&P 500 Value ETF,2000-05-26,NA,0.07879463301366241,-0.11497775084887119,-0.207754784528431,0.31506787790182966,0.1563487090703537,0.05628155545216207,0.20646337444746243,0.015289851105331653,-0.38848539278162697,0.20895146223364458,0.14948812229565211,-0.00684636189145249,0.17559305566018368,0.316223384565105,0.1216899695217637,-0.03299503465214848,0.17301468636914752,0.15245113377084274,-0.09220170968934249,0.3161787210573579,0.01216791463823319,0.24720689576298893,-0.05409189718374108,0.2207247337925633,-0.0032204126778959674
IVOG,Vanguard S&P Mid-Cap 400 Growth ETF,2010-09-09,NA,NA,NA,NA,NA,NA,NA,NA,NA,NA,NA,0.2174916513388283,-0.01009345145529994,0.1681107143689582,0.32630089372194293,0.07457939707930117,0.017970413495384863,0.143455064118849,0.19896867663987106,-0.10581237585493364,0.26134778535181447,0.2260344714725686,0.18851499175684605,-0.19076547946446332,0.173613482988342,-0.014048710532952424
IVOO,Vanguard S&P Mid-Cap 400 ETF,2010-09-09,NA,NA,NA,NA,NA,NA,NA,NA,NA,NA,NA,0.20298174233211275,-0.025735280117609283,0.17757961605753714,0.3360800961182575,0.09510594426765007,-0.023096982524138165,0.20363576260860627,0.16376743512865244,-0.1133179364741409,0.2617842363414524,0.1360986953580967,0.2461067153668013,-0.13172190002002193,0.16448875596776524,-0.019367879867849158
IVOV,Vanguard S&P Mid-Cap 400 Value ETF,2010-09-09,NA,NA,NA,NA,NA,NA,NA,NA,NA,NA,NA,0.1767454203172334,-0.02695328916341566,0.17209171430263592,0.34397298781835417,0.12119698477212215,-0.0698062233322927,0.26326170793309256,0.12211583924163771,-0.12126029925182835,0.2590807080909281,0.03701792978694307,0.3050301251820302,-0.0719511244333978,0.15379897636040574,-0.024317535434284387
IVRA,Invesco Real Assets ESG ETF,2020-12-22,NA,NA,NA,NA,NA,NA,NA,NA,NA,NA,NA,NA,NA,NA,NA,NA,NA,NA,NA,NA,NA,0.015841628175318867,0.3615300862947952,-0.09976440967729194,0.09168051283829581,-0.013478229561549426
IVV,iShares Core S&P 500 ETF,2000-05-19,NA,-0.06078453194006772,-0.11955521878907505,-0.21528313800410015,0.2845669975485281,0.10786990734843172,0.04870798207588023,0.15941780173905706,0.052884293293872675,-0.37010004113645323,0.266105869737697,0.15095335109717656,0.018785003858120763,0.16057380180250824,0.3230634266095045,0.13568231639987038,0.012839854502829207,0.11540414917816388,0.21753957488358933,-0.04489721476936781,0.3125176253304709,0.18397427016647394,0.28758181551006423,-0.18161325588532828,0.26305872524438856,0.0027845540662629897
IVVB,BlackRock ETF Trust II iShares Large Cap Deep Buffer ETF,2023-07-03,NA,NA,NA,NA,NA,NA,NA,NA,NA,NA,NA,NA,NA,NA,NA,NA,NA,NA,NA,NA,NA,NA,NA,NA,0.026495830225384154,0.00335169282789316
IVW,iShares S&P 500 Growth ETF,2000-05-26,NA,-0.15423852741914867,-0.1248769722229276,-0.23535484443686072,0.25309404549900494,0.056704544799104806,0.03988426222455943,0.10884586231156268,0.08838736834506333,-0.3478407186839785,0.31138078473969966,0.14923865725495777,0.044187890547267905,0.14375794400599395,0.3250376690562815,0.1464073136719588,0.053605487746221536,0.06813730323986245,0.27213866781106955,-0.0020782779331756096,0.3076892952634449,0.331887111462172,0.3180149453167074,-0.2951551220702181,0.29833890294628485,0.007989327380983235
IWB,iShares Russell 1000 ETF,2000-05-19,NA,-0.049742791140273135,-0.12139752004266036,-0.22306039989593818,0.30075180206101093,0.10977225974989002,0.06338219766784903,0.1541686941086069,0.053113139831327594,-0.37406026703253403,0.2831577305465032,0.16055225580075216,0.012372413539375238,0.16503576431991518,0.32781073670069527,0.1308709862884423,0.0078202609637128,0.1202980096745161,0.21522866643581118,-0.049000991573881714,0.310556430053907,0.20774072035339564,0.2631792754975171,-0.19193881768834864,0.2639262470348702,6.863138453403472e-4
IWC,iShares Microcap ETF,2005-08-16,NA,NA,NA,NA,NA,NA,0.02820198301069765,0.14893028940334596,-0.09012153305430404,-0.39024453134959913,0.23690540920643177,0.29570252938507946,-0.09837096396426237,0.1952045538792957,0.4521657004854134,0.036481628062179805,-0.050167081572141226,0.20635585602137918,0.12788809845435756,-0.13132473840838244,0.2220110144908205,0.20879164975935982,0.1867316086009112,-0.21934651094978064,0.08992486194877336,-0.03930016035997219
IWD,iShares Russell 1000 Value ETF,2000-05-26,NA,0.08971868975284614,-0.06238663820040846,-0.15572556880922417,0.3073413010536399,0.1611917138000678,0.0664164878983311,0.22487158053449274,-0.007274757956028277,-0.364745809477823,0.1912629434657216,0.15478912234562792,0.0013061995143193172,0.17463780894563286,0.3208876598942587,0.13174499140338258,-0.039721419161213745,0.1725509930069511,0.13447890852298183,-0.08446647499506577,0.26123224795127187,0.027331055441022434,0.24950228262667729,-0.07751455691910669,0.11341824442035264,-0.006959115863748089
IWDL,ETRACS 2x Leveraged US Value Factor TR ETN,2021-02-09,NA,NA,NA,NA,NA,NA,NA,NA,NA,NA,NA,NA,NA,NA,NA,NA,NA,NA,NA,NA,NA,NA,0.3816794897378477,-0.2126651645523414,0.13496479109354986,-0.01547249214011115
IWF,iShares Russell 1000 Growth ETF,2000-05-26,NA,-0.17069778165091898,-0.20845170825705195,-0.281082033438547,0.30127194396609225,0.06158088301579423,0.04749776760996882,0.08936381926168746,0.11486142038218627,-0.3821964841502824,0.3668833458027869,0.16508802539846346,0.023400044909278828,0.15213049870424866,0.33142875442867537,0.12785582667369733,0.054915038100714186,0.0700680760084127,0.29951175934688967,-0.016701782089027062,0.3586141303291843,0.3825324552276961,0.2743391805182853,-0.29306428347329794,0.4258843083507875,0.007883313075186749
IWFG,IQ MacKay Municipal Insured ETF IQ Winslow Focused Large Cap G,2022-06-23,NA,NA,NA,NA,NA,NA,NA,NA,NA,NA,NA,NA,NA,NA,NA,NA,NA,NA,NA,NA,NA,NA,NA,0.03751711266884139,0.3839532820502549,0.01336234803251557
IWFL,ETRACS 2x Leveraged US Growth Factor TR ETN,2021-02-08,NA,NA,NA,NA,NA,NA,NA,NA,NA,NA,NA,NA,NA,NA,NA,NA,NA,NA,NA,NA,NA,NA,0.43773604451881254,-0.5570489927026813,0.8446325952106581,0.014506853751447002
IWIN,Amplify ETF Trust Amplify Inflation Fighter ETF,2022-02-02,NA,NA,NA,NA,NA,NA,NA,NA,NA,NA,NA,NA,NA,NA,NA,NA,NA,NA,NA,NA,NA,NA,NA,-0.1689245749170205,0.34557459398554324,-0.007874002168411831
IWL,iShares Russell Top 200 ETF,2009-09-28,NA,NA,NA,NA,NA,NA,NA,NA,NA,NA,0.06178454969400926,0.11286464143869712,0.03029387696402419,0.15532686144903662,0.3184684314518911,0.14388277660221394,0.017241599783365702,0.10085543588334844,0.22892039495050698,-0.0330397998739852,0.3142414625520966,0.2209886028045951,0.2778814492955277,-0.19893664968154623,0.2977501246986629,0.006777360617871597
IWLG,IQ MacKay Municipal Insured ETF IQ Winslow Large Cap Growth ET,2022-06-23,NA,NA,NA,NA,NA,NA,NA,NA,NA,NA,NA,NA,NA,NA,NA,NA,NA,NA,NA,NA,NA,NA,NA,-9.064225968746786e-5,0.43249710019781773,0.01246906255359681
IWM,iShares Russell 2000 ETF,2000-05-26,NA,0.05612754664583175,0.017773859362276045,-0.20370295393067095,0.47902296624555807,0.18053628448970827,0.04462722573163713,0.18272812400481397,-0.017897727079914993,-0.341407327829922,0.28486495814256174,0.26918485871548636,-0.04426738905732586,0.16703740007779255,0.38696620544081206,0.05036318286845609,-0.04478913849423527,0.21591335564612235,0.1458253532554099,-0.11121215524707428,0.25389706625790276,0.20030787752863,0.14536048192330586,-0.20484793818273572,0.1682765658681118,-0.037267753156880024
IWML,ETRACS 2x Leveraged US Size Factor TR ETN,2021-02-09,NA,NA,NA,NA,NA,NA,NA,NA,NA,NA,NA,NA,NA,NA,NA,NA,NA,NA,NA,NA,NA,NA,-0.044318492330305825,-0.4179794152095244,0.22308254095037494,-0.06806619393345081
IWMY,Tidal Trust II Defiance R2000 Enhanced Options Income ETF,2023-11-01,NA,NA,NA,NA,NA,NA,NA,NA,NA,NA,NA,NA,NA,NA,NA,NA,NA,NA,NA,NA,NA,NA,NA,NA,0.08692594333656722,-0.02317385304691011
IWN,iShares Russell 2000 Value ETF,2000-07-28,NA,0.13794149090615337,0.12898301139757073,-0.11375059698904066,0.46437764092236056,0.2212002639633579,0.04370090436318841,0.23483981556563616,-0.10323744139415214,-0.2874820012958099,0.2051883235756684,0.24718373209542133,-0.05812056258041365,0.18056863477059815,0.34349975717259995,0.04140679271303882,-0.07734006791186654,0.31967953878943267,0.07691137701007977,-0.1300934667351944,0.2200770745551084,0.046580089048951834,0.2795510552587308,-0.14766590863334061,0.1455702740940168,-0.03888500916578441
IWO,iShares Russell 2000 Growth ETF,2000-07-28,NA,-0.14947393348855587,-0.10390358674686062,-0.3029714047505888,0.49417961363527296,0.13860812037338954,0.04023801385067727,0.13185204632080727,0.06856712219316696,-0.38503233005027326,0.34592109744663624,0.2938711591363563,-0.0299139017605492,0.14834086433931692,0.43330158204077684,0.05858189043442641,-0.013470130544203873,0.11675531862452004,0.22248875537304458,-0.09432988595882352,0.2847561795861884,0.34684032535009246,0.02537861973565203,-0.26257253297987027,0.18511671178685485,-0.0358020725382332
IWP,iShares Russell Midcap Growth ETF,2001-08-02,NA,NA,-0.02798160010734385,-0.27969443454742315,0.4291452736030865,0.14998673255970307,0.11745678309379404,0.10508498914280451,0.11254163991565869,-0.4456668816087209,0.46438103117104346,0.2605355694010083,-0.01866601976272564,0.1560296115794626,0.3551538073595857,0.11693496251425595,-0.004596119499281404,0.0687565569060351,0.24931067355963044,-0.048846779731814394,0.35042720769635616,0.35247940430115654,0.12597521459141525,-0.2690180894697555,0.2570177960100706,-0.012732163916440054
IWR,iShares Russell Mid-Cap ETF,2001-08-27,NA,NA,0.013400653471406399,-0.1662171148547391,0.4009248451615226,0.1964188184604181,0.12486922343808415,0.15133951818779035,0.050946943962657754,-0.4137451670648362,0.40631870969646,0.25345985151655537,-0.01757224618898956,0.17075473049660062,0.34535470464826656,0.1305014479340605,-0.02621347889190384,0.13682253843494463,0.18253535530013854,-0.09099068700229451,0.3023144185697917,0.16931864522932627,0.22439234856639212,-0.1748102701552764,0.17049147368578277,-0.01556679096372704
IWS,iShares Russell Mid-Cap Value ETF,2001-08-02,NA,NA,-0.004697885434267635,-0.1046965564514778,0.39186355694578756,0.2298443390110252,0.1254926070415423,0.20007601105856443,-0.015859630375671396,-0.37998405759223153,0.33209334733582985,0.24476745758467588,-0.015449331163527869,0.18306270967788185,0.3323875219558847,0.1439597739451952,-0.04981389050962115,0.19781436213360304,0.1314138452434015,-0.12433929744599581,0.2673073670442958,0.04829704204581886,0.28101054714332374,-0.12294359468551508,0.12521602053304237,-0.016080511925874008
IWV,iShares Russell 3000 ETF,2000-05-26,NA,-0.03151609152822543,-0.11477470115484867,-0.2164229084936382,0.3112952023006894,0.11695851098983479,0.06080105697103955,0.15658994740177512,0.04560189288636107,-0.37150735329270324,0.2822145045771023,0.16850301688933,0.007812730547041458,0.16434384454814843,0.3301249886156674,0.12394369427043728,0.0032980778191242788,0.12633280757552767,0.20970475300280356,-0.05435488485808471,0.30658125415706516,0.2054590739086959,0.2553801994333176,-0.19283439041514738,0.25824594025840164,-0.001059319199564035
IWX,iShares Russell Top 200 Value ETF,2009-09-28,NA,NA,NA,NA,NA,NA,NA,NA,NA,NA,0.036618089178771074,0.10625060989443313,0.01171573571375606,0.1636281664482031,0.3178698234954065,0.1317076371328818,-0.03695391370347101,0.15362123194974897,0.14044135752206932,-0.06526877407368215,0.2581682395213869,0.014565917823606611,0.23327668753089625,-0.05327987440726201,0.10454533254063136,-7.124900052428718e-4
IWY,iShares Russell Top 200 Growth ETF,2009-09-28,NA,NA,NA,NA,NA,NA,NA,NA,NA,NA,0.08927050156156424,0.12009918162850641,0.046313671883289054,0.14651702663359467,0.32407238623488777,0.13364566598181638,0.07893672742177249,0.06833700826146161,0.31690051637757666,-0.007206694694842808,0.36198661426607015,0.39008688088815924,0.3105374688538267,-0.2991464060557596,0.46492759092109126,0.01061522998170017
IYC,iShares U.S. Consumer Discretionary ETF,2000-06-28,NA,-0.062390872678529385,2.341388911908382e-5,-0.2464778885554444,0.32661934688885297,0.10723027373091276,-0.023332505435942674,0.13802883117524356,-0.07701408523435371,-0.30574412534519524,0.32635990563446415,0.23245676225675216,0.06742984011309616,0.2343839087251376,0.41094729030303356,0.14460046569449925,0.06089275232030489,0.05585466591143029,0.1987141510653947,0.017630657744479583,0.2735659843366398,0.24581728432406402,0.19650330729521848,-0.31777737347350454,0.3403400055050527,-0.01583736309102768
IYE,iShares U.S. Energy ETF,2000-06-16,NA,0.06750091232915523,-0.12200807834884042,-0.16061448417987045,0.2811230390314696,0.3175263783041469,0.34665418199168996,0.20144290463642833,0.3574350687883492,-0.372308055747558,0.1925827850951365,0.189857285546305,0.036909739619948256,0.04257119887844696,0.25710263137727507,-0.0965409718928455,-0.2217666677765634,0.2554771159419633,-0.018037657875943358,-0.19371532885742748,0.1003609371437646,-0.3348721471632835,0.5341650196524703,0.6021181494469099,-0.022123437016088876,-0.01609245470673737
IYF,iShares U.S. Financial ETF,2000-05-26,NA,-0.02272554705600982,-0.06526123494288671,-0.13860334082671066,0.32085820610261817,0.1301416992332205,0.05725464459140661,0.18741097171678178,-0.18062958639719284,-0.5028766580471392,0.16863846898209123,0.12220913557401314,-0.1323980153064226,0.25917421896822046,0.33983331948633366,0.14175213705650846,-0.003882636105149162,0.16941322323250474,0.19584114076774495,-0.09389797138790679,0.3185446374372676,-0.00999696097241265,0.3159916848452753,-0.11334951192511267,0.15316190235053284,-0.006790795061304866
IYG,iShares U.S. Financial Services ETF,2000-06-21,NA,0.2274871678466328,-0.059725119888918377,-0.13083935834875626,0.3439435251682499,0.11877919063417863,0.03353990865377554,0.1919012256818764,-0.2184768065245829,-0.5234290992613428,0.1612580581448826,0.07701968204241605,-0.20450486925605937,0.3297437257247422,0.4285182367291245,0.10969582722597337,-0.007164587803779154,0.19891601535341863,0.24467424967142515,-0.12562622417650993,0.37618768795254764,0.00986054228921196,0.30364348675666086,-0.16758111668258258,0.16071265680759383,-0.01244356287474857
IYH,iShares U.S. Healthcare ETF,2000-06-16,NA,0.14114362423728966,-0.13299139896147472,-0.21294032750920122,0.18571813577031726,0.04216016938736833,0.07663484957779598,0.06164334343834854,0.0800864762786424,-0.22894968774181146,0.20977134695208077,0.04115925446344404,0.11258550744495888,0.18723578000006036,0.41246818797049856,0.2514684129898701,0.061688692753691265,-0.02694801195368146,0.22271557605020087,0.057964076693426625,0.2079780321550646,0.15557615682578474,0.23413688116065878,-0.04461695098930296,0.021424569370370072,0.029346089647307894
IYJ,iShares U.S. Industrials ETF,2000-07-14,NA,-0.06581119776891098,-0.100357809095041,-0.25247097405023633,0.3261002780264959,0.16346156205927298,0.040630137455851756,0.13204505225370222,0.13011272314708933,-0.39770915619911085,0.25819744186586924,0.2547880867707275,-0.011928102850814248,0.17247006638298923,0.40064770915690606,0.0672292954686049,-0.01979478906996779,0.1888905022252454,0.23972514422799707,-0.11687405217949598,0.3226966106279494,0.17366754221759217,0.17020036951359785,-0.13530756045808512,0.1994054101372178,-0.01399089249371921
IYK,iShares U.S. Consumer Staples ETF,2000-06-16,NA,0.05626651454635656,0.0162468626025023,-0.05452498053805577,0.21061174190973575,0.11985173538093497,0.015193743159972906,0.1431898172660504,0.09146082589654347,-0.2602514221752662,0.23330603864523347,0.18955222281386064,0.0841973405446439,0.11998299707968196,0.30189383179132623,0.1155081055381717,0.05753067754423302,0.0477671398237407,0.16534257814297537,-0.13843659591950508,0.2811738477315142,0.32650724842266055,0.17323838167600658,0.03566724316812131,-0.028387624239356257,0.01048455707289131
IYM,iShares U.S. Basic Materials ETF,2000-06-20,NA,0.13585078818250085,-0.0029370729957489683,-0.0900557221067938,0.35281330084093754,0.12251645381584098,0.04135040142457069,0.17065561580977984,0.32162002151814595,-0.5072539470781586,0.6438124921550925,0.3099198562615708,-0.15199255409505086,0.09946762975266998,0.19876756742405055,0.030211711855315793,-0.12803537090261163,0.19743517520259268,0.24828252971190845,-0.16629946065827828,0.1922073021855515,0.1786899701961553,0.25615960164298235,-0.09146777138446238,0.12831475686684168,-0.030978565908005073
IYR,iShares U.S. Real Estate ETF,2000-06-19,NA,0.12266406831472865,0.08328317360388193,0.034475754218787236,0.35349545403033344,0.3012676054469863,0.08951345549536094,0.3491212516382647,-0.1815123643693547,-0.3987784138506726,0.3057866911353211,0.2654416813073459,0.055452303867691954,0.18206597875584984,0.011636734752120459,0.2669108273503098,0.016165347316326795,0.07005406826795402,0.09307285506321272,-0.04330160459579069,0.28205386782928055,-0.05232529424031673,0.38744165105145134,-0.25514385658152505,0.11894399514068321,-0.013565314992740385
IYT,iShares Trust iShares U.S. Transportation ETF,2004-01-02,NA,NA,NA,NA,NA,0.267693951171895,0.10876869261881805,0.08978171436295868,0.00391032671689695,-0.21228282540180543,0.18967325298454707,0.26715081408911856,-0.01538841999994045,0.06659795894749565,0.41172484533088927,0.2536197242252507,-0.1691376911242345,0.22158274813615186,0.1889153401777104,-0.12870931614139614,0.20113839789449983,0.14204428097387778,0.2641350755405689,-0.21743564839502905,0.24624065081040447,-0.01893838874904552
IYW,iShares U.S. Technology ETF,2000-05-19,NA,-0.3206152282353971,-0.2865044900268082,-0.3890976927190599,0.49261532941162645,0.013401947556979099,0.027672171753091446,0.09954738040454769,0.14958020253234583,-0.43147768093293737,0.6380838237267867,0.12411702703328809,-0.0012970482162829589,0.11678965066688596,0.26567242279668624,0.1945850818322281,0.03683881636179498,0.13718248335333483,0.36602338601596074,-0.009338564322312837,0.4664450700496874,0.4745275323719822,0.3544175833277783,-0.34826036481876843,0.6553356684251876,0.0031771844370545033
IYY,iShares Dow Jones U.S. ETF,2000-06-16,NA,-0.090683984782995,-0.12003478027761405,-0.22399069430677387,0.3079104776066657,0.11896321154687017,0.05999981910015473,0.15298890760022532,0.057718131341353285,-0.3707191618049216,0.28262489305053684,0.16484879891307958,0.01151347972656791,0.1610852802588838,0.32652741715570666,0.12870869303654975,0.003947087516059655,0.11984967278793879,0.2132562507481155,-0.0516196508666843,0.30776352944481067,0.2009753061325359,0.26374700594014744,-0.19574131415425156,0.26475771621844424,-2.574339621653765e-4
IYZ,iShares U.S. Telecommunications ETF,2000-05-26,NA,-0.29363815734820253,-0.18243028581737253,-0.3858711907079587,0.13768266283908148,0.18278257201165116,-0.025769423767817656,0.3257132262200153,0.014672580000561153,-0.4202395633418823,0.2624465720222444,0.20668507954969018,-0.07420212032954676,0.18657355754759286,0.2618546872367209,0.006802878051969552,0.0021614185329041913,0.2275816410652478,-0.11859693051134712,-0.08589742859481231,0.16139424985573725,0.04127225971620918,0.11690161270606292,-0.30286301815901173,0.039034966961551065,-0.0013181320889196213
JANT,AllianzIM U.S. Large Cap Buffer10 Jan ETF,2021-01-04,NA,NA,NA,NA,NA,NA,NA,NA,NA,NA,NA,NA,NA,NA,NA,NA,NA,NA,NA,NA,NA,NA,0.13685822605041387,-0.10315490754531187,0.2292095600236601,0.001800693082842475
JANW,AllianzIM U.S. Large Cap Buffer20 Jan ETF,2021-01-04,NA,NA,NA,NA,NA,NA,NA,NA,NA,NA,NA,NA,NA,NA,NA,NA,NA,NA,NA,NA,NA,NA,0.07000688268405963,-0.006012771279301221,0.1455575940668985,0.0019802433927993413
JANZ,TrueShares Structured Outcome (January) ETF,2021-01-05,NA,NA,NA,NA,NA,NA,NA,NA,NA,NA,NA,NA,NA,NA,NA,NA,NA,NA,NA,NA,NA,NA,0.21232876712328763,-0.1142418252657782,0.1909576655399201,0.0030807035889104384
JAVA,JPMorgan Active Value ETF,2021-10-05,NA,NA,NA,NA,NA,NA,NA,NA,NA,NA,NA,NA,NA,NA,NA,NA,NA,NA,NA,NA,NA,NA,0.052320808006608654,-0.008778362015708696,0.10456599733897187,-0.008809742416025723
JCTR,JPMorgan Carbon Transition U.S. Equity ETF,2020-12-10,NA,NA,NA,NA,NA,NA,NA,NA,NA,NA,NA,NA,NA,NA,NA,NA,NA,NA,NA,NA,NA,0.021060377988543877,0.2985592874841272,-0.18757107746702817,0.2751145047375616,0.002696692029398484
JEPI,JPMorgan Equity Premium Income ETF,2020-05-21,NA,NA,NA,NA,NA,NA,NA,NA,NA,NA,NA,NA,NA,NA,NA,NA,NA,NA,NA,NA,NA,0.18614316741616066,0.215250120225833,-0.03489590008276244,0.06981562580420753,0.005820292788078163
JEPY,Tidal Trust II Defiance S&P 500 Enhanced Options Income ETF,2023-09-19,NA,NA,NA,NA,NA,NA,NA,NA,NA,NA,NA,NA,NA,NA,NA,NA,NA,NA,NA,NA,NA,NA,NA,NA,0.05838275560590622,-0.0011086727687722453
JETD,Bank Of Montreal MAX Airlines -3X Inverse Leveraged ETNs,2023-06-26,NA,NA,NA,NA,NA,NA,NA,NA,NA,NA,NA,NA,NA,NA,NA,NA,NA,NA,NA,NA,NA,NA,NA,NA,-0.0028784082400145072,0.10704835765900067
JETU,Bank Of Montreal MAX Airlines 3X Leveraged ETNs,2023-06-20,NA,NA,NA,NA,NA,NA,NA,NA,NA,NA,NA,NA,NA,NA,NA,NA,NA,NA,NA,NA,NA,NA,NA,NA,-0.1691560363769531,-0.11586763976397507
JFWD,Jacob Funds Inc. Jacob Forward ETF,2021-07-14,NA,NA,NA,NA,NA,NA,NA,NA,NA,NA,NA,NA,NA,NA,NA,NA,NA,NA,NA,NA,NA,NA,-0.07794112737363579,-0.565346828927167,0.3464272240442754,-0.03790791313546327
JGRO,J.P. Morgan Exchange-Traded Fund Trust JPMorgan Active Growth ,2022-08-09,NA,NA,NA,NA,NA,NA,NA,NA,NA,NA,NA,NA,NA,NA,NA,NA,NA,NA,NA,NA,NA,NA,NA,-0.10034390230181545,0.37741635665350226,0.011785909623583946
JHAC,John Hancock Exchange-Traded Fund Trust John Hancock Fundament,2023-11-06,NA,NA,NA,NA,NA,NA,NA,NA,NA,NA,NA,NA,NA,NA,NA,NA,NA,NA,NA,NA,NA,NA,NA,NA,0.14374909323505447,-0.008281824231942791
JHDV,John Hancock Exchange-Traded Fund Trust John Hancock U.S. High,2022-09-30,NA,NA,NA,NA,NA,NA,NA,NA,NA,NA,NA,NA,NA,NA,NA,NA,NA,NA,NA,NA,NA,NA,NA,0.11253625232894926,0.15988786156182022,3.9559310165104833e-4
JHML,John Hancock Multifactor Large Cap ETF,2015-09-30,NA,NA,NA,NA,NA,NA,NA,NA,NA,NA,NA,NA,NA,NA,NA,NA,0.06381648956869768,0.11968164742113463,0.21521338258675682,-0.06456672203208025,0.3093619353846342,0.1701833902084764,0.26904687173575015,-0.1594312510053485,0.21158960666671445,-0.0017004299691069091
JHMM,John Hancock Multifactor Mid Cap ETF,2015-09-29,NA,NA,NA,NA,NA,NA,NA,NA,NA,NA,NA,NA,NA,NA,NA,NA,0.06084902233598144,0.13388146115113186,0.19958858259682444,-0.09569451574027599,0.3000915713434922,0.16218374009458736,0.24543702970584724,-0.1529962646043681,0.14534442008016613,-0.01576145117285277
JHSC,John Hancock Multifactor Small Cap ETF,2017-11-09,NA,NA,NA,NA,NA,NA,NA,NA,NA,NA,NA,NA,NA,NA,NA,NA,NA,NA,0.044818059044078096,-0.12498894017558437,0.2443103772489521,0.11593551559159776,0.19545969516330142,-0.14651898182925527,0.20776139643754665,-0.027208808697038234
JIRE,J.P. Morgan Exchange-Traded Fund Trust JPMorgan International ,2022-06-15,NA,NA,NA,NA,NA,NA,NA,NA,NA,NA,NA,NA,NA,NA,NA,NA,NA,NA,NA,NA,NA,NA,NA,0.053570119904108315,0.20002693064442578,-0.003080087429939038
JMEE,J.P. Morgan Exchange-Traded Fund Trust JPMorgan Market Expansi,2022-05-09,NA,NA,NA,NA,NA,NA,NA,NA,NA,NA,NA,NA,NA,NA,NA,NA,NA,NA,NA,NA,NA,NA,NA,0.013686478007719938,0.18124697394558242,-0.021411240565708756
JMOM,JPMorgan U.S. Momentum Factor ETF,2017-11-09,NA,NA,NA,NA,NA,NA,NA,NA,NA,NA,NA,NA,NA,NA,NA,NA,NA,NA,0.03318319687146931,-0.05247262152281684,0.2824205837033764,0.2924345202939007,0.2503109678097817,-0.2083487146396723,0.22884391307745422,0.005272394092701971
JOET,Virtus ETF Trust II Virtus Terranova U.S. Quality Momentum ETF,2020-11-19,NA,NA,NA,NA,NA,NA,NA,NA,NA,NA,NA,NA,NA,NA,NA,NA,NA,NA,NA,NA,NA,0.052316684572486505,0.2678848712418851,-0.1803638521073181,0.1633962421906383,-0.00749672555242864
JPEF,JPMorgan Equity Focus ETF,2023-07-31,NA,NA,NA,NA,NA,NA,NA,NA,NA,NA,NA,NA,NA,NA,NA,NA,NA,NA,NA,NA,NA,NA,NA,NA,0.05313623201039941,0.011380850914803675
JPME,JPMorgan Diversified Return U.S. Mid Cap Equity ETF,2016-06-21,NA,NA,NA,NA,NA,NA,NA,NA,NA,NA,NA,NA,NA,NA,NA,NA,NA,0.06765080692110859,0.19085202541506496,-0.08916067847579678,0.25869139571771904,0.08456589220729271,0.2889801677275423,-0.10123619672510187,0.1128206791508688,-0.009828142443047083
JPMO,Tidal Trust II YieldMax JPM Option Income Strategy ETF,2023-09-12,NA,NA,NA,NA,NA,NA,NA,NA,NA,NA,NA,NA,NA,NA,NA,NA,NA,NA,NA,NA,NA,NA,NA,NA,0.05082746327480647,0.007850348816037966
JPSE,JPMorgan Diversified Return U.S. Small Cap Equity ETF,2016-11-22,NA,NA,NA,NA,NA,NA,NA,NA,NA,NA,NA,NA,NA,NA,NA,NA,NA,0.024897097586251915,0.14381115682189893,-0.08613673622383622,0.22948157980170958,0.12491956408277449,0.2930606545782808,-0.14393768261609052,0.15875027315726453,-0.034410723822704936
JPSV,J.P. Morgan Exchange-Traded Fund Trust JPMorgan Active Small C,2023-03-08,NA,NA,NA,NA,NA,NA,NA,NA,NA,NA,NA,NA,NA,NA,NA,NA,NA,NA,NA,NA,NA,NA,NA,NA,0.0972255557750572,-0.03243947466005204
JQUA,JPMorgan U.S. Quality Factor ETF,2017-11-09,NA,NA,NA,NA,NA,NA,NA,NA,NA,NA,NA,NA,NA,NA,NA,NA,NA,NA,0.050708280992513455,-0.029773720915387658,0.28470092412032644,0.16563767364641624,0.28682958908735645,-0.13449063952828388,0.25135091950696054,0.008984544498371383
JRNY,ALPS Global Travel Beneficiaries ETF,2021-09-09,NA,NA,NA,NA,NA,NA,NA,NA,NA,NA,NA,NA,NA,NA,NA,NA,NA,NA,NA,NA,NA,NA,-0.002635831451270776,-0.19744074576255055,0.19879318278489033,-0.02032112617466708
JSMD,Janus Henderson Small/Mid Cap Growth Alpha ETF,2016-02-25,NA,NA,NA,NA,NA,NA,NA,NA,NA,NA,NA,NA,NA,NA,NA,NA,NA,0.24333299481917825,0.24453816756511526,-0.04729852645069943,0.31053639945771283,0.3079360236727544,0.08405481667020864,-0.22844657069979457,0.26808732077211594,-0.029388489037474264
JSML,Janus Henderson Small Cap Growth Alpha ETF,2016-02-25,NA,NA,NA,NA,NA,NA,NA,NA,NA,NA,NA,NA,NA,NA,NA,NA,NA,0.21496482803309114,0.20936656715108115,-0.02532933139658089,0.3249927636586767,0.35381230286264564,0.03080586214677261,-0.29397709763276325,0.30094198772110303,-0.039322028725834235
JULD,Innovator ETFs Trust Innovator Premium Income 10 Barrier ETF -,2023-07-03,NA,NA,NA,NA,NA,NA,NA,NA,NA,NA,NA,NA,NA,NA,NA,NA,NA,NA,NA,NA,NA,NA,NA,NA,0.04998793524631373,0.004844973895200111
JULH,Innovator ETFs Trust Innovator Premium Income 20 Barrier ETF -,2023-07-03,NA,NA,NA,NA,NA,NA,NA,NA,NA,NA,NA,NA,NA,NA,NA,NA,NA,NA,NA,NA,NA,NA,NA,NA,0.044389435204303496,0.005047245919760801
JULJ,Innovator ETFs Trust Innovator Premium Income 30 Barrier ETF -,2023-07-03,NA,NA,NA,NA,NA,NA,NA,NA,NA,NA,NA,NA,NA,NA,NA,NA,NA,NA,NA,NA,NA,NA,NA,NA,0.035390760789607345,0.003815310126849436
JULQ,Innovator ETFs Trust Innovator Premium Income 40 Barrier ETF -,2023-07-03,NA,NA,NA,NA,NA,NA,NA,NA,NA,NA,NA,NA,NA,NA,NA,NA,NA,NA,NA,NA,NA,NA,NA,NA,0.03209402886329027,0.002814058083385751
JULT,AllianzIM U.S. Large Cap Buffer10 Jul ETF,2020-07-01,NA,NA,NA,NA,NA,NA,NA,NA,NA,NA,NA,NA,NA,NA,NA,NA,NA,NA,NA,NA,NA,0.10695083864180388,0.095978428625912,-0.05568815486651324,0.21339057790025517,0.0023810069847565174
JULW,AllianzIM U.S. Large Cap Buffer20 Jul ETF,2020-07-01,NA,NA,NA,NA,NA,NA,NA,NA,NA,NA,NA,NA,NA,NA,NA,NA,NA,NA,NA,NA,NA,0.0609931353625206,0.04598805721590682,-0.010890343033630234,0.160541580858802,0.0035255993690099796
JULZ,TrueShares Structured Outcome (July) ETF,2020-07-02,NA,NA,NA,NA,NA,NA,NA,NA,NA,NA,NA,NA,NA,NA,NA,NA,NA,NA,NA,NA,NA,0.15982016198140414,0.2066444738141442,-0.09345713503839903,0.17645421799974104,0.00163108859502481
JUNT,AIM ETF Products Trust AllianzIM U.S. Large Cap Buffer10 Jun E,2023-06-01,NA,NA,NA,NA,NA,NA,NA,NA,NA,NA,NA,NA,NA,NA,NA,NA,NA,NA,NA,NA,NA,NA,NA,NA,0.10360538014388099,0.004667064090886575
JUNW,AIM ETF Products Trust AllianzIM U.S. Large Cap Buffer20 Jun E,2023-06-01,NA,NA,NA,NA,NA,NA,NA,NA,NA,NA,NA,NA,NA,NA,NA,NA,NA,NA,NA,NA,NA,NA,NA,NA,0.0715701964440576,0.0049214182938768225
JUNZ,TrueShares Structured Outcome (June) ETF,2021-06-01,NA,NA,NA,NA,NA,NA,NA,NA,NA,NA,NA,NA,NA,NA,NA,NA,NA,NA,NA,NA,NA,NA,0.09809380699143877,-0.12967904497591376,0.1727759570445664,0.00106731259921089
JUST,Goldman Sachs JUST U.S. Large Cap Equity ETF,2018-06-14,NA,NA,NA,NA,NA,NA,NA,NA,NA,NA,NA,NA,NA,NA,NA,NA,NA,NA,NA,-0.09733858325918521,0.3153651506983175,0.1914923853202657,0.26895746331809445,-0.17884086737387994,0.24431689262729472,0.005119974748656775
JVAL,JPMorgan U.S. Value Factor ETF,2017-11-09,NA,NA,NA,NA,NA,NA,NA,NA,NA,NA,NA,NA,NA,NA,NA,NA,NA,NA,0.05241214233501568,-0.08941711926451779,0.28365728272659996,0.06431264762070765,0.31315003085795956,-0.11587546553147754,0.1948333095867456,-0.008035286640175388
KAPR,Innovator U.S. Small Cap Power Buffer ETF - April,2020-04-01,NA,NA,NA,NA,NA,NA,NA,NA,NA,NA,NA,NA,NA,NA,NA,NA,NA,NA,NA,NA,NA,0.21171802554183428,0.02475343090239912,-0.08140214577755078,0.15358459591759965,-0.02293218448264389
KBE,SPDR S&P Bank ETF,2005-11-15,NA,NA,NA,NA,NA,NA,0.01896018424469026,0.1612903734775597,-0.216572236228331,-0.4728201106381408,-0.017550889396153346,0.230555297611577,-0.22058319041118046,0.22732557403746156,0.41378083544473543,0.02761507983899847,0.024944890747883086,0.30805483887231677,0.1048959197191841,-0.19644617750570037,0.29777232925598884,-0.08749697842664528,0.33464581616086164,-0.1483379856601782,0.053005865614580205,-0.026510239212683584
KBWD,Invesco KBW High Dividend Yield Financial ETF,2010-12-02,NA,NA,NA,NA,NA,NA,NA,NA,NA,NA,NA,0.039042743254489753,-0.00593377270787987,0.16294108744832392,0.18378938467761552,0.08301332857520172,-0.10238217514424164,0.20505003367735175,0.12045903885664999,-0.08698557448615019,0.2073376306190129,-0.15593825596804156,0.3190363610514275,-0.19143185673050767,0.2022126087774656,0.012610328726011977
KBWY,Invesco KBW Premium Yield Equity REIT ETF,2010-12-02,NA,NA,NA,NA,NA,NA,NA,NA,NA,NA,NA,0.03193576505187923,-0.0508755921206171,0.28843637589388527,0.10734428955498743,0.2372949579894994,-0.08147303980441678,0.33048596748923065,0.008152616404064394,-0.18198215540521667,0.2336316533696461,-0.2582913345474649,0.31230922196012156,-0.19006677069983724,0.12878509032195162,-0.0510406675455467
KCE,SPDR S&P Capital Markets ETF,2005-11-15,NA,NA,NA,NA,NA,NA,0.015600074914480677,0.2853115936756099,0.006171019790499832,-0.6018108378424629,0.41149981226608956,0.06236066848237409,-0.25360471484862446,0.2694844651288286,0.4987820816182196,0.031829105747331,-0.12328139022794204,0.05568476279384815,0.32004579413760403,-0.15627571151579644,0.27131804984202845,0.3014606941558704,0.4004295296460776,-0.2213588318082823,0.3204101453769732,-0.028537840808798065
KIE,SPDR S&P Insurance ETF,2005-11-15,NA,NA,NA,NA,NA,NA,0.001952037151015329,0.08868230065157379,-0.057155430879304414,-0.4659350778238095,0.2798644899614986,0.2607076862065072,-0.12076762768738603,0.20717447228487051,0.4563734712982914,0.07692732560704707,0.05968244449697946,0.21416788085580363,0.1283098659762949,-0.059929230968628455,0.271869547933562,-0.030386403854667177,0.22750812199067405,0.03484820010394496,0.12180716331027863,0.020566127378828902
KJAN,Innovator U.S. Small Cap Power Buffer ETF - January,2020-01-02,NA,NA,NA,NA,NA,NA,NA,NA,NA,NA,NA,NA,NA,NA,NA,NA,NA,NA,NA,NA,NA,0.08732332924631092,0.11724143192685887,-0.07685190003704023,0.1471080424047413,-0.01719615648419015
KJUL,Innovator U.S. Small Cap Power Buffer ETF - July,2020-07-02,NA,NA,NA,NA,NA,NA,NA,NA,NA,NA,NA,NA,NA,NA,NA,NA,NA,NA,NA,NA,NA,0.11704889018888287,0.025062922554554223,-0.08438514891727944,0.11779273105652277,-0.01971718026504421
KNCT,Invesco Next Gen Connectivity ETF,2005-06-23,NA,NA,NA,NA,NA,NA,0.03647215156863459,0.12156127753177115,0.02909283304907384,-0.3835919994249206,0.6312948993763283,0.46459539184895804,-0.08201037736695582,0.04527425457054446,0.25598341048835316,0.10604621971744055,-0.00915855287668621,0.17223465166075513,0.15411051814241405,0.05782886782670671,0.2634502636069225,0.3914545522036641,0.21504314541390035,-0.29537224869646606,0.273990981497616,-0.008951583609394187
KNG,FT Vest S&P 500 Dividend Aristocrats Target Income ETF,2018-03-27,NA,NA,NA,NA,NA,NA,NA,NA,NA,NA,NA,NA,NA,NA,NA,NA,NA,NA,NA,-0.008408382383297108,0.26643389901429004,0.07206198106095418,0.23653472561803435,-0.07027355247434053,0.06692253188753261,-0.0032895120479624618
KNGS,Roundhill ETF Trust Roundhill S&P Dividend Monarchs ETF,2023-11-01,NA,NA,NA,NA,NA,NA,NA,NA,NA,NA,NA,NA,NA,NA,NA,NA,NA,NA,NA,NA,NA,NA,NA,NA,0.12100360853596337,-0.00828542700409396
KNGZ,First Trust S&P 500 Diversified Dividend Aristocrats ETF,2017-06-26,NA,NA,NA,NA,NA,NA,NA,NA,NA,NA,NA,NA,NA,NA,NA,NA,NA,NA,0.09355119307635884,-0.0711120072693564,0.2734164905282168,0.05509981325969515,0.2899259944239627,-0.07547850410908563,0.09770136459924128,-0.007764736143480833
KOCT,Innovator U.S. Small Cap Power Buffer ETF - October,2019-10-01,NA,NA,NA,NA,NA,NA,NA,NA,NA,NA,NA,NA,NA,NA,NA,NA,NA,NA,NA,NA,0.05280072455306817,0.025712009528292556,0.056691064251976675,-0.07872261379718937,0.0902032414726186,-0.01119188079403921
KONG,ETF Opportunities Trust Formidable Fortress ETF,2021-07-22,NA,NA,NA,NA,NA,NA,NA,NA,NA,NA,NA,NA,NA,NA,NA,NA,NA,NA,NA,NA,NA,NA,0.050699228053958434,-0.09626127313204247,0.12711260428303262,-0.004540326819818419
KRE,SPDR S&P Regional Banking ETF,2006-06-22,NA,NA,NA,NA,NA,NA,NA,0.06009648990182859,-0.21940746218183038,-0.18552726546288778,-0.21922114811089854,0.2065462821535633,-0.059675459719267465,0.16906631778152081,0.47521108855999983,0.018386690309819098,0.04852638253420549,0.3497883501474841,0.07485748720645358,-0.19007392220776775,0.27443026879123544,-0.0742687464966999,0.39292743873183755,-0.15079871857956872,-0.07610390418784596,-0.038909038787969585
KRMA,Global X Conscious Companies ETF,2016-07-12,NA,NA,NA,NA,NA,NA,NA,NA,NA,NA,NA,NA,NA,NA,NA,NA,NA,0.05638137715475078,0.22923981416444583,-0.03891176549778652,0.3007400773386333,0.1752703819689052,0.2771072272062689,-0.18962604316762988,0.22075873060533557,-0.0035928964401109598
KRUZ,Series Portfolios Trust Unusual Whales Subversive Republican T,2023-02-07,NA,NA,NA,NA,NA,NA,NA,NA,NA,NA,NA,NA,NA,NA,NA,NA,NA,NA,NA,NA,NA,NA,NA,NA,0.10157400347677581,-0.007765678438051871
KVLE,KraneShares Value Line Dynamic Dividend Equity Index ETF,2020-11-24,NA,NA,NA,NA,NA,NA,NA,NA,NA,NA,NA,NA,NA,NA,NA,NA,NA,NA,NA,NA,NA,0.013639097190687233,0.2801219337555929,-0.059625418170630606,0.10486797790385838,-0.009979669403950897
LBAY,Leatherback Long/Short Alternative Yield ETF,2020-11-17,NA,NA,NA,NA,NA,NA,NA,NA,NA,NA,NA,NA,NA,NA,NA,NA,NA,NA,NA,NA,NA,0.04575635957708957,0.22270818077136534,0.22406597211086798,-0.08803973120407571,0.004507129761722073
LBO,EA Series Trust WHITEWOLF Publicly Listed Private Equity ETF,2023-11-30,NA,NA,NA,NA,NA,NA,NA,NA,NA,NA,NA,NA,NA,NA,NA,NA,NA,NA,NA,NA,NA,NA,NA,NA,0.07273501637962876,0.0011191363275822042
LCF,Touchstone ETF Trust Touchstone US Large Cap Focused ETF,2022-08-18,NA,NA,NA,NA,NA,NA,NA,NA,NA,NA,NA,NA,NA,NA,NA,NA,NA,NA,NA,NA,NA,NA,NA,-0.07951271079759059,0.2620167981444501,0.005061193524529273
LCG,Sterling Capital Focus Equity ETF,2020-08-27,NA,NA,NA,NA,NA,NA,NA,NA,NA,NA,NA,NA,NA,NA,NA,NA,NA,NA,NA,NA,NA,0.0542481303113993,0.15754822207397723,-0.35144148712097023,0.4353392248831627,-0.00772469511553997
LCLG,Advisors Series Trust Logan Capital Broad Innovative Growth ET,2022-08-08,NA,NA,NA,NA,NA,NA,NA,NA,NA,NA,NA,NA,NA,NA,NA,NA,NA,NA,NA,NA,NA,NA,NA,-0.08577823266941753,0.35449829653046994,-0.018705075458797515
LCTU,BlackRock U.S. Carbon Transition Readiness ETF,2021-04-08,NA,NA,NA,NA,NA,NA,NA,NA,NA,NA,NA,NA,NA,NA,NA,NA,NA,NA,NA,NA,NA,NA,0.17491179549744862,-0.20020459519910938,0.2537911999695157,0.0023691354404835607
LEAD,Siren DIVCON Leaders Dividend ETF,2016-01-06,NA,NA,NA,NA,NA,NA,NA,NA,NA,NA,NA,NA,NA,NA,NA,NA,NA,0.09904065554466412,0.24894812823516088,-0.06630641263193371,0.3374647567310056,0.23407205393370623,0.29687164278485634,-0.1815919710588283,0.2578300196781518,-0.010687299065116895
LFEQ,VanEck Long/Flat Trend ETF,2017-10-09,NA,NA,NA,NA,NA,NA,NA,NA,NA,NA,NA,NA,NA,NA,NA,NA,NA,NA,0.04885273195916051,-0.055458584178946,0.24066652216968198,0.17564031929649526,0.2796637945930973,-0.22045911340562951,0.1965607872667745,0.0033185268999509354
LGLZ,Tidal ETF Trust Subversive Cannabis ETF,2023-09-19,NA,NA,NA,NA,NA,NA,NA,NA,NA,NA,NA,NA,NA,NA,NA,NA,NA,NA,NA,NA,NA,NA,NA,NA,-0.18715472159942348,0.15533137931516916
